Eines Tages fand ein kleines Mädchen namens Lily eine Nadel in ihrem Zimmer. Sie wusste, dass es schwierig war, damit zu spielen, weil sie so scharf war. Lily wollte die Nadel mit ihrer Mutter teilen, damit sie einen Knopf an ihr Hemd nähen konnte.\n\nLily ging zu ihrer Mutter und sagte: „Mama, ich habe diese Nadel gefunden. Kannst du sie mit mir teilen und mein Hemd nähen?“ Ihre Mutter lächelte und sagte: „Ja, Lily, wir können die Nadel teilen und dein Hemd nähen.“\n\nSie teilten sich gemeinsam die Nadel und nähten den Knopf an Lilys Hemd. Es fiel ihnen nicht schwer, denn sie teilten und halfen sich gegenseitig. Nachdem sie fertig waren, dankte Lily ihrer Mutter dafür, dass sie die Nadel geteilt und ihr Hemd geflickt hatte. Sie waren beide glücklich, weil sie geteilt und zusammengearbeitet hatten.
Es war einmal ein kleines Auto namens Beep. Beep liebte es, schnell zu fahren und in der Sonne zu spielen. Beep war ein gesundes Auto, denn er hatte immer guten Sprit. Guter Sprit machte Beep glücklich und stark.\n\nEines Tages fuhr Beep im Park, als er einen großen Baum sah. Viele Blätter fielen von dem Baum. Beep mochte es, wie die Blätter fielen, und wollte damit spielen. Beep fuhr unter den Baum und sah zu, wie die Blätter auf ihn fielen. Er lachte und hupte.\n\nBeep spielte den ganzen Tag mit den fallenden Blättern. Als es Zeit war, nach Hause zu fahren, wusste Beep, dass er mehr Sprit brauchte. Er ging zur Tankstelle und holte sich gesunden Sprit. Nun war Beep bereit, am nächsten Tag wieder schnell zu fahren und zu spielen. Und Beep lebte glücklich bis ans Ende seiner Tage.
Eines Tages schwamm ein kleiner Fisch namens Fin in Ufernähe. Er sah eine große Krabbe und wollte mit ihr befreundet sein. „Hallo, ich bin Fin. Willst du spielen?“, fragte der kleine Fisch. Die Krabbe sah Fin an und sagte: „Nein, ich will nicht spielen. Mir ist kalt und ich fühle mich nicht wohl.“\n\nFin war traurig, wollte der Krabbe aber helfen. Er schwamm weg und überlegte sich einen Plan. Ihm fiel ein, dass die Sonne Dinge erwärmen konnte. Also schwamm Fin an die Wasseroberfläche und rief der Sonne zu: „Bitte, Sonne, hilf meinem neuen Freund, sich wohlzufühlen und nicht zu frieren!“\n\nDie Sonne hörte Fins Ruf und strahlte ihr warmes Licht ans Ufer. Der Krabbe ging es besser und ihr war nicht mehr so ​​kalt. Er sah Fin und sagte: „Danke, kleiner Fisch, dass du mir geholfen hast. Ich habe jetzt nicht das Gefühl, dass ich frieren werde. Lass uns zusammen spielen!“ Und so spielten Fin und die Krabbe und wurden gute Freunde.
Es war einmal in einem Land voller Bäume ein kleiner Kirschbaum. Der Kirschbaum war sehr traurig, weil er keine Freunde hatte. Alle anderen Bäume waren groß und stark, aber der Kirschbaum war klein und schwach. Er beneidete die großen Bäume.\n\nEines Tages spürte der Kirschbaum ein Kitzeln in seinen Zweigen. Es war ein leichter Frühlingswind. Der Wind sagte dem Kirschbaum, er solle nicht traurig sein. Der Wind sagte: „Du bist etwas Besonderes, denn du hast süße Kirschen, die jeder liebt.“ Dem Kirschbaum ging es allmählich besser.\n\nMit der Zeit wuchsen immer mehr Kirschen am Kirschbaum. Alle Tiere des Landes kamen, um die Kirschen zu essen und unter dem Kirschbaum zu spielen. Der Kirschbaum war glücklich, weil er nun viele Freunde hatte. Er lernte, dass Anderssein etwas Gutes sein kann. Und sie lebten alle glücklich bis ans Ende ihrer Tage.
Es war einmal ein kleines Mädchen namens Lily. Lily tat gerne so, als wäre sie eine beliebte Prinzessin. Sie lebte mit ihren besten Freunden, einer Katze und einem Hund, in einem großen Schloss.\n\nEines Tages fand Lily beim Spielen im Schloss ein großes Spinnennetz. Das Spinnennetz störte sie beim Spielen. Sie wollte es loswerden, hatte aber Angst vor der Spinne, die darin lebte.\n\nLily bat ihre Freunde, die Katze und den Hund, ihr zu helfen. Gemeinsam säuberten sie das Spinnennetz. Die Spinne war traurig, fand aber draußen ein neues Zuhause. Lily, die Katze und der Hund waren froh, dass sie ohne das Spinnennetz spielen konnten. Und sie lebten glücklich bis ans Ende ihrer Tage.
Es war einmal ein braunes Kajak auf einem großen See. Das braune Kajak wälzte sich den ganzen Tag gern im Wasser. Es war sehr glücklich, wenn es im See planschen und rollen konnte.\n\nEines Tages kam ein kleiner Junge namens Tim, um mit dem braunen Kajak zu spielen. Tim und das braune Kajak wälzten sich gemeinsam im Wasser. Sie lachten und hatten viel Spaß. Die Sonne schien und das Wasser war warm.\n\nNach einer Weile war es Zeit für Tim, nach Hause zu gehen. Er verabschiedete sich von dem braunen Kajak und umarmte es fest. Das braune Kajak war traurig, Tim gehen zu sehen, aber es wusste, dass sie bald wieder zusammen spielen würden. Also wälzte sich das braune Kajak weiter im Wasser und freute sich auf den nächsten lustigen Tag mit Tim.
Es war einmal in einer Kleinstadt ein kleines Mädchen namens Lily. Sie war immer traurig, weil sie ihr Lieblingsspielzeug, ein Dreieck, verloren hatte. Sie suchte überall im Haus, konnte es aber nicht finden.\n\nEines sonnigen Tages ging Lily zum Spielen in den Park. Sie sah eine große Wasserpfütze und dachte, ihr Dreieck könnte dort sein. Sie tauchte ihre Hand ins Wasser, um sie aufzusaugen, und suchte nach ihrem Spielzeug. Sie spürte etwas am Boden der Pfütze.\n\nLily zog es heraus und sah, dass es ihr Dreieck war! Sie war so glücklich, es gefunden zu haben. Von diesem Tag an war Lily nie wieder beunruhigt. Sie spielte jeden Tag mit ihrem Dreieck und trug es immer bei sich. Und wenn sie Pfützen sah, lächelte sie und erinnerte sich daran, wie sie ihr Spielzeug gefunden hatte.
Es war einmal in einer friedlichen Stadt ein kleiner Junge namens Tim. Tim liebte es, draußen zu rennen und zu spielen. Eines Tages sah Tim ein Rennen im Park. Er war ganz aufgeregt und wollte unbedingt mitmachen.\n\nTim ging zu seiner Freundin Sarah und sagte: „Lasst uns starten!“ Sarah lächelte und sagte: „Ja, los geht‘s!“ Sie stellten sich mit den anderen Kindern auf und warteten auf den Start. Als sie das Wort „Los!“ hörten, rannten sie los, so schnell sie konnten.\n\nTim und Sarah rannten, so schnell sie konnten, lachend und voller Spaß. Sie spürten den Wind in ihren Haaren, als sie der Ziellinie entgegenrasten. Am Ende gewann Tim das Rennen und Sarah wurde Zweite. Sie waren beide so glücklich und stolz auf sich. Sie feierten mit ihren Freunden und verbrachten einen tollen Tag im Park.
Es war einmal ein kluger kleiner Hund namens Max. Max liebte es, mit seinen Freunden im Park herumzurennen und zu spielen. Eines Tages rannte Max sehr schnell, als er hinfiel und sich das Knie verletzte.\n\nMax ging zu seiner Freundin, der weisen alten Eule, und sagte: „Eule, mein Knie tut weh. Was kann ich tun?“ Die Eule dachte kurz nach und sagte: „Max, du solltest dein Knie testen. Geh langsam und schau, ob es noch weh tut.“\n\nAlso testete Max sein Knie, indem er langsam ging. Zuerst tat es ein wenig weh, aber bald ging es Max besser. Er sagte: „Danke, Eule, für deine Hilfe. Jetzt kann ich wieder mit meinen Freunden spielen.“\n\nMax war so glücklich, dass er ohne Schmerzen mit seinen Freunden spielen konnte. Er lernte, dass es manchmal gut tut, langsamer zu machen und auf seinen Körper zu hören. Und von da an spielten Max und seine Freunde glücklich im Park.
Eines Tages machte ein schneller Fahrer namens Tim eine Spritztour in seinem lauten Auto. Er liebte es, die Straße entlang zu rasen und den Wind in seinen Haaren zu spüren. Unterwegs sah er seinen Freund Sam am Straßenrand stehen.\n\n„Hallo, Sam!“, rief Tim. „Willst du mitfahren?“\n\n„Ja, bitte!“, sagte Sam und stieg ein. Sie fuhren schnell und lustig durch die Stadt. Das Auto war sehr laut, und jeder konnte sie kommen hören.\n\nEndlich hielten sie im Park an, um zu spielen. Sie rannten und lachten, bis es Zeit war, nach Hause zu gehen. Tim und Sam hatten einen tollen Tag zusammen, rasten in dem lauten Auto und spielten im Park.
Es war einmal ein großes Auto namens Dependable. Es hatte eine sehr wichtige Aufgabe: Dependable fuhr jeden Tag eine Familie in den Park. Die Familie bestand aus einer Mutter, einem Vater und einer kleinen Tochter namens Lily. Sie alle liebten sich sehr.\n\nEines Tages, als sie im Park ankamen, sahen sie ein großes Schild mit der Aufschrift: „Heute ist ein lustiges Rennen!“ Die Familie war ganz aufgeregt. Sie wussten, dass Dependable sehr schnell war und das Rennen gewinnen konnte. Also beschlossen sie, mitzumachen.\n\nDas Rennen startete, und Dependable fuhr sehr schnell. Die anderen Autos versuchten aufzuholen, aber Dependable war zu schnell. Am Ende gewann Dependable das Rennen! Die Familie war so glücklich und stolz auf ihr Auto. Sie wussten, dass ihre Liebe zueinander und ihr Vertrauen in Dependable ihnen den Sieg ermöglicht hatten. Und von diesem Tag an hatten sie noch mehr Spaß im Park, da sie wussten, dass sie das schnellste und zuverlässigste Auto weit und breit hatten.
Es war einmal ein Junge namens Tim. Er trug gern einen großen, dunklen Hut. Der Hut war sein Lieblingsstück. Tim trug ihn überall hin.\n\nEines Tages fand Tim einen Bleistift auf dem Boden. Der Bleistift war klein und gelb. Tim mochte den Bleistift sehr. Er steckte ihn in seinen Hut und nahm ihn mit.\n\nTim malte mit dem Bleistift Bilder. Er malte eine Sonne, einen Baum und eine Katze. Tim war sehr glücklich mit seinem neuen Bleistift. Er trug seinen dunklen Hut und malte jeden Tag Bilder.
Eines Tages ging ein Mädchen namens Mia spazieren. Sie sah ein großes, unheimliches Haus. Es hatte eine hohe Tür und kleine Fenster. Mia war mutig und ging hinein.\n\nIm Haus sah Mia einen Vogelkäfig. Darin saß ein kleiner Vogel. Der Vogel war traurig. Er wollte fliegen und frei sein. Mia wollte ihm helfen.\n\nMia öffnete die Käfigtür. Der Vogel flog heraus und war glücklich. Er war nicht mehr unheimlich. Mia und der Vogel wurden Freunde. Sie spielten und hatten den ganzen Tag Spaß.
Es war einmal ein kleines Mädchen namens Amy in einem kleinen Haus. Amy war sehr müde. Sie zog ihren Schlafanzug an und ging ins Bett.\n\nMitten in der Nacht hörte Amy ein leises Geräusch. Sie öffnete die Augen und sah einen freundlichen Geist. Der Geist sagte: „Hallo, Amy! Ich bin hier, um dir zu helfen.“\n\nAmy fragte den Geist: „Kannst du mir helfen, einen Traum auszusuchen?“ Der Geist lächelte und sagte: „Natürlich! Lass uns einen schönen Traum für dich aussuchen.“ Gemeinsam suchten sie sich einen Traum aus, in dem sie mit vielen Freunden in einem großen Park spielten.\n\nAmy sagte: „Danke, Geist!“ Der Geist lächelte und sagte: „Gern geschehen. Jetzt schlaf weiter und genieße deinen Traum.“ Amy schloss die Augen und fühlte sich glücklich und geborgen mit ihrer neuen Freundin.\n\nUnd so hatte Amy dank des freundlichen Geistes einen wunderschönen Traum. Von dieser Nacht an besuchte der Geist Amy immer wieder und half ihr, die schönsten Träume auszusuchen, und sie wurden beste Freundinnen.
Es war einmal in einem großen Wald ein kleiner Pilz. Er war ganz allein. Die Sonne brannte sehr stark, und der Pilz mochte sie nicht. Er suchte einen Spielkameraden, der ihm half, sich vor der Sonne zu verstecken.\n\nEines Tages kam ein kleines Häschen vorbeigehüpft. Der Pilz rief: „Hallo, Häschen! Willst du mein Freund sein?“ Das Häschen sah den Pilz an und lächelte. „Klar, ich bin dein Freund. Lass uns zusammen spielen!“ Das Häschen und der Pilz spielten den ganzen Tag und waren sehr glücklich.\n\nWährend des Spiels bemerkte das Häschen, dass der Pilz Hilfe brauchte, um sich vor der grellen Sonne zu verstecken. Also grub es ein Loch in den Boden und legte den Pilz hinein. Nun war der Pilz sicher und kühl. Der Pilz und das Häschen waren beste Freunde und spielten jeden Tag im Wald.
Es war einmal eine Königin. Sie war eine sehr nette Königin. Sie besaß ein großes, schönes Schloss. Die Königin hatte jeden Tag viel zu tun. Aber heute wollte sie sich entspannen.\n\nDie Königin ging in den Park, um sich zu entspannen. Sie setzte sich auf weiches, grünes Gras. Die Königin sah ein Insekt. Das Insekt war ekelhaft. Die Königin mochte das ekelhafte Insekt nicht.\n\nDie Königin ging zurück in ihr Schloss. Sie war froh, von dem ekelhaften Insekt weg zu sein. Nun konnte die Königin in ihrem großen, schönen Schloss entspannen. Die Königin lächelte und hatte einen schönen Tag.
Es war einmal eine kleine weiße Katze namens Fluffy. Fluffy liebte es, mit ihrem besten Freund, einem kleinen Jungen namens Timmy, zu spielen. Sie spielten jeden Tag draußen in der Sonne. Fluffy jagte Timmy gern, und Timmy rannte gern.\n\nEines Tages lernte Timmy in der Schule ein neues Wort. Er wollte Fluffy das Wort auch beibringen. Timmy sagte: „Fluffy, das Wort heißt ‚Wiederhole‘. Kannst du ‚Wiederhole‘ sagen?“ Fluffy sah Timmy an und sagte: „Miau.“ Timmy lachte und sagte: „Nein, Fluffy, sag ‚Wiederhole‘.“\n\nFluffy versuchte es noch einmal und sagte: „Miau-Torf.“ Timmy klatschte in die Hände und sagte: „Gut gemacht, Fluffy! Du hast das Wort gesagt!“ Fluffy war sehr glücklich. Sie lernte gern neue Wörter mit Timmy. Von diesem Tag an spielten Fluffy und Timmy ein Spiel, bei dem sie sich gegenseitig neue Wörter beibrachten. Sie hatten viel Spaß zusammen und lebten glücklich bis ans Ende ihrer Tage.
Es war einmal ein großer Oktopus. Er lebte im tiefblauen Meer. Er hatte einen Freund, einen treuen Fisch. Sie spielten jeden Tag zusammen.\n\nEines Tages fanden der Oktopus und der Fisch einen großen Krug. Sie wollten zum Spaß Wasser über ihre Freunde gießen. Aber sie konnten sich nicht einigen, wer das Wasser gießen sollte. Der Oktopus sagte: „Ich will das Wasser gießen!“ Der Fisch sagte: „Nein, ich will das Wasser gießen!“ Sie waren nicht glücklich.\n\nDann hatte der Oktopus eine Idee. Er sagte: „Lasst uns beide das Wasser gießen!“ Dem Fisch gefiel die Idee. Sie nahmen gemeinsam den großen Krug und schütteten Wasser über alle ihre Freunde. Alle lachten und hatten Spaß. Der Oktopus und der Fisch waren wieder glücklich. Sie lernten zu teilen und miteinander zu spielen. Und sie lebten glücklich bis ans Ende ihrer Tage.
Eines Tages fand ein alberner Kater namens Tom einen Reifen im Garten. Er wollte damit spielen, aber er war zu groß. Tom überlegte lange, wie er den Reifen verkleinern könnte.\n\nTom hatte eine Idee. Er dehnte den Reifen, um ihn kleiner zu machen. Er legte seine Pfoten auf den Reifen und zog so fest er konnte. Der Reifen begann sich zu dehnen! Er wurde immer kleiner.\n\nNun hatte der Reifen genau die richtige Größe für Tom zum Spielen. Er sprang durch den Reifen und jagte ihn durch den Garten. Tom hatte so viel Spaß mit seinem neuen Spielzeug. Und das ist die Geschichte von dem albernen Kater und dem Reifen.
Es war einmal eine höfliche Krabbe. Die Krabbe lebte im Meer. Sie hatte viele Freunde.\n\nEines Tages lernte die Krabbe einen neuen Freund kennen. Dieser konnte nicht spielen. Die Krabbe wollte ihm helfen.\n\nDie höfliche Krabbe zeigte ihm, wie man spielt. Sie spielten den ganzen Tag. Sie hatten viel Spaß. Der neue Freund war glücklich. Die höfliche Krabbe war auch glücklich. Sie waren für immer beste Freunde.
Es war einmal ein Junge namens Tim. Tim angelte gern. Er hatte eine lange Angelrute, mit der er Fische fangen konnte. Eines Tages kam sein Freund Sam zum Spielen. Sam sah die Angelrute und fragte: „Kannst du mir deine Angelrute leihen?“ Tim sagte: „Ja, aber sei vorsichtig!“\n\nSam nahm die Angelrute und ging zum Fluss. Er versuchte, einen Fisch zu fangen. Er sah einen großen, leckeren Fisch. Er wollte ihn fangen. Er zog mit aller Kraft an der Angelrute. Doch die Angelrute brach! Sam war traurig.\n\nSam ging mit der zerbrochenen Angelrute zu Tim zurück. Er sagte: „Es tut mir leid, ich habe deine Angelrute kaputt gemacht.“ Tim war sehr traurig. Nun konnte er keine leckeren Fische mehr fangen. Beide lernten, vorsichtiger mit ihren Sachen umzugehen.
Es war einmal ein Junge namens Tim in einem kleinen Haus. Tim war egoistisch und teilte seine Sachen nicht gern mit anderen. Eines Tages brachte seine Mutter eine große Tüte Gemüse nach Hause. Sie wollte Tim erklären, warum es wichtig sei, zu teilen.\n\n„Tim“, sagte seine Mutter, „wir müssen dieses Gemüse mit unseren Nachbarn teilen. Egoismus ist nicht gut.“ Tim wollte das Gemüse nicht teilen. Er wollte es ganz für sich behalten. Doch seine Mutter sagte: „Wenn du teilst, machst du andere glücklich.“\n\nTim dachte nach und sagte dann: „Nein, ich will nicht teilen.“ Also nahm er das Gemüse und versteckte es in seinem Zimmer. Die Nachbarn waren traurig, weil sie nichts zu essen hatten. Sie klopften an Tims Tür und fragten, ob er etwas zu essen hätte. Tim wollte nicht teilen und sagte nein.\n\nIn dieser Nacht aß Tim das ganze Gemüse alleine. Ihm war schlecht und er fühlte sich sehr voll. Er wünschte, er hätte auf seine Mutter gehört und mit den Nachbarn geteilt. Doch nun war es zu spät. Das Gemüse war weg und Tim fühlte sich sehr schlecht.
Es war einmal ein Mädchen namens Sue. Sue hatte lange Haare, die sie an einen Regenbogen erinnerten. Sie spielte den ganzen Tag damit.\n\nEines Tages sah Sue eine langsame Schnecke in ihrem Garten. Die Schnecke hatte ein hübsches Haus. Sue wollte mit der Schnecke befreundet sein. Sie nannte sie Sam.\n\nSue und Sam spielten jeden Tag zusammen. Sie rannten um die Wette, aber Sam war immer langsam. Sue lachte und klatschte in die Hände. Sue und Sam waren sehr glücklich.
Es war einmal ein hilfsbereites Mädchen namens Lily. Sie liebte es, Bücher zu lesen und Zeit mit ihren Freunden zu verbringen. Eines Tages fand sie in der Schule ein neues Buch. Es handelte von einem freundlichen Bären, der allen im Wald half.\n\nLily las ihren Freunden das Buch vor. Ihnen allen gefiel die Geschichte. Sie wollten so sein wie der freundliche Bär im Buch. Also beschlossen sie, auch anderen zu helfen. Sie halfen ihrer Lehrerin beim Aufräumen des Klassenzimmers. Sie halfen ihren Freunden auch, wenn sie hinfielen oder einen Freund zum Spielen brauchten.\n\nJe mehr Zeit sie damit verbrachten, anderen zu helfen, desto glücklicher wurden Lily und ihre Freunde. Sie lernten, dass Freundlichkeit und Hilfsbereitschaft auch sie glücklich machte. Die Moral der Geschichte: Sei freundlich und hilfsbereit, genau wie der freundliche Bär im Buch.
Es war einmal ein kleiner Junge namens Tim. Tim wollte seiner Mutter zum Geburtstag etwas Besonderes basteln. Er überlegte lange, was er basteln könnte. Dann hatte er eine Idee! Er wollte ein großes Geschenk für sie basteln.\n\nTim machte sich Sorgen. Er wusste nicht, ob er das Geschenk alleine basteln konnte. Er bat seinen Vater um Hilfe. Gemeinsam suchten sie große Kartons, schönes Papier und eine große Schleife. Gemeinsam bastelten sie das Geschenk.\n\nAls Tims Mutter das Geschenk sah, war sie überglücklich! Sie umarmte Tim fest und dankte ihm für das besondere Geschenk. Tim war stolz, dass er etwas so Schönes für seine Mutter basteln konnte. Und er machte sich keine Sorgen mehr.
Eines Tages schwamm ein großer Wal im tiefblauen Meer. Der Wal war sehr geheimnisvoll. Er hatte ein breites Lächeln im Gesicht und spielte gern mit dem kleinen Fisch.\n\nDer geheimnisvolle Wal liebte es, im warmen Wasser zu entspannen. Er lag auf dem Rücken und ließ sich wie ein Baby von den Wellen wiegen. Der kleine Fisch schwamm um den Wal herum, und alle fühlten sich glücklich und geborgen.\n\nEines Tages fanden der geheimnisvolle Wal und der kleine Fisch einen wunderschönen Ort zum Entspannen. Es war ein ruhiges Plätzchen mit vielen bunten Pflanzen und hübschen Muscheln. Sie verbrachten alle einen schönen Tag, spielten und entspannten gemeinsam an ihrem neuen geheimen Ort.
Es war einmal ein stinkender alter Baum. Neben dem Baum war ein großes Loch. Darin lag eine glänzende Münze. Ein Junge namens Tim sah die Münze und wollte sie unbedingt haben.\n\nTim sagte zu seinem Freund: „Ich will die Münze, aber der Baum stinkt und ist verfault.“ Sein Freund sagte: „Sei tapfer, Tim! Du kannst die Münze holen.“ Also ging Tim zu dem stinkenden Baum und versuchte, die Münze aus dem Loch zu holen.\n\nAls Tim sich dem Loch näherte, sah er eine kleine Maus. Die Maus sagte: „Ich helfe dir, die Münze zu holen, aber du musst mir auch helfen.“ Tim willigte ein, und gemeinsam holten sie die Münze. Tim war glücklich, und die Maus freute sich auch. Und beide lernten, dass selbst an stinkenden Orten Gutes passieren kann.
Es war einmal ein kleiner Junge namens Tim. Tim liebte es, im Park zu spielen. Eines Tages ging Tim mit seiner Mutter und seinem Vater in den Park. Er war sehr glücklich.\n\nIm Park sah Tim einen großen Baum. Er wollte ihn umarmen. Also umarmte er ihn und fühlte sich wohl. Tim mochte den Baum sehr. Er spielte mit seinem Ball, rannte herum und hatte viel Spaß.\n\nTim hatte einen gelungenen Tag im Park. Er spielte und lachte viel. Als es Zeit war, nach Hause zu gehen, war Tim müde, aber glücklich. Er konnte es kaum erwarten, wieder in den Park zu kommen.
An einem sonnigen Tag lag ein hübsches Boot auf dem Wasser. Es war rot und blau. Ein Mädchen namens Lily und ihr Hund Spot waren an Bord. Sie spielten und hatten gerne Spaß miteinander.\n\nLily sah einen großen Fisch aus dem Wasser springen. Sie sagte: „Wow, Spot! Hast du den großen Fisch gesehen?“ Spot bellte und wedelte mit dem Schwanz. Beide lachten und klatschten in die Hände.\n\nLily nahm einen Schlauch und begann, Wasser zu spritzen. Sie spritzte das Wasser auf das Boot und auf Spot. Spot sprang und bellte und versuchte, das Wasser zu erwischen. Sie spielten und spritzten Wasser, bis die Sonne unterging. Dann gingen sie glücklich und nass nach Hause.
Es war einmal ein Mädchen namens Lily. Sie hatte eine Flöte, die sie gern spielte. Eines Tages traf sie eine taube Katze, die ihr Flötenspiel nicht hören konnte. Lily wollte der Katze helfen, ihre Musik zu hören.\n\nLily hatte eine Idee. Sie spannte eine dicke Schnur von ihrer Flöte zum Ohr der Katze. Die Katze konnte die Musik durch die Schnur spüren. Die Katze war glücklich und begann zu tanzen.\n\nLily und die taube Katze wurden beste Freundinnen. Sie spielten und tanzten jeden Tag zusammen. Die Katze liebte es, die Musik von Lilys Flöte zu spüren. Sie waren glücklich und hatten viel Spaß.
Es war einmal ein Junge namens Tom. Er liebte Kaugummi. Eines Tages fand er ein dünnes Stück Kaugummi auf dem Boden. Er fand es etwas ganz Besonderes. Er steckte es in seine Tasche, um es für später aufzuheben.\n\nTom ging mit seinem Freund Sam spielen. Sie spielten ein Spiel, bei dem sie vor einem Monster fliehen mussten. Sie rannten und versteckten sich, aber das Monster fand sie immer. Tom hatte Angst, aber er erinnerte sich an seinen besonderen Kaugummi. Er dachte, er könnte ihnen helfen, das Spiel zu gewinnen.\n\nTom holte den dünnen Kaugummi heraus und teilte ihn mit Sam. Beide kauten darauf und rannten erneut vor dem Monster davon. Doch diesmal gelang ihnen die Flucht nicht. Der Kaugummi machte sie krank und sie wurden langsam. Das Monster erwischte sie, und sie verloren das Spiel. Tom und Sam waren sehr traurig. Sie lernten, nie wieder Kaugummi vom Boden aufzuheben.
Es war einmal ein kleiner Junge namens Tim. Tim hatte eine Lieblingsweste, die er gern trug. Es war eine hübsche Weste in vielen Farben. Er trug sie ständig.\n\nEines Tages fing es an zu regnen, als Tim draußen spielte. Der Regen machte Tim und seine Weste ganz nass. Tim mochte es nicht, nass zu sein, also ging er zurück ins Haus. Seine Mutter sah seine nasse Weste und sagte ihm, er solle sie ausziehen.\n\nTim zog seine nasse Weste aus und fing an zu weinen. Er war traurig, weil seine Lieblingsweste nass war. Seine Mutter sah ihn weinen und umarmte ihn. Sie sagte ihm, er solle sich keine Sorgen machen, sie würde die Weste trocknen. Tim fühlte sich besser und spielte mit seinen Spielsachen, während er darauf wartete, dass seine Weste trocknete.
Es war einmal ein kleines Boot. Es war blau und trieb gern auf dem Wasser. Eines Tages brannte die Sonne sehr heiß, und das Wasser begann auszutrocknen. Das Boot war traurig, weil es nicht mehr schwimmen konnte.\n\nEin Vogel sah das Boot und fragte: „Warum bist du traurig, kleines Boot?“ Das Boot antwortete: „Das Wasser ist ausgetrocknet, und ich kann nicht schwimmen. Ich vermisse das Wasser.“ Der Vogel wollte dem Boot helfen und dachte sich einen einfachen Plan aus.\n\nDer Vogel sagte zum Boot: „Ich werde mehr Wasser für dich finden. Dann kannst du wieder schwimmen!“ Das Boot war glücklich und dankte dem Vogel. Der Vogel flog davon und fand bald einen großen Teich. Er kam zurück und erzählte dem Boot von dem Teich.\n\nGemeinsam fuhren der Vogel und das Boot zum großen Teich. Das Boot konnte wieder schwimmen und war sehr glücklich. Der Vogel und das Boot spielten den ganzen Tag zusammen im Wasser. Und sie wurden beste Freunde.
Es war einmal eine alte Dame, die lebte in einem kleinen Haus. Sie liebte es, in ihrem großen Topf zu rühren. Eines Tages beschloss sie, sich eine leckere Suppe zum Mittagessen zu kochen.\n\nWährend sie die Suppe rührte, sah sie Rauch aus dem Topf aufsteigen. Sie wusste, dass die Suppe sehr heiß war. Die alte Dame achtete sehr darauf, weder den Rauch noch den Topf zu berühren.\n\nSie ließ die Suppe abkühlen und aß sie dann. Die alte Dame fand, es sei die beste Suppe, die sie je gegessen hatte. Sie war sehr glücklich und satt. Von diesem Tag an kochte sie sich immer eine leckere Suppe zum Mittagessen.
Es war einmal ein kleiner Junge namens Tim. Tim war sehr nervös. Er hatte seinen Rasierer verloren. Er liebte es, so zu tun, als würde er sich wie sein Vater rasieren. Jeden Tag spielte er damit. Doch jetzt war er weg.\n\nEines Tages ging Tim mit seiner Mutter in den Park. Er dachte, er hätte seinen Rasierer vielleicht dort vergessen. Er suchte und suchte, aber er konnte ihn nicht finden. Tim war sehr traurig. Er vermisste seinen Rasierer so sehr. Er wollte ihn finden und wieder damit spielen.\n\nDann sah Tim ein Mädchen mit einem Spielzeug spielen. Er sah genauer hin und erkannte es. Es war sein Rasierer! Tim war so glücklich. Er ging zu dem Mädchen und sagte ihr, dass es sein Spielzeug sei. Das Mädchen war lieb und gab ihn ihm zurück. Danach war Tim nicht mehr nervös. Er hatte seinen Rasierer zurück und konnte wieder damit spielen. Und sie lebten alle glücklich bis ans Ende ihrer Tage.
Es war einmal eine große graue Elefantin namens Elly. Elly war traurig, weil sie sich hässlich fand. Sie hatte große Ohren und eine lange Nase und fühlte sich anders als die anderen Tiere.\n\nEines Tages flog ein kleiner Vogel namens Benny zu Elly. Benny sah, dass Elly traurig war und fragte: „Warum bist du traurig, Elly?“ Elly sagte Benny, dass sie sich hässlich fühlte und ihre großen Ohren und ihre lange Nase nicht mochte. Benny sah Elly an und sagte: „Ich finde, du bist nicht hässlich. Du bist etwas Besonderes.“\n\nBenny versprach Elly, ihr zu zeigen, was ihre großen Ohren und ihre lange Nase ausmachten. Sie gingen zum Fluss, und Benny bat Elly, mit ihrer langen Nase Wasser auf die trockenen Pflanzen zu sprühen. Elly tat es, und die Pflanzen wuchsen fröhlich und grün. Dann bat Benny Elly, mit ihren großen Ohren den heißen Tieren Luft zuzufächeln. Elly tat es, und alle Tiere fühlten sich kühl und glücklich.\n\nElly lernte, dass Anderssein nicht hässlich ist. Sie war etwas Besonderes und hatte ihre eigene Art, anderen zu helfen. Elly und Benny wurden beste Freunde und lebten glücklich bis ans Ende ihrer Tage.
Es war einmal ein kleiner Hund namens Zigzag. Zigzag liebte es, im Park herumzurennen und zu spielen. Eines Tages sah Zigzag eine große, gewundene Rutsche. Er wollte sie unbedingt ausprobieren und rannte los.\n\nZigzag drehte und wendete sich, während er die Rutsche hinunterrutschte. Er war so schnell, dass er am Ende herunterfiel. Es war ihm peinlich, weil alle seine Freunde ihn fallen sahen. Aber seine Freunde lachten ihn nicht aus. Sie rannten los, um Zigzag aufzuhelfen.\n\nZigzags Freunde sagten ihm, er solle sich nicht schämen. Sie probierten alle auch die gewundene Rutsche aus. Sie drehten und wendeten sich, genau wie Zigzag. Sie hatten so viel Spaß beim gemeinsamen Spielen. Und Zigzag lernte, dass es okay ist, Fehler zu machen, solange man gute Freunde an seiner Seite hat.
Es waren einmal eine Katze und ein Hund in einem kleinen Haus. Sie spielten den ganzen Tag miteinander. Eines Tages sahen sie eine glänzende Kette auf dem Boden. Beide wollten sie haben.\n\nDie Katze hatte eine Idee. Sie rieb ihren Kopf am Bein des Hundes. Der Hund war glücklich und schloss die Augen. Die Katze nahm die Kette und rannte weg. Der Hund fühlte sich traurig und schuldig.\n\nSpäter fühlte sich die Katze schlecht. Sie ging zurück zum Hund und gab ihm die Kette. Beide spielten mit der Kette und waren wieder glückliche Freunde.
Eines Tages ging ein kleiner Junge namens Tim draußen spielen. Er sah eine große Kiste neben dem Baum. Tim war sehr neugierig. Er wollte wissen, was darin war. Also ging er näher an die Kiste heran und warf einen Blick hinein.\n\nIn der Kiste fand Tim eine Spielzeugpistole. Er war so glücklich! Er nahm die Waffe und begann damit zu spielen. Er tat so, als wäre er ein Superheld, der die Welt vor den Bösewichten rettet. Tim rannte lachend und voller Spaß im Garten herum.\n\nNachdem er eine Weile gespielt hatte, bekam Tim Hunger. Er ging nach Hause und sah seine Mutter in der Küche. Sie hatte leckere Kekse für ihn gebacken. Tim aß die Kekse und erzählte seiner Mutter von der Spielzeugpistole und seinen Abenteuern. Seine Mutter lächelte und umarmte ihn fest.
Eines Tages fand ein Junge namens Tim einen großen Hammer in seiner Spielzeugkiste. Er nahm ihn und ging draußen im tiefen Schlamm spielen. Während er spielte, sah er ein kleines Insekt, das im Schlamm feststeckte.\n\n„Hilf mir bitte!“, sagte das Insekt. Tim wollte helfen, aber er wollte seine Spielzeit nicht verzögern. Das Insekt sah sehr traurig aus, also beschloss Tim zu helfen.\n\nTim grub mit seinem großen Hammer einen Weg in den Schlamm. Das Insekt konnte herauskriechen und sagte: „Danke, Tim!“ Tim war glücklich, dem Insekt geholfen zu haben. Danach spielte er weiter mit seinem Hammer, aber jetzt hatte er auch einen neuen Spielfreund.
Es war einmal in einem kleinen Haus eine große Kiste. Die Kiste war leer. Ein kleiner Junge namens Tim suchte etwas, das er hineinlegen konnte. Er begann, sein Zimmer zu durchsuchen.\n\nTim schaute unter sein Bett und fand ein Stofftier. Er schob es in die Kiste. Als Nächstes suchte er in seinem Schrank und fand einen Ball. Auch den schob er in die Kiste. Tim freute sich, als sich seine Kiste füllte.\n\nNach einer Weile war die Kiste voll. Tim war stolz auf seine Suche. Er zeigte seinen Eltern die volle Kiste. Sie lächelten und klatschten. Tim hatte die leere Kiste in eine Kiste voller lustiger Dinge verwandelt.
Es war einmal in einem großen, grünen Park ein kleiner, unordentlicher Hund namens Binky. Binky hatte einen langen, wedelnden Schwanz und liebte es, mit seinen Freunden zu spielen. An einem sonnigen Tag spielten Binky und seine Freunde Fangen mit einem großen, roten Ball.\n\nWährend des Spiels verfing sich Binkys Schwanz in einem Busch. „Aua!“, rief er. Binkys Freunde hörten ihn schreien und eilten herbei, um zu helfen. „Was ist los, Binky?“, fragte seine Freundin, ein süßes, flauschiges Häschen namens Lulu.\n\n„Mein Schwanz steckt fest!“, sagte Binky mit traurigem Gesicht. Lulu und die anderen Freunde versuchten, Binky zu helfen, seinen Schwanz aus dem Busch zu ziehen. Sie zogen und zogen, aber er steckte immer noch fest.\n\nDann flog eine weise, alte Eule namens Oliver von einem hohen Baum herunter. „Weine nicht, Binky“, sagte sie. „Ich kann dir helfen, deinen Schwanz herauszuholen.“ Oliver benutzte seinen scharfen Schnabel, um vorsichtig durch den Busch zu schneiden und Binkys Schwanz zu befreien.\n\nBinky war so glücklich! Er wedelte mit dem Schwanz und sagte: „Danke, Oliver!“ Alle Freunde jubelten und klatschten. Dann spielten sie weiter mit dem großen roten Ball, lachten und hatten gemeinsam Spaß.
Es war einmal in einer Kleinstadt ein kleiner Junge namens Tim. Er liebte es, mit seinen Freunden zu reden und zu spielen. Eines Tages fand er einen großen rosa Kaugummi auf dem Boden. Er sah unglaublich aus. Tim hob ihn auf und steckte ihn in seine Tasche. Er dachte: „Den zeige ich meinen Freunden später.“\n\nTim ging in den Park, um mit seinen Freunden zu spielen. Er sah sie spielen und rennen. Tim holte den Kaugummi aus der Tasche und zeigte ihn seinen Freunden. Alle wollten den tollen Kaugummi sehen. Tim sagte: „Ich habe ihn auf dem Boden gefunden. Sieht toll aus, oder?“ Seine Freunde nickten und lächelten.\n\nSpäter saßen Tim und seine Freunde unter einem großen Baum. Sie alle betrachteten den Kaugummi und sprachen darüber, wie toll er war. Dann beschlossen sie, den Kaugummi zu teilen. Sie brachen ihn in kleine Stücke und jeder nahm ein Stück. Sie kauten den Kaugummi, und er war sehr lecker. Alle lachten und schwärmten davon, wie toll der Kaugummi war. Tim war glücklich, den tollen Kaugummi gefunden zu haben und ihn mit seinen Freunden teilen zu können.
Es war einmal ein kleiner Junge namens Tim. Tim liebte Kürbisse. Er liebte ihre runde Form und das leuchtende Orange. Eines Tages sah Tim einen kleinen Kürbis im Garten. Es war nicht klar, ob er reif zum Pflücken war.\n\nTim fragte seine Mutter: „Kann ich bitte diesen Kürbis haben?“ Seine Mutter sah den Kürbis an und sagte: „Er ist noch nicht reif. Du musst warten, bis er größer wird.“\n\nTim wartete und sah dem Kürbis beim Wachsen zu. Während er wuchs, lernte er Geduld. Er wusste, dass die guten Dinge endlich kommen. Endlich war der Tag gekommen, an dem der Kürbis groß und reif zum Pflücken war.\n\nTims Mutter sagte: „Jetzt kannst du den Kürbis nehmen, Tim.“ Tim war so glücklich! Er hatte gewartet und nun hatte er einen großen, schönen Kürbis. Die Moral der Geschichte ist: Geduld ist eine gute Sache. Wenn wir auf den richtigen Zeitpunkt warten, können wir die besten Dinge im Leben bekommen.
Es war einmal ein kleines Mädchen namens Lily. Sie lebte mit ihren Eltern in einem kleinen Haus. Eines Tages bat ihre Mutter sie, in den Park zu gehen und zu spielen. Lily war sehr glücklich und rannte in den Park.\n\nIm Park sah Lily einen großen Baum. Sie ging zu dem Baum und sah einen Wasserhahn. Sie drehte ihn auf, und Wasser kam heraus. Lily hatte Durst und trank etwas Wasser. Dann sah sie einen kleinen Jungen, der auch Durst hatte. Lily sagte: „Hallo, ich bin Lily. Lass uns Freunde sein!“ Der kleine Junge lächelte und sagte: „Hallo, ich bin Tom. Freut mich, dich kennenzulernen!“ Sie tranken beide Wasser und spielten zusammen.\n\nLily und Tom spielten und hatten den ganzen Tag Spaß. Sie lernten, dass es gut ist, zu teilen und anderen zu helfen. Als sie nach Hause gingen, erzählten sie ihren Eltern von ihrem neuen Freund. Lily und Tom waren glücklich, weil sie gelernt hatten, dass Teilen und Helfen alle glücklich macht.
Es war einmal eine kleine Blume namens Bloom. Bloom lebte in einem großen Garten mit vielen anderen Blumen. Bloom hatte sich vorgenommen, die schönste Blume im Garten zu werden.\n\nAn einem sonnigen Tag sah Bloom ein gefährliches Insekt auf die Blumen zukommen. Bloom erschrak und sagte zu den anderen Blumen: „Vorsicht! Ein gefährliches Insekt kommt!“ Die anderen Blumen dankten Bloom für die Warnung und versteckten sich vor dem Insekt.\n\nNachdem das Insekt verschwunden war, waren die Blumen sicher und glücklich. Weil Bloom sie gewarnt hatte, waren sich alle einig, dass Bloom die schönste Blume im Garten war. Blooms Ziel wurde wahr, und sie lebten alle glücklich bis ans Ende ihrer Tage.
Es war einmal in einer kleinen Stadt ein bescheidenes Mädchen namens Lily. Sie liebte es, zu geben und anderen zu helfen. Eines Tages sah sie eine alte Dame, die traurig aussah.\n\nLily ging zu der Dame und fragte: „Warum bist du traurig?“ Die alte Dame sagte: „Ich habe Hunger und nichts zu essen.“ Lily wollte ihr helfen und rannte nach Hause, um etwas zu essen zu holen.\n\nLily legte etwas Essen auf einen Teller und ging zurück zu der alten Dame. Sie gab ihr den Teller und sagte: „Hier, iss das.“ Die alte Dame lächelte und sagte: „Danke, Lily. Du bist sehr nett.“\n\nDie alte Dame war glücklich, und Lily fühlte sich gut, weil sie helfen konnte. Von diesem Tag an suchte Lily immer nach Möglichkeiten, anderen zu helfen und zu teilen, was sie hatte. Und alle in der Stadt liebten das bescheidene Mädchen, das so gerne gab.
Es war einmal ein kleines Mädchen namens Sue. Sue hatte ein großes Schlafzimmer mit vielen schicken Dingen darin. Sie liebte ihr Zimmer sehr. Eines Tages sah sie eine kleine Blume in ihrem Zimmer. Die Blume wollte gerade blühen.\n\nSue sagte zu der Blume: „Hallo, kleine Blume! Warum willst du in meinem Schlafzimmer blühen?“ Die Blume sagte: „Ich möchte eine schöne Blume in deinem Zimmer sein.“ Sue gefiel die Idee, aber sie wusste, dass Blumen Sonne und Wasser zum Wachsen brauchen.\n\nSue versuchte, der Blume zu helfen. Sie gab ihr Wasser und stellte sie ans Fenster. Aber die Blume bekam nicht genug Sonne. Sie versuchte mit aller Kraft zu blühen, aber es gelang ihr nicht. Die Blume wurde traurig und sagte: „Es tut mir leid, Sue. Ich kann keine schöne Blume in deinem Zimmer sein.“\n\nAm Ende blühte die Blume nicht. Sie blieb klein und traurig. Sue tat die Blume leid. Sie wünschte, sie könnte ihr mehr helfen. Aber sie wusste, dass Blumen Sonne und Wasser zum Wachsen brauchen, und ihr Schlafzimmer war nicht der beste Ort für eine Blume.
Es war einmal ein kleiner Junge namens Tim. Er spielte gern mit seinen Spielsachen und beobachtete die Vögel vor seinem Fenster. Tim hatte einen großen, weichen Teddybären, den er sehr liebte.\n\nEines Tages war Tims Teddybär traurig. Tim wusste nicht, warum er traurig war. Er versuchte, ihn aufzumuntern, indem er ihn umarmte und küsste.\n\nTim beschloss, mit seinem traurigen Teddybären nach draußen zu gehen, um gemeinsam die Vögel zu beobachten. Sie setzten sich unter einen großen Baum und sahen den Vögeln beim Singen und Fliegen zu. Bald war der Teddybär nicht mehr traurig. Tim und sein Teddybär waren sehr glücklich, gemeinsam die Vögel zu beobachten.
Es war einmal in einer Kleinstadt ein kleiner Junge namens Tim. Tim liebte Eis über alles. Eines Tages sah er einen alten Eiswagen. Der Wagen war sehr alt und langsam, aber er hatte ein großes Schild mit der Aufschrift „Eis“.\n\nTim ging zum Wagen und sagte: „Hallo, kann ich bitte ein Eis haben?“ Der Eismann sah ihn an und sagte: „Klar, kleiner Junge. Hier, bitte.“ Tim nahm das Eis und fing an zu essen. Aber es schmeckte überhaupt nicht. Es schmeckte richtig schlecht.\n\nTim schrie: „Igitt! Dieses Eis ist schlecht!“ Der Eismann lachte nur und sagte: „Tut mir leid, kleiner Junge. Das Eis ist zu alt.“ Tim war sehr traurig und ging weg. Er konnte sein Eis an diesem Tag nicht genießen.
Es waren einmal zwei beste Freunde, Joe und Grace. Sie spielten immer zusammen und hatten jede Menge Spaß. Eines Tages beschlossen Joe und Grace, zum Marktplatz der Stadt zu gehen.\n\nAls sie dort ankamen, sahen sie einen Händler mit vielen bunten Luftballons. Joe wollte unbedingt einen haben, aber er hatte nicht genug Geld. Grace sah, wie traurig Joe war, und wollte helfen. Sie bat ihre Mutter, etwas Geld mitzubringen, damit Joe sich einen Ballon kaufen konnte.\n\nAls Graces Mutter ankam, sah sie, dass Joe einen dunkelroten Ballon wollte. Joe war so erleichtert, ihn kaufen zu können, nachdem seine Freundin ihm geholfen hatte. Grace sagte zu Joe: „Denk dran: Wenn du einem Freund in Not hilfst, wirst du immer belohnt!“\n\nJoe und Grace lächelten, umarmten sich und gingen mit dem dunkelroten Ballon davon, stolz auf die Lektion, die sie gelernt hatten.
Es war einmal ein anmutiger Vogel namens Billy. Er war immer auf der Suche nach etwas Beschäftigung. Eines Tages beschloss er, etwas Neues auszuprobieren. Er wollte sich mit einem Löffel wiegen.\n\nBilly nahm seinen Löffel und maß sich. Er stellte fest, dass er sehr leicht war! Er war glücklich mit seinem Gewicht und wollte feiern.\n\nAlso begann er am Himmel zu tanzen. Seine anmutigen Bewegungen ließen sogar die Wolken zuschauen. Er breitete seine Flügel aus und flog höher, höher und höher, bis er nur noch ein Punkt am Himmel war.\n\nBilly flog um die Welt. Dann begann er, Stück für Stück all die Dinge aufzuheben, die er mit dem Löffel gewogen hatte. Am Ende war Billy immer noch der Leichteste und Anmutigste von allen!
Es waren einmal zwei Freunde, Jack und Jill. Jack und Jill gingen den Hügel hinauf, um ein Spiel zu spielen. Das Spiel war albern. Jack und Jill drückten abwechselnd einen großen Knopf. Jedes Mal trennten sie sich.\n\nJack rief: „Lasst es uns noch einmal versuchen!“ Also drückten sie abwechselnd den Knopf. Diesmal wirbelte der Knopf sie im Kreis herum, bis ihnen schwindelig wurde.\n\nJill kicherte und sagte: „Das war so albern!“\n\nJack lachte und sagte: „Lasst es uns noch einmal versuchen!“ Also drückten sie den Knopf erneut und diesmal schwebten sie hoch in den Himmel!\n\nJack und Jill flogen herum, aber irgendwann schickte der Knopf sie wieder auf den Boden. Sie waren wohlbehalten, aber diesmal war etwas anders.\n\nJack und Jill waren nicht mehr zusammen. Der Knopf hatte sie getrennt! Aber am Ende hat sich alles gelohnt, denn ein albernes Spiel kann Menschen auf die unerwartetste Weise zusammenbringen.
Es war einmal ein Junge, der liebte es zu klettern. Eines Tages beschloss er, auf einen Berggipfel zu steigen, um die Aussicht zu verbessern. Oben angekommen, sah er unter sich einen See. Er sah so einladend aus, dass er beschloss, wieder hinunterzusteigen.\n\nAls der Junge den See erreichte, bemerkte er ein Boot am Ufer. Er fragte das Boot: „Bist du frei?“ Das Boot antwortete: „Ja, ich stehe dir zur Verfügung.“ Der Junge war so aufgeregt! Er konnte es kaum erwarten, ins Boot zu springen und eine Runde auf dem See zu drehen.\n\nDer Junge fuhr mit dem Boot hinaus auf den See und hatte eine wunderbare Zeit. Doch als er seine Fahrt beendet hatte, bemerkte er ein Schild am Ufer. Darauf stand: „Pass auf das Boot auf und behandle es mit Respekt.“ Dem Jungen wurde klar, dass es ihm nicht nur zur Verfügung stand, sondern ihm gegeben worden war, um es respektvoll zu benutzen.\n\nDie Moral der Geschichte ist: Wenn man etwas bekommt, sollte man es mit Dankbarkeit und Respekt behandeln. Wir sollten Dinge nie als selbstverständlich betrachten.
Es war einmal ein Mädchen. Sie hatte eine Garage. Darin bewahrte sie ihre Spielsachen auf.\n\nEines Tages bemerkte das Mädchen, dass etwas mit ihren Spielsachen nicht stimmte. Sie ging in die Garage und sah, dass sie kaputt waren.\n\nSie beschloss, sie zu reparieren und wieder wie neu zu machen. Sie wusch sie gründlich, damit sie schön und intakt waren.\n\nDann nahm sie etwas Kleber und reparierte alle Spielsachen, bis sie perfekt aussahen. Sie war sehr zufrieden mit ihrer Arbeit.\n\nAls sie fertig war, konnte das Mädchen wieder mit ihren Spielsachen spielen und viel Spaß haben. Sie war sehr glücklich.
Mama und Emily spielten zusammen ein Zuordnungsspiel. Emily war ganz aufgeregt, als sie die Zuordnungsspiele im Laden entdeckte. Sie sah sich gern die Videos auf dem Bildschirm an, während sie die Karten zuordnete.\n\n„Mama, ich glaube, ich werde richtig gut darin!“, sagte Emily.\n\n„Das ist wunderbar, Liebling!“, antwortete Mama. „Du machst das so gut!“\n\nDoch dann bemerkte Emily etwas Seltsames. Sie zog eine der Karten heraus und betrachtete sie genau.\n\n„Mama, diese Karte ist nicht echt“, sagte sie. „Sie ist gefälscht!“\n\nMama nahm die Karte und betrachtete sie. „Du hast Recht“, sagte sie. „Diese Karte ist gefälscht. Sie passt nicht zu den anderen.“\n\nMama und Emily beschlossen stattdessen, ein neues Videospiel zu kaufen. Emily war froh, ein noch besseres Spiel zu haben. Sie konnte eine echte von einer gefälschten Karte unterscheiden.
Es war einmal ein kleines Mädchen namens Mia, das es liebte zu springen. Überall, wo sie hinging, sprang sie. Auf dem Weg zur Schule sprang sie auf den Bürgersteig. Im Park sprang sie in den Sandkasten.\n\nEines Tages war Mia im Supermarkt und sah etwas Ungewöhnliches. Sie sah einen Anwalt. Mia hatte noch nie zuvor einen Anwalt gesehen, daher war sie sehr neugierig. Sie wollte wissen, was ein Anwalt macht und warum er so schick angezogen ist. Also sprang Mia direkt auf den Anwalt zu und fragte ihn.\n\nDer Anwalt war völlig verwirrt. Er hatte noch nie ein kleines Mädchen gesehen, das so gesprächsbereit war. Er versuchte es zu erklären, aber Mia sprang immer wieder auf und unterbrach ihn.\n\nSchon bald schaltete sich der Filialleiter ein. Er erklärte Mia, dass es sich nicht gehört, mit Fremden zu sprechen, und dass es falsch sei, Leute beim Reden zu unterbrechen.\n\nMia bedauerte ihr Verhalten sehr und beschloss, so etwas nie wieder zu tun. Sie hatte ihre Lektion gelernt: Respekt gegenüber Fremden ist wichtig.
Es war einmal ein Mädchen namens Lucy. Sie war drei Jahre alt und liebte Kaugummi. Es gab viele verschiedene Geschmacksrichtungen und sie aß jeden Tag welche.\n\nEines Tages dachte Lucy, es wäre lustig, extra großen Kaugummi zu probieren. Sie steckte ihn in den Mund und machte eine riesige Blase. Plötzlich platzte die Blase und kitzelte ihre Nase. Sie musste immer wieder niesen.\n\nLucy blickte nach unten und sah, dass ihr Hemd voller Kaugummi war. Sie schämte sich so sehr. Sie wollte sich verstecken, konnte es aber nicht.\n\nAlso bat sie ihre Eltern um Hilfe. Sie zeigten ihr, wie man den Kaugummi mit einem feuchten Tuch abwischt. Sie lächelte erleichtert und versprach, nie wieder großen Kaugummi zu probieren.
Es war einmal ein kleiner Junge namens Charlie. Charlie liebte Geschichten über alles. Charlies Mama sagte immer, Geschichten seien etwas Besonderes und Zartes.\n\nEines Tages sagte Charlies Mama: „Lass uns einkaufen gehen und etwas Besonderes zum Abendessen kaufen. Heute kannst du essen, was du willst!“\n\nCharlie war so aufgeregt! Er überlegte, was er sich aussuchen sollte. Als sie durch den Laden gingen, berührte Charlie eine Erdbeere und fragte seine Mama: „Wie schmeckt die?“\n\nSeine Mama antwortete: „Oh, sie ist sehr süß! Wenn du sie probierst, wirst du sie lieben!“\n\nCharlie war so aufgeregt! Er konnte es kaum erwarten, nach Hause zu kommen und sein besonderes Abendessen zu essen.\n\nAls sie zu Hause ankamen, traute Charlie seinen Augen nicht. Auf dem Tisch stand ein Teller voller frischer Erdbeeren! Er lächelte und sagte: „Mama, wusstest du, dass Erdbeeren meine Lieblingsspeisen sind?“\n\nSeine Mama lächelte und sagte: „Ich hatte das Gefühl, sie würden dir schmecken! Probier sie doch, sie sind so zart und süß.“\n\nCharlie nahm eine, biss hinein und lächelte. Er hatte den besonderen und köstlichen Geschmack einer Erdbeere erlebt. Was für ein köstliches Abendessen!
Es war einmal ein kleines Mädchen namens Cindy. Jeden Tag ging Cindy in den Laden, um Milch für ihre Familie zu holen. Sie liebte den Laden und wurde immer von der freundlichen Verkäuferin begrüßt.\n\nEines Tages, als Cindy im Laden war, bemerkte sie etwas Seltsames: Die Regale waren alle leer! Sie fragte die Verkäuferin, warum die Regale leer waren. „Das ist zu schwer für dich“, sagte die Verkäuferin.\n\nCindy war darüber nicht glücklich. Aber sie musste der Verkäuferin vertrauen. Also verabschiedete sie sich und ging nach Hause.\n\nAls Cindy ihrer Familie die Neuigkeit erzählte, erkannten diese das Problem nicht. Doch dann bemerkten sie etwas noch Seltsameres: Auch die Milch war weg!\n\nDie Familie erkannte bald, was passiert war: Die Verkäuferin hatte sich auf einen Schneesturm vorbereitet und hatte keine Milch mehr. Sie waren erleichtert, dass die Verkäuferin sich bereits um das Problem gekümmert hatte.\n\nCindy war froh, das Problem erkannt zu haben. Das nächste Mal würde sie wissen, dass sie nicht zu lange warten sollte, um Milch zu holen.
Jack war etwas traurig. Er wollte Wein, hatte aber keinen. Er ging zu einem Laden und fragte den Ladenbesitzer: „Haben Sie Wein?“\n\nDer Ladenbesitzer antwortete: „Ja, ich habe welchen. Er ist allerdings schlecht. Sind Sie sicher, dass Sie ihn wollen?“\n\nJack dachte kurz nach und sagte dann: „Ja, ich nehme ihn.“\n\nDer Ladenbesitzer zählte zwei Flaschen Wein ab und gab sie Jack. Jack bedankte sich und ging nach Hause.\n\nZu Hause angekommen, öffnete Jack eine Flasche des schlechten Weins und nahm einen Schluck – er schmeckte scheußlich! Er dachte: „Vielleicht hätte ich nach etwas anderem fragen sollen!“
Es war einmal ein kleines Mädchen namens Annie. Sie war erst drei Jahre alt, aber voller Energie und erkundete gern die Welt. Eines Tages ging sie im Wald spazieren und stieß auf eine Lichtung. Mitten auf der Lichtung lag ein Pfeil.\n\nAnnie war neugierig und wollte ihn sich genauer ansehen. Sie ging auf den Pfeil zu, als plötzlich eine Stimme von hinten rief: „Pass auf, dass du ihn nicht berührst!“ Annie zuckte erschrocken zurück und sah einen alten Mann.\n\nDer alte Mann sagte: „Mein Name ist Wilbur, und ich habe mich gerade um meine eigenen Angelegenheiten gekümmert, als ich dich auf den Pfeil zugehen sah.“ Ich hatte Angst, dass du dich verletzen könntest, also habe ich geschrien.‘ Annie lächelte und sagte: „Danke, Wilbur, ich werde deinen Rat beherzigen.“\nWilbur lächelte zurück und antwortete: „Das ist sehr weise, junge Dame. Warum rennen wir jetzt nicht einfach weg und lassen den Pfeil in Ruhe?“\nUnd so rannten Annie und Wilbur weg. Annie lernte, dass es wichtig ist, den Rat anderer zu befolgen und darauf zu achten, was man tut, auch wenn man neugierig ist.
Es war einmal ein kleines Mädchen, das Mode liebte. Sie verbrachte ihre ganze Zeit damit, sich vorzustellen, wie es wäre, das perfekte Outfit für sich zu haben. Jeden Tag suchte sie nach neuen Kleidern, die sie anziehen konnte.\n\nEines Tages fand sie das perfekte Kleid. Es hatte ihre Lieblingsfarbe und passte perfekt. Sie war so aufgeregt, dass sie beschloss, es noch am selben Tag anzuziehen.\n\nAls sie in der Schule ankam, drängten sich alle anderen Schüler um sie, um ihr Kleid zu bewundern. Sie war so stolz und glücklich. Sie wusste, dass es die beste Wahl ihres Lebens war.\n\nDoch dann sagte ihr ihre Lehrerin, dass sie es nicht tragen dürfe. Das Kleid war zu schick, zu „fit“ für die Schule. Sie war so traurig und verlegen. Tränen liefen ihr übers Gesicht, und sie musste ohne ihr perfektes Kleid nach Hause gehen.\n\nDas kleine Mädchen konnte ihr Kleid nie wieder tragen. Sie erinnert sich noch heute mit Trauer daran. Sie hätte nie gedacht, dass es so enden würde.
Es waren einmal zwei Freunde namens Bob und Sam. Sie spielten eines Tages zusammen im Garten. Sam pflückte eine Blume und zeigte dann auf einen schwarzen Vogel im Baum.\n\n„Was ist das?“, fragte er Bob.\n\nBob lächelte und sagte: „Das ist eine Krähe. Hör mal, was macht sie für ein Geräusch?“\n\nPlötzlich stieß die Krähe ein lautes Geräusch aus, das wie „Krächz, Krächz!“ klang.\n\n„Das ist ein Krächz!“, lächelte Bob.\n\nSam lachte und sagte: „Ich glaube, ich sollte mir nächstes Mal ein besseres Wort aussuchen!“\n\nBob lächelte und nickte. „Das ist eine gute Idee. Wir sollten immer das richtige Wort wählen, wenn wir miteinander reden.“\n\nDie Moral der Geschichte ist, dass es wichtig ist, die richtigen Worte zu wählen, wenn man mit Freunden spricht. Rücksichtnahme und freundliche Worte können dazu beitragen, Freundschaften zu stärken.
Eines Nachts liefen zwei mutige Tiere durch einen dunklen Wald. Das erste Tier war ein großer, starker Bär. Das zweite Tier war eine kleine, aufmerksame Eule.\n\nDie Eule sagte: „Die Bäume hier sind so dunkel. Ich kann kaum etwas sehen!“\n\nDer Bär sagte: „Hab keine Angst, kleine Eule. Ich bin hier bei dir.“\n\nDie Eule sagte: „Danke, Bär. Bei dir fühle ich mich sicherer.“\n\nPlötzlich hörten sie ein lautes Geräusch. Der Bär begann zu zittern. Er sagte: „Lasst uns hier verschwinden! Schnell!“\n\nDie Eule wurde aufmerksam und schlug mit den Flügeln. Gemeinsam rannten sie durch den Wald, bis sie wohlbehalten in den Nachthimmel hinaustraten.\n\nDer Bär umarmte die Eule und sagte: „Wir haben es geschafft! Wir sind gemeinsam da rausgekommen.“\n\nDie Eule lächelte und sagte: „Ja, das haben wir.“\n\nDie beiden Tiere lachten fröhlich. Von da an waren sie beste Freunde.
Es war einmal ein Kätzchen, das gern mit einer besonderen Bürste spielte. Jeden Tag lieh es sie einem Freund im Park. Doch jeden Tag ging es so nachlässig mit der Bürste um, dass sie verloren ging.\n\nEines Tages spielte das Kätzchen im Park, als es seine besondere Bürste bei einem Kaninchen sah. Es fragte das Kaninchen, ob es ihm die Bürste leihen könne.\n\nDas Kaninchen sagte: „Wenn du die Bürste zurückhaben willst, musst du vorsichtig sein und darfst sie nicht wieder verlieren!“ Das Kätzchen willigte ein und ging glücklich mit der Bürste davon.\n\nVon da an ging das Kätzchen sehr vorsichtig mit der Bürste um. Tatsächlich war es so vorsichtig, dass es die Bürste nie wieder verlor. Alle im Park freuten sich darüber, und das Kätzchen lebte glücklich bis ans Ende seiner Tage.
Es war einmal ein kleines Mädchen namens Ella. Sie war ganz aufgeregt, denn heute war ein ganz besonderer Tag.\n\nElla schnappte sich ihre Spielsachen und ihren Rucksack. Dann verließ sie das Haus und lief los.\n\nElla folgte dem Weg, bis sie mitten im Wald einen großen roten Ofen erreichte. Er war etwas ganz Besonderes! Ella sah sich um, doch niemand war zu sehen.\n\nElla trat näher an den Ofen heran und fragte: „Wer bist du?“\n\nPlötzlich, aus dem Nichts, hörte Ella eine Stimme. Sie kam aus dem Ofen. Sie sagte: „Ich bin ein Zauberofen! Ich kann dir drei Wünsche erfüllen!“\n\nElla war verblüfft. Aber sie freute sich auch über ihre Wünsche. Sie dachte kurz nach und wünschte sich etwas.\n\nDer Zauberofen erfüllte Ella augenblicklich alle Wünsche. Ella war überglücklich. Sie dankte dem Zauberofen und ging zurück nach Hause.\n\nVon diesem Moment an war Ella sicher, dass ihre Wünsche in Erfüllung gehen würden. Sie wusste, dass sie an diesem Tag etwas ganz Besonderes kennengelernt hatte.
Es war einmal eine Raupe namens Bill. Sie hatte acht kleine Beine und liebte es, im Garten herumzustöbern.\n\nEines Tages lief Bill umher, als er ein Geräusch im Gebüsch hörte. Neugierig schlich er näher heran, um nachzusehen.\n\nPlötzlich sprang ein großer, zäher Frosch aus dem Gebüsch. Bill hatte solche Angst, dass er blinzelte und davonhuschte.\n\nDer Frosch brüllte: „Wo gehst du hin? Sei kein Angsthase!“\n\nBill fühlte sich besser, blieb stehen und sagte schüchtern: „Tut mir leid, ich fand dich unheimlich.“\n\nDer Frosch lächelte und sagte: „Es ist nicht schlimm, Angst zu haben. Sei einfach immer mutig und stell dich deiner Angst. Jeder hat mal Angst.“\n\nBill lächelte zurück, dankte dem Frosch und setzte sein Abenteuer fort. Bald erkannte er, dass es manchmal sehr lohnend sein kann, mutig zu sein und sich schwierigen Dingen zu stellen.\n\nVon diesem Tag an behielt Bill den Rat des Frosches stets im Hinterkopf und stellte sich seiner Angst, egal wie hart es schien.
Es war einmal ein Baby, das wollte sich etwas Besonderes aussuchen. Es ging in ein Geschäft und sah eine antike Vitrine. Es nahm sie in die Hand und schaute hinein. Sie war voller unglaublich glänzender Edelsteine ​​und Juwelen. Es traute seinen Augen nicht. Es war so aufgeregt und wusste, dass diese Vitrine perfekt war. Schnell nahm es sie und band eine große rote Schleife darum. Es lächelte und konnte es kaum erwarten, sie seiner Mutter und seinem Vater zu zeigen. Es eilte nach Hause und als sie die Vitrine sahen, waren sie so überrascht. Es war so stolz und wusste, dass diese Vitrine etwas ganz Besonderes war. Es stellte sie in sein Regal, damit alle sie sehen konnten. Alle waren so erstaunt über die antike Vitrine.
Es war einmal ein unartiges kleines Mädchen. Sie war sehr unartig und benahm sich ständig schlecht. Eines Tages tat sie etwas sehr Unartiges. Sie nahm die Krawatte ihres Vaters und warf sie in die Erde. Sie begann dort zu verrotten.\n\nDas kleine Mädchen empfand ein schlechtes Gewissen, aber es war zu spät. Die Krawatte war ruiniert und konnte nicht mehr repariert werden.\n\nDer Vater des kleinen Mädchens war sehr traurig. Er hatte hart gearbeitet, um die Krawatte zu kaufen, und nun war sie weg. Das kleine Mädchen wusste, dass sie etwas falsch gemacht hatte, und es tat ihr leid.\n\nDer Vater umarmte das kleine Mädchen ganz fest und sagte, es sei in Ordnung. Er sagte, er liebe sie immer noch und sie dürfe nie wieder so etwas Unartiges tun.\n\nDas kleine Mädchen war sehr glücklich und versprach, nie wieder etwas Unartiges zu tun. Und damit war die Krawatte vergessen und das kleine Mädchen war wieder glücklich.
Jim hatte große Angst, als er beim Friseur ankam. Es war sein erster Haarschnitt! Er wollte nicht, dass seine Mutter ihn mit dem fremden Mann allein ließ.\n\n„Keine Sorge“, sagte der Friseur. Er lächelte und reichte Jim einen großen Lolli. „Ich kümmere mich um dich und schneide dir den besten Haarschnitt aller Zeiten.“\n\nJims Stirnrunzeln verschwand, und er war ganz aufgeregt. Der Friseur legte ihm einen Umhang um, und der Friseurstuhl fühlte sich an wie ein fliegender Teppich. Bald spürte Jim, wie ihm die Haare geschnitten wurden, und der Friseur gab ihm sogar eine lustige Brille zum Durchsehen. Als Jim in den Spiegel schaute, sah er den besten Haarschnitt aller Zeiten! Er war so glücklich, dass er seine Angst völlig vergaß.\n\nMama lächelte, als sie Jim sah. Sie war so stolz auf ihn, dass er so lange so still gesessen hatte.\n\n„Gut gemacht, mein Junge!“, sagte sie und umarmte ihn fest.\n\nJim lächelte und konnte es kaum erwarten, seinen Freunden seinen neuen Haarschnitt zu zeigen.
An einem kalten Wintertag half Tilly draußen im Garten. Sie schnappte sich einen Rechen und begann, das Laub vom Boden aufzusammeln. Sie hielt den Rechen vor sich und balancierte das Laub sorgfältig aus. Der Boden war eisig, also machte Tilly ein paar kleine Schritte, um das Gleichgewicht zu halten.\n\nVorsichtig bewegte Tilly den Rechen auf dem Boden hin und her und schob das Laub zu einem Haufen zusammen. Sie lächelte, als der Haufen größer wurde. Sie fand sogar einige glänzende Gegenstände unter den Blättern.\n\nAls sie fertig war, trat Tilly zurück und bewunderte ihre Arbeit. Der Boden war so sauber und ordentlich. Tilly war so stolz auf sich. Zur Freude umarmte sie sich selbst fest.\n\nTilly griff nach ihrem Rechen und fühlte sich innerlich warm und glücklich. Sie hatte mit dem Rechen großartige Arbeit geleistet und war mega stolz auf sich.
Es war einmal ein süßes kleines Kaninchen. Seine Mama sagte ihm, er solle im Garten Laub harken. Also harkte und harkte er, aber es war eine Menge Arbeit und er wurde schnell müde.\n\nSein Papa sah, wie er sich abmühte, und beschloss, ihm zu helfen. Er nahm die Harke, und gemeinsam waren sie im Handumdrehen fertig.\n\nNachdem sie fertig waren, sagte sein Papa zu ihm: „Wenn man sich gegenseitig hilft, erscheinen einem die Hausarbeiten weniger mühsam. Es ist doch viel schöner, sie gemeinsam zu erledigen, oder?“\n\nDas süße kleine Kaninchen nickte und lächelte zustimmend. Dann bat seine Mama ihn, den Tisch abzuwischen, und die beiden wischten ihn gemeinsam ab.\n\nAm Ende lernte das kleine Kaninchen etwas Wichtiges: Wenn man große Aufgaben vor sich hat, ist es okay, um Hilfe zu bitten. Gemeinsam geht die Hausarbeit viel leichter!
Es waren einmal ein Bruder und eine Schwester, die liebten es, zusammen zu spielen. Eines Tages gingen sie in den Park und sahen einen ganz besonderen Becher. Er war groß, bunt und sah aus, als gehörte er einem Zauberwesen. Der Bruder war sehr versucht, ihn zu stehlen, aber die Schwester war gehorsam und ließ es nicht zu.\n\nDer Bruder sagte: „Komm, nimm ihn einfach! Das wird lustig!“\n\nDie Schwester antwortete entschieden: „Nein! Das wäre falsch, Stehlen ist verboten!“\n\nSchließlich hörte der Bruder auf seine Schwester und stellte den Becher zurück. Beide waren froh, dass sie gehorsam gewesen waren und sich an die Regeln gehalten hatten. Danach rannten sie los und spielten ihr Lieblingsspiel.\n\nEnde.
Es war einmal ein großer Fuchs, der lebte im Wald. Er war sehr neugierig und studierte jeden Tag gern die Tiere des Waldes. Eines Tages fragte er ein vorbeihüpfendes Kaninchen: „Weißt du, was ich jeden Tag studiere?“\n\nDas Kaninchen schaute auf und sagte: „Nein, ich weiß nicht, was studierst du?“\n\nDer Fuchs antwortete: „Ich studiere gern die Tiere, die im Wald leben. Ich möchte herausfinden, wie sie leben und was sie tun.“\n\nDas Kaninchen sagte: „Das klingt sehr interessant! Ich wünschte, ich könnte auch studieren.“\n\nDer Fuchs lächelte und sagte: „Das kannst du. Komm einfach morgen mit, dann zeige ich dir, wie man die Tiere im Wald studiert.“\n\nDas Kaninchen war sehr glücklich, und am nächsten Tag gingen die beiden gemeinsam los, um die Tiere im Wald zu studieren. Sie hatten viel Spaß und lernten beide viel.
Es war einmal ein kleiner See mitten im Wald. Alle Tiere warteten auf einen neuen Besucher.\n\nEines Tages kam ein dreijähriges Mädchen an den See. Die Tiere freuten sich riesig, zum ersten Mal einen Menschen zu sehen! Das Eichhörnchen begrüßte sie mit einem freundlichen „Hallo“ und das Reh sagte „Hallo“. Das kleine Mädchen freute sich riesig, die Tiere kennenzulernen und antwortete: „Hallo! Schön, euch kennenzulernen!“\n\nDas kleine Mädchen streifte um den See herum, und die Tiere begleiteten sie. Sie lachte und schloss viele Freundschaften. Alle Tiere freuten sich riesig, dass sie den kleinen See besuchte.\n\nSie verbrachten einen schönen Tag zusammen, spielten und erkundeten den See. Am Ende verabschiedeten sich alle, und das kleine Mädchen sagte: „Vielen Dank für die Gastfreundschaft! Es hat mir so viel Spaß gemacht!“ Und damit winkte sie zum Abschied und setzte ihre Reise fort.
Eines Tages waren Jane und ihr Papa im Park. Jane sah etwas ganz Besonderes – einen großen grünen Baum, der von grünem Pulver umgeben war. Jane ging näher an den Baum heran und sah, dass das Pulver aus winzigen grünen Stückchen bestand.\n\n„Was ist das, Papa?“, fragte Jane.\n\n„Das ist besonderes Pulver, Jane“, antwortete ihr Papa. „Lass uns etwas davon sammeln und mit nach Hause nehmen.“\n\nAlso fingen Jane und ihr Papa an, das Pulver in einen Eimer zu füllen. Sie füllten den Eimer mit dem Pulver und machten sich auf den Heimweg.\n\nZu Hause fragte Papa Jane, was sie mit dem grünen Pulver machen wolle.\n\n„Lass uns einen besonderen Kuchen daraus backen“, sagte sie.\n\nAlso backten Jane und ihr Papa aus dem grünen Pulver einen besonderen Kuchen. Sie schnitten ihn in Stücke und teilten ihn unter sich auf. Jane lächelte, denn es war der leckerste Kuchen, den sie je gegessen hatte.\n\nEnde.
Es war ein sonniger Tag und Jimmy spielte draußen im Park. Beim Herumrennen begegnete ihm eine Maus. Er war ganz aufgeregt und bemerkte, wie beweglich die kleine Maus war.\n\nJimmy rief: „Wow, die Maus ist so beweglich! Vielleicht will sie mein Freund sein!“\n\nDie Maus überraschte ihn, indem sie ihm direkt auf die Schulter sprang! Jimmy war überglücklich und dachte: „Jetzt habe ich einen neuen besten Freund!“\n\nJimmy und die Maus hatten so viel Spaß beim gemeinsamen Herumrennen im Park, als sie plötzlich jemanden auf sich zukommen hörten. Es war Jimmys Mutter. Sie war gekommen, um ihn nach Hause zu holen.\n\nJimmy rief: „Mama, schau mal, ich habe einen neuen Freund gefunden, eine Maus!“\n\nDoch zu Jimmys Überraschung sagte seine Mutter: „Oh nein, wir können sie nicht behalten.“ Armes Ding, lass es los.’\n\nJimmy verabschiedete sich traurig von seinem neuen Freund und sah zu, wie die Maus davonlief. Ihm wurde klar, dass er sie nie wiedersehen würde.\n\nEnde.
Es waren einmal zwei Freunde, die im Garten spielten. Der eine war tollpatschig, der andere nicht.\n\nDer Tollpatschige sagte: „Lass uns ein Käferchen fangen!“\n\nAber der andere war anderer Meinung.\n\nDer Tollpatschige sagte: „Warum willst du kein Käferchen fangen?“\n\nDer andere Freund sagte: „Käfer können ganz schön gruselig sein. Lass uns lieber Verstecken spielen.“\n\nDer Tollpatschige war anderer Meinung. „Nein, lass uns ein Käferchen fangen!“\n\nDann hatten die beiden Freunde eine Idee. Sie beschlossen, beide Spiele zu spielen. Zuerst würden sie ein Käferchen fangen und danach im Garten Verstecken spielen.\n\nSie rannten im Garten herum, jagten die Käferchen und hatten jede Menge Spaß. Der Tollpatschige rannte tollpatschig, der andere rannte schneller und fing mehr Käfer.\n\nDie beiden Freunde lachten und spielten zusammen, bis sie müde waren. Glücklich und aufgeregt gingen sie nach Hause.
Eines Tages machten der kleine Bär und seine Mama einen Besuch. Sie nahm ihn mit an einen Ort, den er noch nie zuvor gesehen hatte. Es war ein eisiger Ort mit viel Schnee. Während sie herumliefen, hörte der kleine Bär Musik. Sie kam von etwas, das seine Mama Radio nannte. Das brachte den kleinen Bär zum Lächeln.\n\nAls der kleine Bär seine Mama danach fragte, sagte sie, es hieße Radio und spiele Musik.\n\nDer kleine Bär fragte: „Kann ich damit auch Musik machen?“\n\nMama sagte: „Ja, kleiner Bär, du kannst auch deine eigene Musik machen. Lass es uns gemeinsam versuchen.“\n\nAlso machten der kleine Bär und seine Mama gemeinsam Musik mit dem Radio. Der kleine Bär war so glücklich. Es war ein toller Besuch!
Es war einmal ein kleines Mädchen namens Nora, das die Natur erkunden wollte. Sie ging zu einer Wiese voller weißer Blumen und pflückte sich eine der schönsten. Sie roch daran, und es war so süß.\n\nDann sah Nora ein kleines Häschen im Gras herumhüpfen. Sie kicherte und lächelte und rief es leise zu sich. Das Häschen hüpfte immer näher, bis es direkt neben ihr stand. Nora war so glücklich, dass sie sich bückte und das Häschen auf die Nase küsste.\n\nDas Häschen war überglücklich und hüpfte auf die Wiese und fand seine Familie. Nora lächelte und blickte hinaus auf die Wiese, genoss all das Weiß und die Schönheit der Natur. Es war so herrlich, wie ein Bild aus einem Märchen.\n\nNora spielte weiter, bis die Sonne unterging. Sie dankte der Natur für diesen wundervollen Tag, küsste ihre Hand und hauchte sie gen Himmel. Und damit ging Nora nach Hause und legte sich ins Bett, wobei sie von all den wunderbaren Dingen träumte, die die Natur zu bieten hatte.
Es war einmal ein lebhaftes junges Rentier am Nordpol. Es war immer so begeistert vom Schnee und liebte es, draußen in der Kälte zu spielen! Eines Tages beschloss es, in den Schnee hinauszugehen und ihn zu erkunden.\n\nAlso machte es sich auf den Weg, erkundete den Schnee und hatte Spaß. Doch plötzlich bemerkte es etwas, das es vorher noch nie gesehen hatte – ein großes, tiefes Loch im Schnee. Es ging hinüber, um nachzuschauen, und bemerkte, dass es voller Eis war.\n\nIn diesem Moment bemerkte seine Mutter, was passierte, und rief ihm zu. Sie warnte ihn, sich von dem Loch fernzuhalten: „Komm nicht zu nah heran! Das Eis ist zu kalt für ein Rentier wie dich!“\n\nDas junge Rentier hörte aufmerksam zu und versprach, sich von dem tiefen, kalten Loch fernzuhalten. Es dankte seiner Mutter für die Warnung und versprach, von nun an vorsichtiger zu sein.\n\nDas lebhafte Rentier war viel vorsichtiger und hielt Sicherheitsabstand von dem tiefen, eisigen Loch. Es lächelte und erkundete weiter den Schnee.\n\nEnde.
Es war einmal ein kleines Mädchen namens Lucy. Eines Tages war Lucy sehr traurig. Sie wollte wegfliegen, um glücklich zu sein, aber sie war zu jung.\n\nDann erschien eine helle Flamme am Himmel. Lucy erschrak zunächst, doch dann erkannte sie, dass die Flamme aus Magie bestand.\n\nLucy fragte die Flamme: „Kannst du mich wegfliegen lassen, damit ich wieder glücklich sein kann?“\n\nDie Flamme antwortete: „Ja, ich kann dir erlauben wegzufliegen, aber zuerst musst du mir versprechen, für deine Familie zu sorgen.“\n\nLucy lächelte und sagte: „Ich werde auf jeden Fall für sie sorgen. Bitte lass mich wegfliegen!“\n\nDie Flamme erlaubte Lucy, die Arme auszubreiten und in die Nacht hinauszufliegen. Sie fühlte sich glücklich, frei und nicht mehr traurig. Lucy winkte der Flamme zum Abschied und setzte ihre Abenteuer fort.
Es war einmal ein tapferer Krieger, der lebte weit weg im Wald.\n\nEines Tages segelte der Krieger in einem kleinen Boot davon, um die Welt zu erkunden. Sie segelten stundenlang umher und erreichten schließlich ein neues Land.\n\nDer Krieger war neugierig, also sprangen sie vom Boot und begannen zu erkunden. Aber es war unbequem, also beschloss der Krieger, zum Boot zurückzukehren.\n\nIn ihrer Eile, zurückzukommen, rief der Krieger: „Schnell! Schnell!“ Da flog ein freundlicher Vogel vorbei. Der Krieger lächelte und fragte den Vogel: „Kennst du eine schnellere Art zu segeln?“\n\nDer Vogel antwortete: „Natürlich! Folge mir, ich zeige es dir!“ Der Krieger sprang schnell auf das Boot und folgte dem Vogel.\n\nDer Vogel zeigte dem Krieger, wie er das Boot schneller segeln lassen konnte, und bald darauf war der Krieger auf dem Weg. Die Brise war sanft, und der Krieger fühlte sich wieder wohl.\n\nDer Krieger dankte dem Vogel, dass er ihnen den Weg gezeigt hatte, und segelte davon, um die Freundlichkeit des Vogels nie zu vergessen.
Es war einmal ein kleines Mädchen. Sie liebte es, draußen in der Sonne zu spielen. Eines Tages schien die Sonne so hell, und alles war so warm.\n\nDas kleine Mädchen rannte aufgeregt herum. Sie rannte so schnell, dass ihr schwindelig wurde, und fiel zu Boden.\n\nDoch dann spürte sie zu ihrer Überraschung etwas Kaltes. Sie blickte nach unten und sah, dass der Boden mit Schnee bedeckt war. Das kleine Mädchen schnappte nach Luft.\n\nSchnell rannte sie zu ihrer Mutter und sagte: „Mama, draußen liegt Schnee! Können wir spielen gehen?“\n\nIhre Mutter kicherte und sagte: „Ja, aber wir müssen zuerst einen Sack holen.“\n\nAlso gingen sie nach draußen und sammelten den Schnee in einem Sack. Das kleine Mädchen war so aufgeregt, dass sie sich im Kreis drehte und einen kleinen Schneesturm verursachte.\n\nSie nahmen den Sack mit nach Hause und stellten ihn neben den Kamin. Das kleine Mädchen wollte den ganzen Tag mit dem Schnee spielen, und ihre Mutter sagte, sie könne genau das tun.\n\nSo verbrachte das kleine Mädchen den Tag damit, im Schnee zu spielen, bis der Sack leer war. Es war kalt, aber trotzdem hat es so viel Spaß gemacht!
Es war einmal ein Junge namens Tom. Tom wollte etwas Besonderes sehen und ging deshalb auf einen hohen Berg. Draußen war es sonnig und warm, sodass der Schnee zu schmelzen begann. Tom fand etwas Überraschendes: einen Magneten! Er war ganz aufgeregt und hob ihn auf.\n\nTom sah sich um und versuchte, mit seinem Magneten etwas zu finden. Bald bemerkte er, dass der Magnet einige Metallstücke vom Boden anzog. Er hob sie auf und steckte sie in seine Tasche.\n\nTom spielte weiter mit seinem Magneten. Plötzlich hörte er ein Geräusch – es war hoch und laut! Er blickte auf und sah einen wunderschönen Regenbogen. Er lächelte – das war etwas Besonderes!
Eines Sommermorgens lief ein kleiner Junge namens Andy draußen herum. Er sah ein weißes Kaninchen im Gras und wollte es berühren. Er ging zu dem Kaninchen und streckte seine Hand aus, blieb aber kurz davor stehen. Zwei grüne Spinnen krabbelten auf dem Kaninchen herum. So etwas hatte er noch nie gesehen und er hatte Angst! Er trat zurück und überlegte sich einen Plan. Er griff leise in seine Tasche und fand ein paar kleine Steine. Er warf die Steine ​​nach den Spinnen und sie rannten davon! Er war so glücklich, dass er das Kaninchen jetzt berühren konnte. Doch dann hüpfte das Kaninchen davon. Andy war etwas traurig, erinnerte sich aber schnell daran, dass er das weiße Kaninchen noch berühren durfte. Es war ein besonderer Moment.
Es war einmal ein kleines Mädchen namens Lucy. Sie liebte es, mit ihren Spielsachen zu spielen, doch heute war alles anders. Sie war mit ihren Eltern draußen, und es waren viele Leute da. Sie waren alle wohlhabend und unterhielten sich über etwas Seltsames.\n\nLucy hörte aufmerksam zu, aber die Worte kamen ihr alle fremd vor. Dann bemerkte sie einen wohlhabenden Mann, der auf seine Zehen zeigte. Sie fragte sich, warum, und fragte ihren Vater: „Worauf zeigt er denn?“\n\nIhr Vater lachte und lächelte: „Der Mann protzt mit seinem Geld! Er ist reich und will, dass es jeder weiß.“\n\nDas machte die kleine Lucy ganz aufgeregt. Sie wünschte, sie hätte auch Geld. Sie wollte ihren Reichtum genauso zur Schau stellen wie der Mann.\n\nDoch dann sagte ihr Vater etwas, das sie traurig machte. Er sagte: „Das ist doch nur so tun als ob. Man braucht kein Geld, um Spaß zu haben!“\n\nAlso legte Lucy ihre Träume vom Reichtum beiseite und spielte weiter mit ihren Spielsachen. Doch insgeheim hoffte sie immer noch, eines Tages auch ihren eigenen Reichtum zur Schau stellen zu können!
Es war einmal ein Junge, der rannte gern. Jeden Tag rannte er schneller. So schnell, dass er eher zu schweben schien als zu rennen! Eines Tages gab ihm seine Mama ein Gewicht zum Tragen. Es war groß und schwer, aber dem Jungen machte es nichts aus. Er hielt sich fest daran und rannte damit, als wäre es nichts.\n\nEr rannte stundenlang, ohne eine Pause zu machen. Das Gewicht wurde immer schwerer, aber der Junge dachte nicht daran. Er rannte immer weiter, immer schneller und immer weiter.\n\nDann, ganz plötzlich, spürte der Junge, wie er stolperte! Er war so unvorsichtig gewesen, dass er nicht mehr auf den Beinen bleiben konnte. Er war zu schnell und zu weit gelaufen, mit zu viel Gewicht in den Händen. Das Gewicht war zu schwer für ihn, und als er fiel, wusste er, dass er viel zu weit gelaufen war. Jetzt war es Zeit, umzukehren und nach Hause zu rennen.
Es war einmal ein Kleiderständer. Er passte perfekt zu einem besonderen Anlass. Ein kleines Mädchen namens Rachel kam, um ihn anzuprobieren.\n\nRachel bemerkte, dass der Ständer schief war. Er stand nicht gerade.\n\n„Keine Sorge“, sagte ihre Mutter. „Das kriegen wir hin.“\n\nIhre Mutter rückte den Ständer vorsichtig zurecht. Rachel schritt ein, und er passte perfekt.\n\n„Sieht wunderschön aus“, sagte ihre Mutter. Rachel lächelte entzückt.\n\nDer Ständer war nicht mehr schief. Er stand gerade, und Rachel sah wundervoll aus. So kam Rachel dazu, den perfekten Kleiderständer für ihren besonderen Tag zu tragen!
Es war einmal ein bescheidenes Auto. Es fuhr mit maßvoller Geschwindigkeit durch die Gegend. Jeden Tag sagte seine Fahrerin Lizzie zu dem Auto: „Los geht’s! Lass uns Gas geben!“ Doch das Auto wollte nie zu schnell fahren.\n\nEines Tages entdeckte Lizzie ein Kaninchen, das die Landstraße entlanghüpfte. Sie schaute zu ihrem Auto und sagte: „Oh je! Wir müssen schneller werden, sonst kriegen wir das Kaninchen nie ein!“ Also trat Lizzie aufs Gaspedal, und das Auto wurde schneller.\n\nDas Kaninchen hüpfte immer schneller, bis es nur noch ein winziger Fleck am Horizont war. Doch das Auto schaffte es, mitzuhalten und fuhr mit maßvoller Geschwindigkeit. Schließlich fuhr Lizzie ihr Auto bis zum Ende der Landstraße, und das Kaninchen hüpfte in den Sonnenuntergang.
Eines Tages saß Mary im Park im Gras und aß ein Sandwich. Sie kaute langsam darauf herum und sah sich um. Plötzlich fiel ihr etwas Funkelndes ins Auge – eine silberne Halskette, die in der Sonne glitzerte. Mary bemerkte, dass sie neben einem Busch lag, und kroch hinüber, um sie genauer zu betrachten.\n\nAls sie näher kam, sah Mary, dass die Halskette an einem dünnen Ast hing. Sie streckte ihre kleine Hand aus, um sie zu nehmen, und fühlte das kühle Metall.\n\nIn diesem Moment rief eine Stimme hinter ihr. Es war eine alte Frau.\n\n„Gefällt sie dir?“, fragte sie.\n\nMary war etwas besorgt, nickte aber und lächelte.\n\n„Sie gehört dir“, sagte die Frau herzlich. „Ich habe gesehen, wie du sie bewunderst, und dachte, du hättest sie vielleicht gerne.“\n\nMary bedankte sich höflich bei der Frau, bevor sie mit der neuen Silberkette in der Tasche nach Hause ging. Von diesem Tag an spielte Mary jedes Mal, wenn sie im Park ihr Mittagessen kaute, auch mit ihrer Silberkette und dachte an den Tag zurück, als sie sie zum ersten Mal gesehen hatte.
Es war einmal ein kleiner Junge namens Joe. Er war immer glücklich und kerngesund.\n\nEines Tages sah Joe einen wunderschönen Vogel am Himmel. Er war so erstaunt und zeigte darauf.\n\n„Schau mal!“, sagte er zu seiner Mutter.\n\nSeine Mutter blickte auf und lächelte. „Joe, ist dir nicht klar, dass der Himmel voller Vögel ist?“\n\nJoe dachte einen Moment nach, dann strahlte sein Gesicht. Ihm war klar geworden, dass der Himmel voller wundervoller Vögel war.\n\nMama lächelte, stolz auf ihren kleinen Jungen. Sie freute sich, dass er etwas so Besonderes erkannte. Auch Joe war glücklich – er hatte gerade eine wunderbare Erkenntnis gehabt.
Es war einmal ein kleines Mädchen namens Lucy, das mit Kreide spielte. Sie malte damit wunderschöne Bilder vor ihrem Haus.\n\nPlötzlich kam ihre Freundin Mary vorbei und fragte, ob sie mitspielen wolle. Lucy sagte ja, aber Mary dachte sich etwas anderes aus. Sie wollte ihre Kreide halbieren.\n\nLucy war darüber nicht glücklich. Sie wollte nicht, dass jemand ihre Originalkreide anrührte. Aber Mary bestand darauf und sagte: „Komm, Lucy, lass uns die Kreide schneiden! Das wird lustig!“\n\nLucy weigerte sich, aber nach einiger Überredung von Mary willigte sie ein. Also holten sie ein Messer und begannen, die Kreide zu schneiden. Doch zu ihrer Überraschung wurden die Kreidestücke immer kleiner, bis die Kreide verschwand.\n\nLucy war traurig. Sie wusste, dass ihre Kreide nie wieder dieselbe sein würde. Besser, man rührt ein Original nicht an.
Es war einmal ein kleines Mädchen namens Amy. Sie war sehr aufgeweckt und immer auf der Suche nach neuen Dingen. Eines Tages beschloss sie, einen Maler zu suchen, der ihr helfen könnte. Sie verließ das Haus und suchte überall.\n\nAmy ging die Straße entlang und fand bald einen Maler. Sie war so aufgeregt! Sie fragte den Maler: „Kannst du mir helfen?“ Der Maler lächelte Amy an und sagte: „Ja, das kann ich! Wobei brauchst du Hilfe?“\n\nAmy sagte: „Kannst du mein Schlafzimmer streichen? Es würde viel besser aussehen.“\n\nDer Maler lächelte wieder und sagte: „Ja, das kann ich für dich machen. Ich kann es zu etwas ganz Besonderem machen.“\n\nAmy war sehr glücklich und dankte dem Maler. Sie sah zu, wie er das Zimmer strich. Es war, als wäre Magie in ihr Schlafzimmer gekommen.\n\nAmy war an diesem Tag besonders aufmerksam, als sie dem Maler bei der Arbeit in ihrem Schlafzimmer zusah. Sie genoss jeden Augenblick. Als der Maler fertig war, bedankte sie sich noch einmal und umarmte ihn herzlich. Der Maler lächelte, bevor er ging.\n\nAmys Schlafzimmer hatte noch nie so schön ausgesehen. Sie war so glücklich und strahlte über das ganze Gesicht.\n\nEnde.
Es war einmal ein kleines Mädchen namens Lola. Sie war drei Jahre alt und liebte lila Dinge. Eines Tages ging sie im Park spazieren, als sie ein großes Gebäckstück sah. Es war mit lila Zuckerguss überzogen, und sie wollte es unbedingt probieren!\n\nLola rannte zum Gebäckstück und zog daran. Es klebte fest, also zog sie immer fester. Plötzlich riss das Gebäckstück entzwei!\n\nLola schnappte überrascht nach Luft und rief: „Ich hab’s geschafft!“ Sie schnappte sich ein Stück Gebäck und biss tief hinein. Es schmeckte so süß und köstlich.\n\nPlötzlich hörte Lola die Stimme ihrer Mutter und wusste, dass es Zeit war, nach Hause zu gehen. Schnell nahm sie das andere Stück Gebäckstück und rannte zu ihrer Mutter.\n\nLola zeigte ihrer Mutter das Gebäckstück und sagte: „Schau mal, was ich gefunden habe!“ Ihre Mutter lächelte und sagte: „Sieht echt lecker aus. Jetzt packen wir es in eine Tüte, bis wir zu Hause sind.“\n\nEnde
Es war einmal ein kreativer Bauer auf einem Bauernhof. Er liebte seinen Hof und die Tiere, die dort lebten. Jeden Tag ging er hinaus und kümmerte sich um die Tiere.\n\nEines Tages bemerkte der Bauer etwas Seltsames. Eine seiner Enten schien den anderen Tieren etwas zu erklären, aber er verstand kein Wort.\n\nEr ging zu den Tieren und fragte: „Was ist hier los?“\n\nDie Ente antwortete: „Ich erkläre den anderen Tieren, dass es hinter dem Hügel einen großen Teich mit vielen leckeren Käfern und Fischen gibt.“\n\nDer Bauer lächelte und sagte: „Das klingt nach einer wunderbaren Idee. Lasst uns diesen großen Teich erkunden und sehen, was wir finden.“\n\nAlso marschierten der Bauer und die Tiere über den Hügel und über das Feld, bis sie den großen Teich erreichten. Sie hatten viel Spaß beim Spielen und Erkunden des Teichs und fanden viele leckere Käfer und Fische.\n\nDer Bauer dankte der kreativen Ente dafür, dass sie ihnen den Teich gezeigt hatte, und alle Tiere gingen glücklich nach Hause.
Es war einmal ein kleines Mädchen namens Jill, das ein ganz besonderes Spielzeug hatte. Es war ein schwarzes Auto, das durchs Zimmer flitzen konnte. Sie liebte es, damit zu spielen und es hin und her zu sausen. Jeden Morgen, wenn Jill aufwachte, ging sie zum Spielzeugauto, um sich zu vergewissern, dass es noch da war.\n\nEines Tages, als Jill das Auto betrachtete, bemerkte sie etwas Seltsames. An der Seite war ein Aufdruck. Sie konnte nicht herausfinden, woher er kam. Sie starrte weiter auf den Aufdruck, und plötzlich sauste das Auto durchs Zimmer. Jill war so aufgeregt, sie konnte es nicht glauben!\n\nDas Auto sauste, sauste, sauste durchs Zimmer. Jill folgte ihm, und es blieb vor einer großen schwarzen Kiste stehen. Jill öffnete die Kiste und darin war ein Geschenk für sie. Es war ein schwarzer Spielzeugroboter! Sie war so aufgeregt und traute ihren Augen nicht.\n\nJill erkannte, dass der Aufdruck auf ihrem Auto derselbe war wie auf der Kiste. Das Auto hatte die ganze Zeit gewusst, dass es das Geschenk war, und war durch den Raum gerast, um ihr die besondere Überraschung zu zeigen.
Es war einmal ein kleines Mädchen namens Susie. Susie liebte es, den großen Garten ihres Hauses zu erkunden. Eines Tages ging Susie mit ihrem Teddybären nach draußen. Beim Herumtollen entdeckte sie etwas, das sich hinter einem Busch versteckte. Sie ging näher heran und als sie hinter den Busch spähte, entdeckte sie ein Kätzchen! Susie war so aufgeregt, das Kätzchen zu sehen, dass sie sofort zu ihm rannte.\n\nSusie sagte zu dem Kätzchen: „Hallo Kätzchen, warum bist du hier ganz allein?“\n\nDas Kätzchen miaute und sagte dann: „Ich habe mich verlaufen. Ich weiß nicht, wie ich nach Hause komme.“\n\nSusie tat das Kätzchen so leid und sie wollte ihm helfen. Sie sagte: „Mach dir keine Sorgen, Kätzchen. Ich kann dir helfen, den Weg nach Hause zu finden! Lass uns hingehen und nachsehen.“\n\nAlso machten sich Susie und das Kätzchen auf den Weg zum Zuhause des Kätzchens. Nach einer Weile gerieten sie in Schwierigkeiten. Ein großer, wütender Hund versperrte ihnen den Weg. Susie und das Kätzchen hatten Angst, aber Susie behielt einen kühlen Kopf und sagte: „Keine Sorge, Kätzchen. Wir finden einen anderen Weg.“ Also rannten beide weg und fanden einen versteckten Weg zum Haus des Kätzchens.\n\nEndlich kamen sie beim Haus des Kätzchens an. Sie verabschiedeten sich voneinander.
John und Sarah spielten zusammen in ihrem Garten, als sie ein Stück Metall fanden. Es glänzte und spiegelte, und sie konnten es kaum erwarten, es ihren Eltern zu zeigen.\n\nJohn fragte Sarah: „Was sollen wir mit dem Metall machen?“\n\nSarah überlegte kurz und sagte dann: „Lass es uns Mama und Papa bringen!“ Daraufhin rannten sie aufgeregt los, bereit, ihre Eltern zu überraschen.\n\nSie rannten ins Haus und riefen: „Mama, Papa! Schaut mal, was wir gefunden haben!“\n\nIhre Eltern waren sehr überrascht und fragten: „Wo habt ihr dieses Stück Metall gefunden?“\n\nJohn und Sarah waren so stolz auf ihre Entdeckung und konnten es kaum erwarten, die Geschichte zu erzählen. Sie erzählten, dass sie das Metall draußen im Garten gefunden hatten und es so glänzend und spiegelnd war.\n\nIhre Eltern lächelten und sagten: „Na, warum geht ihr nicht beide damit in der Nachbarschaft umher und schaut, ob ihr es seinem rechtmäßigen Besitzer zurückgeben könnt. Wenn es niemand nimmt, könnt ihr es behalten!“\n\nJohn und Sarah waren so fröhlich und aufgeregt über die Aussicht, dabei zu helfen, den wahren Besitzer des Metalls zu finden, dass sie es sich schnappten und losgingen, bereit, ihre Nachbarn aufzusuchen.
Es war einmal ein kleines Mädchen mit dunklen Haaren. Sie hieß Joy. Sie lebte mit ihren Eltern in einem großen Haus. Eines Tages spielte Joy draußen im Garten. Plötzlich spürte sie etwas an ihrem Bein – etwas, das sie zwickte. Es war ein großes, schwarzes Insekt!\n\nJoy schrie und versuchte wegzulaufen, aber das Insekt verfolgte sie weiter. Sie versuchte wegzurennen und sich zu verstecken, aber es war zu schnell.\n\nJoys Eltern hörten ihre Schreie und kamen angerannt. Sie halfen ihr mit einem Stock, das Insekt loszuwerden. Nachdem das Insekt verschwunden war, umarmten sie Joy und sagten ihr, alles werde gut.\n\nAls das Insekt verschwunden war, war Joy erleichtert und glücklich. Sie spielte weiter im Garten und achtete darauf, nicht noch mehr Insekte zu zertreten.
Es war einmal ein kleines Mädchen namens Rita. Sie war sanft und lieb und immer nett zu allen. Eines Tages ging Rita im Park spazieren und bemerkte etwas Glänzendes. Sie beschloss, es genauer zu betrachten. Als sie näher kam, erkannte sie, dass jemand ein fremdes Spielzeug gestohlen hatte.\n\nRita war sehr traurig, weil sie wusste, dass das Spielzeug jemand anderem gehörte. Doch dann sah sie sich das Spielzeug an und bemerkte, dass ein Teil kaputt war. Sie kämpfte mit aller Kraft und schaffte es, es zu reparieren.\n\nRita hob das Spielzeug auf und beschloss, herauszufinden, wem es gehörte. Sie ging durch den ganzen Park und zeigte es jedem, der danach zu suchen schien. Schließlich fand sie einen kleinen Jungen, der nach dem Spielzeug suchte.\n\nRita gab dem Jungen leise das Spielzeug, der sie überrascht ansah. Er dankte ihr und sagte: „Du hast mir etwas sehr Wichtiges beigebracht: Respektiere den Besitz anderer und behandle andere freundlich.“\n\nRita lächelte und war stolz auf sich. Sie hatte etwas Gutes getan und etwas bewirkt. Später an diesem Tag dachte Rita bei sich: „Wenn man sanft und freundlich ist, kann man magische Dinge tun!“
Eines Tages waren John und seine Mutter im Wald unterwegs. John suchte nach Holz für sein Spielzeugboot. Sie hatten stundenlang gesucht, aber noch nichts gefunden.\n\n„Bist du sicher, dass es hier Holz gibt, Mama?“, fragte John.\n\n„Natürlich“, sagte sie fröhlich. „Such einfach weiter, wir werden es bestimmt finden.“\n\nJohn suchte weiter und stieß bald auf eine alte Truhe. Aufgeregt öffnete er sie und stellte seine zuverlässige Kraft unter Beweis. Darin fand er das Holz, nach dem er suchte.\n\nJohn verbesserte sein Spielzeugboot schnell, da seine Kraft nun zuverlässig war. Mit neuem Selbstvertrauen raste John mit seinem Boot den Fluss hinunter. Er segelte schneller als je zuvor und genoss das Abenteuer, das er erlebt hatte.\n\nJohn war wirklich froh, das Holz gefunden zu haben!
Es war einmal ein kleiner Junge namens Thomas. Er war drei Jahre alt und liebte es, die Welt zu erkunden. Eines Tages begab er sich auf ein großes Abenteuer zu einer weit entfernten Oase.\n\nUnterwegs fand er einen abgebrochenen Ast. Er wollte ihn berühren, zog seine Hand aber schnell wieder weg, da er zu scharf war.\n\nAls Thomas seine Reise fortsetzte, grübelte er darüber nach, warum der Ast so abgebrochen war. Bald stieß er auf einen kleinen Fluss, der an der Oase entlangfloss. Er erinnerte sich an den Ast und fragte sich, ob der Fluss etwas damit zu tun hatte.\n\nDer kleine Junge erreichte die Oase und war voller Ehrfurcht. Er rannte zum Ufer und begann, den Ast zu berühren. Sobald er es tat, schwoll der Fluss an und die Strömung wurde schnell stärker. Thomas zog seine Hand schnell wieder weg.\n\nDer kleine Junge erkannte, dass der Ast durch das schnell steigende Wasser abgebrochen war. Thomas verstand nun, warum der Ast so abgebrochen war, und achtete darauf, ihn nicht noch einmal zu berühren.
Es war einmal eine faule Gestalt, die immer nach Entspannung suchte. Eines Tages sah sie in der Ferne einen großen Baum und beschloss, ein Nickerchen zu machen. Als sie dort lag, rief eine leise Stimme: „Hey! Wach auf!“\n\nDie faule Gestalt öffnete die Augen und sah ein kleines Kind vor sich stehen. Das Kind bestand darauf, dass die Gestalt mit ihm spielen sollte. Doch die faule Gestalt war zu faul, sich zu bewegen, und lehnte das freundliche Angebot höflich ab.\n\nDas Kind war jedoch sehr hartnäckig und bestand darauf, dass die Gestalt mit ihm spielen sollte. Schließlich gab die Gestalt nach und willigte ein, dem Kind zu folgen.\n\nUnd so folgte die faule Gestalt dem Jungen und hatte einen unglaublich schönen Tag! Sie lachten und spielten stundenlang, und bald war ihr Tag zu Ende. Die Gestalt war sehr dankbar für die Gesellschaft und verabschiedete sich von dem wunderbaren kleinen Kind.\n\nErfrischt kehrte die Gestalt nach Hause zurück, und die Kinder ringsum bestanden weiterhin darauf, dass sie mit ihnen spielte, um viel Spaß zu haben.\n\nEnde.
Es war einmal ein kleines Häschen. Sie hieß Chloe und freute sich riesig darauf, die Welt zu erkunden.\n\nEines Tages hüpfte sie durch den Wald, als etwas Großes passierte! Die Bäume begannen zu beben und der Boden grollte. Chloe wusste nicht, was sie tun sollte, also duckte sie sich und hielt sich die Ohren zu, bis das Beben aufhörte.\n\nAls alles vorbei war, sah sich Chloe um und sah all die anderen Tiere. Sie sahen alle genauso verängstigt aus wie sie.\n\nPlötzlich meldete sich eine weise alte Eule zu Wort. „Meine Freunde“, sagte sie. „Wir hatten gerade ein Erdbeben!“\n\nAlle sahen verwirrt aus. „Was ist ein Erdbeben?“, fragte Chloe.\n\n„Es ist ein heftiges Beben, das manchmal vorkommt“, sagte die Eule. „Wir müssen alle vorsichtig sein, wenn es passiert!“\n\nChloe dankte der Eule dafür, dass sie ihr etwas Neues beigebracht hatte, und von diesem Tag an war sie besonders vorsichtig, wenn sie ein Grollen im Boden hörte.
Es war einmal ein kleines Mädchen namens Molly. Sie machte sich große Sorgen, weil sie ihr Lieblingsspielzeug verloren hatte. Eines Nachts, als sie weinend im Bett lag, hörte sie ein leises Rufen. Molly öffnete das Fenster und eine freundliche Eule flog herein.\n\nMolly war überrascht, doch die Eule wollte nur helfen. Sie flog suchend durchs Zimmer, bis sie Mollys Spielzeug fand. Sie breitete die Flügel aus und ließ es Molly in den Schoß fallen.\n\nMolly war erstaunt und fragte die Eule: „Was bist du?“\n\nDie Eule rief erneut und sagte: „Ich bin eine Eule! Ich habe gesehen, dass du dir Sorgen machst, deshalb wollte ich kommen und dein Spielzeug zurückbringen. Und jetzt schlaf bitte gut.“\n\nMolly dankte der Eule und schlief mit einem Lächeln im Gesicht ein. Von diesem Tag an war Molly überzeugt, dass Eulen magische Wesen sind, die alle Sorgen vertreiben können.
Es war einmal ein kleiner Junge, der ein Abenteuer erleben wollte. Er beschloss, mit einem Boot aufs Meer hinauszufahren. Nach ein paar Stunden erreichte das Boot eine große, wunderschöne Insel.\n\nDie Insel war so schön, dass der Junge sie erkunden wollte. Er sprang aus dem Boot ins Wasser und schwamm auf die Insel zu. Eine leichte Brise kühlte ihn beim Schwimmen.\n\nDer Junge erreichte das Ufer der Insel. Er sah sich um und bemerkte eine kleine Hütte. Er stand auf und ging darauf zu. Als er ankam, hörte er eine Stimme sagen: „Hallo! Wer bist du?“\n\nDer Junge war überrascht. Er sah sich um und sah einen alten Mann in der Nähe stehen. Der alte Mann sagte: „Ich bin der Wächter der Insel. Mein Name ist John. Wie heißt du?“\n\nDer Junge lächelte und sagte seinen Namen. Dann fragte er, ob er die Insel erkunden dürfe. John sagte zu ihm: „Natürlich kannst du das. Aber sei vorsichtig – manche Teile der Insel können etwas wild sein. Ich bleibe hier und passe auf, dass du sicher bist.“\n\nAlso erkundete der Junge mit John die Insel. Sie spazierten am Strand entlang und schwammen im milden Meer. Als es dann Zeit war, zurückzukehren, dankte der Junge John, dass er ihm die Insel gezeigt hatte, und winkte zum Abschied.\n\nMit vielen schönen Erinnerungen an die Insel segelte der Junge zurück ans Ufer. Er
Es war einmal eine Fee, die lebte in einem Baum in der Nähe eines Teichs. Die Fee war sehr stur und wollte immer, dass alles nach ihrem Willen lief.\n\nEines Tages, als die Fee um den Baum flog, sah sie einen Jungen, der am Teich spielte. Der Junge hatte einen roten Ballon, den er in den Teich werfen wollte.\n\nDie Fee rief dem Jungen zu: „Halt, lass den Ballon nicht fallen!“ Doch der Junge war zu stur, um zuzuhören, und ließ den Ballon in den Teich fallen.\n\nDie Fee flog zum Teich hinunter, und mit einem Wink ihres Zauberstabs erhob sich der Ballon aus dem Teich, viel trockener und heller als zuvor.\n\nDer Junge war überglücklich. Er umarmte die Fee und dankte ihr für die Rettung seines Ballons. Die Fee lächelte und sagte: „Nächstes Mal musst du vorsichtiger sein und auf mich hören!“
Es war einmal eine schwarze Schallplatte. Sie war sehr hilfreich und konnte Großes bewirken.\n\nEines Tages wollte ein Dreijähriger die Schallplatte benutzen. Die Schallplatte sagte: „Ich kann dir nicht helfen. Du musst älter sein.“ Der Dreijährige war sehr traurig.\n\nDann tauchte ein alter Mann auf. Er war sehr hilfsbereit und bot an, die Schallplatte wieder zum Laufen zu bringen. Er versuchte herauszufinden, wie er sie wieder zum Laufen bringen könnte, aber so sehr er sich auch bemühte, es gelang ihm nicht.\n\nDer Dreijährige war sehr traurig. Er fragte den alten Mann: „Kannst du sie wieder zum Laufen bringen?“\n\nDer alte Mann schüttelte den Kopf und sagte: „Tut mir leid, aber ich kriege sie nicht wieder zum Laufen. Ich habe alles versucht. Ich fürchte, die Schallplatte wird nie wieder funktionieren.“\n\nDer Dreijährige war sehr traurig und vergaß die schwarze Schallplatte nie. Er sah den alten Mann nie wieder.
Es war einmal ein kleines Mädchen, das Ausflüge liebte. Eines Morgens wachte es auf und fragte seine Mutter: „Können wir heute einen Ausflug machen?“ Ihre Mutter lächelte und sagte: „Ja, los geht‘s!“\n\nDas kleine Mädchen zog sich schnell an und sie gingen nach draußen. Die Sonne schien hell und der Himmel hatte eine wunderschöne Farbe.\n\nDie Mutter und das kleine Mädchen gingen in den Park und zum Teich. Das kleine Mädchen war ganz aufgeregt und wollte den Teich aufrühren. Sie schnappte sich den Stock und rührte das Wasser um.\n\nDer Teich verwandelte sich in einen bunten Strudel voller Spaß. Das kleine Mädchen war so glücklich, dass sie vor Freude herumtanzte. Im Strudel fand sie bunte Fische, Steine ​​und einen kleinen Schatz.\n\nDie Mutter und das kleine Mädchen hatten einen wunderschönen Ausflug und kehrten mit vielen schönen Erinnerungen nach Hause zurück.
Es war einmal ein Mädchen namens Jane. Sie verteilte mit ihren Freunden Süßigkeiten. Alle hatten so viel Spaß und konnten nicht aufhören zu lachen.\n\nPlötzlich kam John zur Gruppe und sah, dass alle Süßigkeiten hatten. Er war neidisch, dass er keine hatte.\n\nJane bot John freudig ein Stück Süßigkeiten an. „Schon gut“, sagte sie, „wir teilen.“\n\nJohn konnte Janes Freundlichkeit kaum fassen. Er nahm die Süßigkeiten an und genoss sie gemeinsam mit den anderen Kindern.\n\nMoral: Teilen bringt Menschen näher zusammen und kann alle glücklich machen.
Es war einmal ein kleines Mädchen, das liebte es zu spielen. Überall, wo es hinging, fand es etwas Neues und Aufregendes zum Spielen.\n\nEines Tages spielte das kleine Mädchen im Garten und fand einen seltsamen Reisepass. Der Pass sah seltsam aus, und sie fragte sich, woher er wohl kam. Der Pass gehörte einer magischen Meerjungfrau, die den Garten besucht hatte.\n\nDas kleine Mädchen wollte den Pass ihrer Familie zeigen, also steckte sie ihn in die Tasche und ging hinein. Doch als sie ihrer Familie den Pass zeigen wollte, war er nirgends zu sehen.\n\nDas kleine Mädchen suchte überall, doch der Pass war nirgends zu sehen. Sie fragte ihre Familie, ob sie den Pass gesehen hätten, doch sie hatten ihn nicht gesehen. Plötzlich hörte das kleine Mädchen eine Stimme aus dem Garten. Es war die magische Meerjungfrau, die sich bei dem kleinen Mädchen für den Fund ihres Passes bedankte.\n\nDas kleine Mädchen war so glücklich, den Pass gefunden zu haben, und die magische Meerjungfrau war dankbar, ihn wiederzubekommen. Sie spielten zusammen im Garten, bis es Zeit für die Meerjungfrau war, nach Hause zurückzukehren.\n\nVon diesem Tag an hatte das kleine Mädchen ihren Reisepass nie mehr weg und war immer bereit, neue und aufregende Orte zu erkunden.
Bruce war ein unglaublich aufgeweckter Dreijähriger. Er spielte mit seinen Freunden im Garten und sie hatten jede Menge Spaß. Sie spielten ein Spiel, aber Bruce spürte, dass etwas nicht stimmte.\n\nEr fragte seinen Freund: „Vertraust du deiner Soße?“ Sein Freund zuckte mit den Achseln und sagte: „Klar, sie ist lecker und ich esse sie immer.“ Bruce dachte kurz nach und fragte dann: „Glaubst du, sie ist immer zuverlässig?“\n\nSein Freund antwortete: „Ja, sie war immer super und hat mich nie enttäuscht. Ich glaube, sie ist zuverlässig.“ Das reichte Bruce, und er beschloss, der Soße zu vertrauen.\n\nEr beschloss, das Spiel weiterzuspielen und Spaß zu haben, im Vertrauen darauf, dass die Soße immer zuverlässig sein würde. Zusammen mit seinem Freund beendeten sie das Spiel glücklich.
Eines Tages waren Mama und Jack im Garten. Jack sah sich um und sah die vielen verschiedenen Farben der Blumen. „Mama, darf ich eine pflücken?“, fragte er.\n\nMama nickte. „Ja“, sagte sie. „Such dir eine große, zuverlässige Blume aus, die nicht kaputtgeht, wenn du sie ins Haus bringst.“\n\nJack überlegte lange und pflückte dann eine sehr große rosa Blume. Er steckte sie in die Tasche. Doch als er nach Hause kam, bemerkte er, dass die Blütenblätter von seiner Blume abgefallen waren.\n\nJack war traurig. Wie sollte er Mama jetzt etwas Zuverlässiges zeigen? Er bat seinen Freund Paul um Hilfe. Paul sagte, er könne helfen, aber zuerst müsse Jack etwas für ihn tun.\n\nJack sagte okay, und Paul sagte ihm, er solle noch eine Blume aus dem Garten pflücken und sie ihm bringen. Jack nickte, ging zurück in den Garten und suchte sich sorgfältig eine gelbe Blume aus.\n\nJack brachte die gelbe Blume zu Paul, der sich bedankte und Jack ein paar Samen aus seinem Garten gab. Jack pflanzte die Samen in seinem Garten ein, und jetzt kann Jack jeden Sommer seine zuverlässigen Blumen wachsen sehen!
Es war einmal ein kleines Mädchen namens Lucy, das etwas ganz Besonderes verkaufen wollte. Sie wickelte ihr Knie sorgfältig in eine Kiste und brachte es nach draußen.\n\nAls sie auf dem Marktplatz ankam, sah Lucy die vielen Menschen, die sich dort versammelt hatten, und war verlegen. Sie rief: „Ich verkaufe mein Knie!“\n\nEine der Marktbesucherinnen war eine alte Frau, die in ihrem Leben schon viel erlebt hatte. Sie ging auf Lucy zu und fragte: „Brauchst du Hilfe beim Verkauf deines Knies?“\n\nLucy nickte und lächelte. Die alte Frau war sehr mitfühlend und freundlich, und bald fand sie einen Käufer, der bereit war, eine gute Summe für Lucys Knie zu zahlen. Lucy konnte ihr Glück kaum fassen!\n\nDann sagte die alte Frau: „Man sollte immer mutig sein und Mitgefühl zeigen, wenn man etwas verkaufen will.“ Man weiß nie, wer auf dem Markt ist und es kaufen möchte.“\n\nLucy lächelte und sagte: „Vielen Dank für Ihren Rat und dafür, dass Sie mir geholfen haben, mein Knie zu verkaufen.“\n\nDie alte Frau lächelte zurück und sagte: „Es war mir ein Vergnügen. Ich bin sicher, Sie werden auch in Zukunft mit anderen Dingen, die Sie verkaufen, Erfolg haben.“\n\nUnd Lucy vergaß die Worte der alten Frau nie und auch nicht die Lektion, die sie an diesem Tag gelernt hatte.
John beobachtete ein Insekt, das über das Gras krabbelte. Er achtete darauf, es nicht zu verletzen. Seine Mutter lächelte, während sie ihm zusah.\n\nMama hob das kleine Insekt auf und steckte es in ihren Koffer. Sie erklärte, dass es drinnen sicherer sei.\n\nJohn war traurig. Er wollte, dass das Insekt draußen blieb und spielte. Er fing an zu weinen.\n\nMama umarmte John und seufzte. Sie sagte, es täte ihr leid, aber im Koffer sei es sicherer.\n\nJohn lächelte. Er vermisste das kleine Insekt immer noch, aber er verstand, warum Mama so vorsichtig war.\n\nJohn und Mama umarmten sich erneut. Mama dankte John für sein Verständnis, und sie spielten weiter.
Es war einmal ein Junge. Sein Name war Tim. Er war drei Jahre alt und sehr abenteuerlustig. Eines Tages beschloss er, mit seinen Eltern spazieren zu gehen.\n\nUnterwegs bemerkten sie etwas Wunderbares: einen See mit strahlend blauem Wasser und wunderschönen grünen Bäumen drumherum.\n\nDie Familie konnte nicht anders, als ihn auf ihre Liste der Lieblingsorte zu setzen.\n\nTim war so aufgeregt und sagte: „Können wir auf Entdeckungstour gehen? Ich würde so gerne sehen, was es da gibt!“\n\nSeine Eltern antworteten: „Ja, Tim! Was für eine abenteuerliche Idee!“\n\nSie gingen alle auf Entdeckungstour. Tim entdeckte so viele erstaunliche Dinge. Er fand bunte Steine ​​und neue Pflanzen, die er noch nie zuvor gesehen hatte. Er sah sogar einige Tiere aus dem Wasser steigen.\n\nTim prägte sich diese Anblicke ein und war beim Erkunden voller Staunen. Er hatte einen tollen Tag mit seiner Familie und genoss ihren abenteuerlichen Ausflug.
Es war einmal eine Eidechse, die sich im Garten rumtreiben wollte. Sie sah eine wunderschöne Blume und sagte sich: „Da kann ich auch lang.“ Also lief sie auf die Blume zu.\n\nSie sah einen großen Baum und sagte sich: „Da kann ich auch lang.“ Also lief sie auf den Baum zu.\n\nPlötzlich hörte sie eine Stimme. Es war ein Marienkäfer. Der Marienkäfer fragte: „Wo gehst du hin?“ Die Eidechse antwortete: „Ich laufe im Garten herum.“\n\nDer Marienkäfer fragte: „Brauchst du Hilfe?“ Die Eidechse sagte: „Ja, bitte!“ Also liefen der Marienkäfer und die Eidechse gemeinsam durch den Garten.\n\nSie fanden eine schlammige Pfütze, und der Marienkäfer sagte: „Lass uns da langgehen.“ Also liefen sie auf die Pfütze zu und machten eine Sauerei. Aber sie hatten viel Spaß!
Es war einmal ein kleines Mädchen namens Ella. Sie war das beliebteste Mädchen in der Schule. Sie liebte es, auf dem Spielplatz auf dem Balancierbalken zu spielen. Sie konnte so gut das Gleichgewicht halten, dass sie ihre Muskeln nie benutzen musste.\n\nEines Tages versammelten sich alle Kinder um Ella und baten sie, ihnen zu zeigen, was sie konnte. Sie lächelte und stieg auf den Balken. Sie balancierte so gut, dass alle Kinder applaudierten.\n\nEllas Lehrer kam heraus und sagte ihr, sie solle nicht zu lange auf dem Balken bleiben. „Manchmal werden die Muskeln müde“, sagte er.\n\nAber Ella hörte nicht auf ihn. Sie blieb sehr lange auf dem Balken. Irgendwann wurden ihre Muskeln müde und sie fiel herunter. Alle waren sehr traurig. Ellas Lehrer sagte ihr, sie solle das nächste Mal vorsichtiger sein.\n\nAber Ella hörte nicht auf ihn und fiel auch beim nächsten Mal vom Balken. Und beim nächsten Mal. Die Kinder in der Schule forderten Ella nicht mehr auf, auf dem Balken zu balancieren, weil sie Angst hatten, dass etwas Schlimmes passieren könnte. Ella war nicht mehr das beliebteste Mädchen in der Schule.
Mama und Papa feierten ihre kleine Tochter. Es war ihr dritter Geburtstag. Alle waren gekommen, um mitzufeiern. Es gab Kuchen, Spiele und Luftballons. Die Kleine war so aufgeregt.\n\nDie Gäste jubelten, als Mama und Papa der Kleinen ein tolles neues Spielzeug schenkten. „Danke“, sagte sie lächelnd.\n\nDann enthüllten Mama und Papa den Gästen, dass das Spielzeug eigentlich eine Überraschung war. Sie sagten, es sei eine Falle. Die Kleine war neugierig und fragte, was das sei. Papa erklärte, es sei wie ein Spiel. Er sagte, wenn sie etwas tue, würde die Falle ein Geräusch machen und alle würden applaudieren.\n\nDie Kleine war verlegen, aber auch aufgeregt. Sie trat an die Falle heran und gab ihr Bestes. Als die Falle endlich ein Geräusch machte, klatschten und jubelten alle. Sie war so stolz auf sich.\n\n„Siehst du“, sagte Papa, „du warst mutig und hast es geschafft!“ Die Kleine lächelte und umarmte Papa. Sie war so glücklich, etwas geschafft zu haben, und alle anderen waren stolz auf sie. Es war ihr bisher schönster Geburtstag.
Jack und Sue spielten im Garten, als sie einen Dinosaurier entdeckten. Sie rannten beide hin, um ihn genauer zu betrachten. Sue staunte nicht schlecht.\n\n„Wow!“, sagte sie erstaunt. „Wo kommt der denn her?“\n\n„Keine Ahnung“, sagte Jack. „Aber lass ihn uns in meinem Zimmer aufhängen, damit wir ihn jeden Tag sehen können.“\n\nDie beiden schnappten sich den Dinosaurier und stellten ihn in Jacks Zimmer auf. Jack hängte ihn an einen Ast in einer Ecke seines Zimmers, und er sah sehr hübsch aus.\n\nSue sah mit einem stolzen Lächeln zu.\n\n„Das lässt dein Zimmer wirklich bescheiden aussehen“, sagte sie.\n\nJack lächelte glücklich.\n\n„Danke, Sue!“, sagte er mit einem breiten Lächeln. „Jetzt kann ich ihn jeden Morgen sehen, wenn ich aufwache!“
Es war einmal ein kleines Mädchen namens Emily. Sie war ganz aufgeregt, als sie eines Morgens aufwachte, denn sie erwartete eine besondere Überraschung.\n\nBeim Frühstück wurde Emily gesagt, sie solle ihre Schuhe anziehen und draußen warten. Als sie die Haustür öffnete, sah sie einen Turm aus scharfem Essen – ihrem Lieblingsessen!\n\nEmily nahm einen Bissen und fand es sofort das Beste, was sie je gegessen hatte. Sie aß und aß, bis der Turm weg war!\n\nBald fühlte sich Emily merkwürdig. Ihr Bauch wurde immer dicker und fing an zu schmerzen! Emilys Eltern versuchten, sie zu beruhigen, aber nichts half.\n\nSchließlich musste Emily ins Krankenhaus. Die Ärzte sagten ihr, sie habe zu viel scharfes Essen gegessen und müsse ein paar Tage im Bett bleiben, damit es ihr besser ginge.\n\nEmily war sehr traurig und wollte nie wieder scharfes Essen essen. Das Ende.
Sue und Mike planten ein Picknick im Park. Sie wollten die beste Zeit ihres Lebens verbringen! Sue und Mike packten Snacks für ihr Picknick ein. Sie hatten viele verschiedene Snacks dabei, aber ihr Favorit waren die Bohnen.\n\nIm Park angekommen, breiteten sie ihre Decke aus und begannen, sich für das Picknick fertig zu machen. Plötzlich bemerkte Sue etwas Seltsames – ein taubes Kaninchen mitten im Park.\n\nSue war aufgeregt. Sie rief Mike zu: „Lass uns ihm ein paar Bohnen geben!“ Mike nickte lächelnd, und gemeinsam holten sie eine Extraportion Bohnen heraus und legten sie neben das Kaninchen.\n\nDas Kaninchen hüpfte um die Bohnen herum und begann zu fressen. Sue und Mike freuten sich, dass das Kaninchen seinen Snack genoss. Sie hatten ein wunderbares Picknick und planen, den Park bald wieder zu besuchen.
Es war einmal ein schnippendes Geräusch in dem stillen Zimmer. Es klang, als würde jemand mit etwas spielen. Zwei Freundinnen, Mel und June, waren neugierig und gespannt, herauszufinden, was das Geräusch verursachte.\n\n„Was ist das für ein Geräusch?“, fragte June.\n„Ich weiß nicht“, sagte Mel. „Lass es uns herausfinden!“\n\nDie beiden suchten im Zimmer herum, bis sie die Quelle des Geräusches fanden: eine Nadel, die an der Wand auf und ab sauste!\n\n„Wie ungewöhnlich“, sagte June. „Wie kann die nur so an der Wand auf und ab sausen?“\n\nMel legte den Finger an die Lippen und sagte: „Psst, vielleicht ist es Magie?“\n\nJunes große Augen leuchteten auf, als sie sagte: „Das ist es! Ich denke, wir sollten versuchen herauszufinden, wie es funktioniert!“\n\nDie beiden Freundinnen arbeiteten zusammen, um die Nadel wieder zum sausen zu bringen. Nach ein paar Minuten harter Arbeit fing sie wieder an zu sausen!\n\n„Juhu!“, rief Mel. „Wir haben es geschafft!“ Wie aufregend! Ich glaube, dieser Stift hat magische Fähigkeiten!\n\nJune und Mel freuten sich über ihre neue Entdeckung und den magischen Stift. Von diesem Tag an ließen die beiden Freundinnen den Stift abwechselnd die Wand rauf und runter sausen. Es war das ruhigste und aufregendste Abenteuer, das sie je erlebt hatten.
Eines Tages ging John mit seiner Mutter auf den Markt. Er sah einen wunderschönen blauen Drachen, den er unbedingt haben wollte. Seine Mutter sagte ihm, er könne ihn nicht haben, aber er hörte nicht auf sie. Er war zu aufgeregt und rannte zum Drachen, um ihn zu schnappen.\n\nPlötzlich trat ein kräftiger Fuß auf den Drachen. John erschrak und drehte sich um. Da stand ein großer Mann mit bösem Gesichtsausdruck. „Mama“, sagte John erschrocken.\n\nDer Mann sagte: „Ich leite den Markt und ich werde nicht dafür sorgen, dass Kinder herumlaufen und Dinge nehmen, die ihnen nicht gehören.“ John hatte immer noch Angst und wich langsam zurück.\n\nSeine Mutter entschuldigte sich bei dem Mann und sagte, sie würde den Drachen bezahlen. Doch der Mann meinte, es sei zu spät und er wolle John eine Lektion erteilen. Er forderte John auf, nie wieder Dinge zu nehmen, die ihm nicht gehören, und schickte ihn vom Markt.\n\nFür John und seine Mutter endete dieser Tag schlecht. Er bekam den Drachen nie und wurde daran erinnert, niemals Dinge zu nehmen, die ihm nicht gehörten.
Es war einmal ein Vogel namens Max. Er liebte es, durch die Lüfte zu schweben. Eines Tages jedoch fühlte sich Max hilflos, als sein Flügel verletzt wurde. Er konnte nicht mehr fliegen und saß am Boden fest.\n\nMax' Freunde bemerkten das und kamen herbei, um ihm zu helfen. „Mach dir keine Sorgen, Max“, sagten sie. Sie bauten ihm ein Nest und brachten ihm etwas zu essen.\n\nMax war so glücklich, dass er sich langsam eingewöhnte. Er war dankbar für die Hilfe seiner Freunde. Er fühlte sich in seinem Nest sicherer und fühlte sich nicht mehr so ​​hilflos.\n\nEines Tages hatte Max eine Idee. Er fragte seine Freunde: „Was wäre, wenn ich ein Testament aufsetze? Dann könnt ihr euch um mein Nest kümmern, falls mir etwas passiert.“\n\nMax' Freunde fanden das eine großartige Idee. Also verfasste Max ein Testament, dem seine Freunde nach seinem Tod folgen würden. Er war so erleichtert, diesen Plan in die Tat umzusetzen.\n\nMax' Freunde kümmerten sich um ihn und das Nest. Mit ihrer Hilfe konnte Max sich friedlich in seinem neuen Zuhause einleben.
Es war einmal ein Lichtkäfer. Er war noch nie draußen gewesen und wollte die Welt sehen.\n\nEines Tages kroch der Käfer aus seiner Kiste und sah sich um. Plötzlich sah er einen großen Baum und beschloss, ihn zu erklimmen. Er arbeitete sich den Stamm hinauf und schaffte es bis zur Spitze, doch er steckte fest.\n\n„Hilfe!“, rief der Käfer.\n\nIn diesem Moment flog ein Vogel vorbei und hörte den Schrei des Käfers.\n\n„Was ist los, kleiner Käfer?“, fragte der Vogel.\n\nDer Käfer erklärte, was passiert war, und der Vogel lachte.\n\n„Meine Freundin, die Ameise, kann dir helfen“, sagte der Vogel. „Lass mich dich zu ihr bringen.“\n\nDer Vogel brachte den Käfer zur Ameise, die ihm helfen konnte. Sie zog und zerrte, und der Käfer arbeitete sich um den Ast herum, bis er endlich frei war.\n\nDer Käfer dankte dem Vogel und der Ameise, bevor er ins Licht flog. Er hatte die Welt gesehen und war nun bereit für ein echtes Abenteuer!
Es war einmal ein verspielter Welpe namens Jack. Jack liebte das Drucken, was bedeutete, dass er viel Papier mit bunten Mustern herstellen konnte.\n\nEines Tages fand Jack eine kleine Pille auf dem Boden. Er war fasziniert von der glänzenden, runden Form, also hob er sie auf und versuchte, sie zu bedrucken.\n\n„Was willst du denn machen, Jack?“, fragte seine Mutter, die ihn gerade gesehen hatte.\n\n„Ich versuche, die Pille zu bedrucken, Mama“, antwortete Jack.\n\n„Oh, die Pille ist zu klein zum Bedrucken. Lass uns etwas Größeres und Leichteres suchen“, sagte seine Mutter.\n\nAlso gingen Jack und seine Mutter nach draußen und fanden ein großes rotes Blatt, das sie bedruckten. Jack war sehr glücklich! Das bedruckte Blatt war sehr bunt und wunderschön. Von da an druckte Jack immer mehr bunte Dinge.
Es war einmal ein blasser Edelstein, dessen Macht niemand kannte. Eines Tages erschien ein Lehrer im Dorf und sagte den Leuten: „Ich kenne die Macht des blassen Edelsteins! Ich werde euch zeigen, wie man ihn benutzt.“ Alle waren aufgeregt und versammelten sich um den Lehrer.\n\nDer Lehrer sagte: „Jetzt werde ich euch zeigen, wie ihr den blassen Edelstein magisch machen könnt. Zuerst müsst ihr ein besonderes Gefäß finden und es mit Wasser füllen. Dann legt den blassen Edelstein hinein und seht zu, wie er leuchtet.“ Alle waren erstaunt!\n\nDer Lehrer fuhr fort: „Während ihr das Gefäß mit dem blassen Edelstein in der Hand haltet, müsst ihr einen ganz besonderen Zauberspruch sprechen. Sagt die Worte ‚Blasser Edelstein, ich rufe dich an, um uns Glück und Reichtum zu bringen!‘, und der Edelstein wird magisch und bringt uns Glück und Reichtum.“\n\nAlle waren begeistert und dankten dem Lehrer. Das Dorf war nun voller Glück und Reichtum als je zuvor, alles dank des Lehrers, der ihnen allen den Umgang mit dem blassen Edelstein beigebracht hatte.
Es war einmal eine Brücke. Sie war ganz glatt. Alle Tiere wollten darüberlaufen.\n\nEines Tages lief eine kleine Maus über die Brücke. Sie sah einen großen Hund auf der anderen Seite und wollte dem Hund zeigen, wie mutig er war. Sie verbeugte sich vor dem großen Hund und ging weiter.\n\nDer große Hund mochte die kleine Maus nicht und jagte sie auf die andere Seite. Die kleine Maus hatte solche Angst und schrie um Hilfe. Leider war niemand da, der ihr helfen konnte.\n\nDer große Hund holte die kleine Maus schließlich ein und war so wütend. Er bellte laut, und die kleine Maus schrie und rannte so schnell sie konnte davon.\n\nAber es war zu spät. Der große Hund war zu schnell gewesen, und die kleine Maus wurde nie wieder gesehen.
Es war einmal ein Junge, der lebte in einer wunderschönen Landschaft. Er liebte es, die Landschaft zu erkunden und all die erstaunlichen Dinge kennenzulernen, die sie zu bieten hatte.\n\nEines Tages, als der Junge die Landschaft erkundete, begegnete er einem sehr herrischen Streifenhörnchen. Das Streifenhörnchen wollte, dass der Junge alles tat, was es sagte, und zwar sofort.\n\nDer Junge verstand, dass das Streifenhörnchen herrisch war, also widersprach er nicht. Stattdessen hörte er zu und tat, was das Streifenhörnchen verlangte.\n\nDas Streifenhörnchen forderte den Jungen auf, ihm durch die Landschaft zu folgen. Unterwegs blieb das Streifenhörnchen an bestimmten Stellen stehen. An diesen Stellen enthüllte es etwas wirklich Unglaubliches.\n\nAm Ende ihrer Reise verstand der Junge endlich, warum das Streifenhörnchen so herrisch gewesen war. Es hatte ihn zu den erstaunlichsten Orten der Landschaft geführt und ihm Dinge gezeigt, die er allein nie gesehen hätte.
Es war einmal ein Junge namens John. Er war drei Jahre alt und freute sich riesig auf seinen Geburtstag. Er hoffte auf ein besonderes Geschenk.\n\nJohns Mama nahm ihn mit in den Park, wo alle seine Freunde waren. Seine Freunde jubelten und hatten einen großen, lecker aussehenden Kuchen. John war sehr glücklich und alle begannen Happy Birthday zu singen.\n\nJohn sah sich um und sah viele Geschenke neben dem Kuchen liegen. Er sah seine Mama an und fragte: „Welches ist für mich, Mama?“ Seine Mama lachte und sagte: „Lass uns mal schauen und es herausfinden!“\n\nJohn freute sich riesig, als Erster das größte Geschenk auszupacken. Er öffnete es und darin stand ein bequemer Sessel. Er war so glücklich und umarmte seine Mama. „Das ist mein besonderes Geschenk, Mama, danke!“\n\nJohn setzte sich in den Sessel und betrachtete den Kuchen. Er wollte ihn essen und hoffte, dass er so lecker war, wie er aussah. Seine Mama schnitt den Kuchen an und jeder bekam ein Stück. John nahm einen großen Bissen und sagte: „Mama, das ist der beste Kuchen, den ich je gegessen habe!“ Seine Mama lächelte und sagte: „Ich freue mich so, dass er dir schmeckt.“\n\nJohn war so glücklich, dass er lachte und in die Hände klatschte. Es war der schönste Geburtstag aller Zeiten!
Mama und Timmy suchten etwas im Schrank. Mama bat Timmy, ihr einen Kleiderbügel zu geben. Timmy weigerte sich, weil er ihn selbst nehmen wollte. Mama sagte ihm, dass sie den Kleiderbügel bräuchte, aber Timmy schüttelte den Kopf und sagte nein. Er war sehr unhöflich.\n\nMama wurde jetzt wütend. Sie sagte zu Timmy: „Wenn du mir den Kleiderbügel nicht gibst, kriegst du kein Eis.“ Timmy weigerte sich immer noch und sagte, er wolle es selbst nehmen. Er stampfte mit den Füßen auf den Boden.\n\nMama schimpfte mit Timmy und sagte: „Das ist nicht nett. Du musst höflich sein. Gib mir bitte den Kleiderbügel.“ Timmy sah Mama an und sagte: „Okay.“ Er griff nach dem Regal, nahm den Kleiderbügel und gab ihn Mama. Mama lächelte und umarmte Timmy. „Danke, mein Lieber.“
Es war einmal ein kleines Mädchen namens Amy, das liebte es zu hüpfen. Sie konnte vom Blumenbeet zum Briefkasten hüpfen, vom Gehweg zu den Bäumen. Jedes Mal sah sie so glücklich aus, dass alle in der Nachbarschaft einfach lächeln mussten.\n\nEines Tages bat Amys Vater sie in seine Werkstatt. Er wollte ihr etwas Besonderes zeigen. Er zeigte auf eine alte Schachtel mit einem originalen Knauf. Er sagte: „Amy, kannst du diese Schachtel öffnen? Sie könnte mit etwas Magischem gefüllt sein.“\n\nAmy war so aufgeregt! Sie versuchte, den Knauf zu drehen, aber er saß so fest, dass sie es einfach nicht schaffte. Sie fragte ihren Vater: „Kannst du mir helfen, die Schachtel zu öffnen, Papa?“\n\nIhr Vater lächelte und drehte den Knauf kräftig. Als er die Schachtel öffnete, sah Amy, dass viele Bänder darin waren. Sie jubelte und sagte: „Damit kann ich hüpfen!“\n\nMit ihren Bändern in der Hand hüpfte Amy durch die Nachbarschaft. Überall, wo sie hinkam, zauberte sie allen ein Lächeln ins Gesicht. Der Originalknauf hatte eine wahre Freudentüte geöffnet!
Es war einmal ein sehr egoistischer Junge, der seine Freunde gern erschreckte. Eines Tages brachte er eine Gasmaske mit in die Schule und wollte alle erschrecken. Er setzte die Maske sogar selbst auf und versuchte, seine Freunde zu erschrecken.\n\nSeine Freunde bekamen Angst und wurden wütend. Einer von ihnen sagte: „Warum bist du so egoistisch?“\n\nDer Junge erkannte, dass es nicht nett war, seine Freunde zu erschrecken. Er sagte: „Es tut mir leid. Das mache ich nie wieder.“\n\nSeine Freunde waren glücklich und spielten anschließend alle zusammen auf dem Spielplatz. Sie hatten alle viel Spaß, und der Junge wusste nun, dass er seine Freunde nicht mehr erschrecken sollte.
Es war einmal ein Orangenbaum. Alle Orangen an ihm waren köstlich und saftig. Der Baum wollte seine köstlichen Orangen mit der Welt teilen. Eines Tages beschloss er, all seine Orangen an die Tiere der Umgebung zu verschenken.\n\nDie tierischen Freunde waren begeistert! Eichhörnchen, Vögel, Kaninchen und andere teilten die Orangen. Jeder bekam so viel, wie er wollte. Doch der Baum blieb traurig, denn er hatte keine Orangen mehr zu verschenken.\n\nIn diesem Moment begann die Sonne heller zu scheinen, und ihre Wärme erweckte den Baum zu neuem Leben. Seine Zweige waren bald mit vielen köstlichen Orangen gefüllt.\n\nDiesmal beschloss der Baum, vorsichtiger zu sein. Er verschenkte nur fünf Orangen pro Tag und behielt den Rest. Das machte ihn glücklich und er konnte großzügig bleiben, ohne leer auszugehen.\n\nDie Moral dieser Geschichte ist: Wenn wir großzügig sind, können wir glücklich bleiben und trotzdem viel zu geben haben.
Es war einmal ein Pirat, der in einem fernen Land lebte. Er war ein gemeiner Pirat und sehr intelligent. Er suchte nach Möglichkeiten, andere zu bestehlen.\n\nEines Tages bemerkte er zwei kleine Kinder, die in der Nähe spielten. Der Pirat beschloss, ihre Spielsachen zu stehlen. Er wartete, bis die Kinder nicht hinsahen, schnappte sich dann schnell die Spielsachen und rannte davon.\n\nDie Kinder waren sehr traurig. Doch einer von ihnen, der sehr intelligent war, beschloss, etwas zu unternehmen. Er sah sich nach dem Piraten um und entdeckte ihn bald in weiter Ferne.\n\nDer intelligente Junge dachte sich einen Plan aus und rannte schnell zurück, um Hilfe zu holen. Er rief seine Freunde zusammen, und alle rannten dem Piraten hinterher.\n\nAber der Pirat wusste, dass sie ihm folgten, und er war zu schnell für sie. Schließlich konnte der Pirat mit den Spielsachen der Kinder entkommen und wurde nie gefasst. Die Kinder waren sehr traurig, dass sie das Gestohlene nicht zurückbekommen konnten.
Es war Zeit für den Vortrag. Der kleine Tom freute sich darauf, in die Schule zu kommen und etwas Neues zu lernen. Als er ankam, staunte er über den großen, mit Menschen gefüllten Raum.\n\nDer Lehrer begann seinen Vortrag. Seine Stimme klang beruhigend und weise. Tom hörte aufmerksam zu und lernte viel Neues. Er spürte ein seltsames Gefühl in seinem Herzen.\n\nTom fragte den Lehrer: „Was ist das für ein Gefühl in meinem Herzen?“\nDer Lehrer lächelte und sagte: „Es ist ein Gefühl der Heilung. Wenn du etwas Neues lernst, kann dein Herz heilen und stärker werden.“\n\nTom lächelte und war glücklich. Er wusste, dass der Vortrag ihm helfen würde, zu heilen und sich besser zu fühlen. Er dankte dem Lehrer für seine weisen Worte und rannte los, um den anderen Kindern die gute Nachricht zu überbringen.
Es war einmal ein armes kleines Mädchen namens Maria. Maria liebte es, Kreise im Dreck zu kicken. Eines Tages ging Maria in den Park, kickte die Kreise eine Weile herum und wurde sehr müde. Sie beschloss, ein Nickerchen zu machen.\n\nWährend Maria schlief, flog eine wunderschöne Fee vom Himmel herab und sagte: „Was für ein wunderschönes kleines Mädchen! Hier, ich werde dir ein besonderes Geschenk machen.“ Sie schwang ihren Zauberstab und ein großer Kreis erschien.\n\nMaria wachte auf, sah den großen Kreis und fragte: „Was ist das?“\n\nDie Fee sagte: „Es ist ein magischer Kreis. Er gibt dir alles, was du dir wünschst. Du musst nur dreimal gegen den Kreis kicken, und etwas Besonderes wird passieren.“\n\nAlso kickte Maria dreimal gegen den großen Kreis, schloss die Augen und als sie sie wieder öffnete, war sie voller Freude! Der magische Kreis hatte ihr einen Sack Geld, ein schönes Haus und einen Hund geschenkt.\n\nMaria blickte zum Himmel auf und dankte der Fee von ganzem Herzen. Jetzt war Mary nicht mehr arm und konnte stundenlang im Park im Kreis kicken!
Es war einmal eine Bärenfamilie. Alle waren sehr glücklich und hatten viel Spaß zusammen.\n\nEines Tages bereitete sich die Familie auf eine Party vor. Sie wollten gut aussehen und den besten Empfang haben. Also arbeiteten alle zusammen an den Vorbereitungen, und es war eine harte Arbeit.\n\nEndlich war der Tag gekommen und die Familie machte sich auf den Weg zur Party. Als sie dort ankamen, war nicht alles so, wie sie es erwartet hatten. An der Tür hing ein Schild mit der Aufschrift „Keine Bären erlaubt“.\n\nDie Familienmitglieder waren sehr traurig und enttäuscht. Sie waren so überrascht, dass sie alle einfach nur da saßen, ohne ein Wort zu sagen.\n\nPlötzlich sprach der Bärenvater: „Das ist eine harte Lektion, aber das Beste ist, weiterzumachen. Wir sollten daran denken, dass uns nicht jeder willkommen heißen wird, egal wie gut wir uns vorbereiten.“\n\nUnd damit ging die Familie traurig weg. Sie hatten an diesem Tag eine wertvolle Lektion gelernt: Egal, wie sehr wir versuchen, willkommen zu sein, manche Menschen werden uns nie akzeptieren.
Es war einmal ein trockener, harter Boden. Oma wollte gerade zum Markt gehen, um Lebensmittel zu kaufen. Der kleine Jack fragte: „Kann ich mitkommen, Oma?“ Oma antwortete: „Ja, es ist ein schöner Tag. Lass uns gehen.“\n\nSie kamen bald auf dem Markt an, und Oma kaufte eine Menge Lebensmittel. Sie sagte zu Jack: „Lass uns das Essen mit nach Hause nehmen und in der Erde vergraben. Wir können es für später aufbewahren.“\n\nDer kleine Jack fragte: „Warum?“ Oma sagte: „Damit es nicht aufgegessen wird.“ Der kleine Jack half Oma, das Essen zu vergraben, und schon bald war der Boden voller leckerer Lebensmittel.\n\nAm nächsten Tag gingen Oma und der kleine Jack zurück in ihren Garten, und der kleine Jack begann zu graben. Zu seiner Überraschung war das Essen, das er gestern vergraben hatte, noch da! Oma sagte: „Schau, Jack, unser Plan ist gelungen!“ Der kleine Jack lächelte glücklich. Sie genossen ihr leckeres Essen und lebten glücklich bis ans Ende ihrer Tage.
Es waren einmal zwei Freundinnen namens Fluffy und Daisy. Sie waren sehr verspielt und liebten es, gemeinsam die Welt zu beobachten.\nEines Tages beschlossen sie, ein Abenteuer zu erleben. Sie spazierten über die Wiese und beobachteten die Vögel beim Zwitschern und Fliegen.\nDie Freundinnen blieben stehen, um einen nahegelegenen Teich zu bewundern, wo sie eine geduldige alte Schildkröte sahen, die sie beobachtete. Daisy, die verspieltere der beiden, wollte unbedingt Hallo sagen. Sie watschelte auf die Schildkröte zu und sagte: „Hallo, schaust du auch zu?“\nDie Schildkröte lächelte und antwortete leise: „Ja, ich beobachte immer die Welt um mich herum.“\nFluffy, Daisy und die Schildkröte genossen es, eine Weile gemeinsam die Welt zu beobachten. Als es Zeit für sie war zu gehen, winkte Daisy zum Abschied, und die beiden Freundinnen setzten ihre Reise fort!
Es war einmal ein kleines Mädchen namens Anna. Sie war drei Jahre alt und sehr neugierig. Sie wollte die Welt um sich herum erkunden.\n\nEines Tages spazierte Anna durch den Wald und stieß auf eine alte Eiche. Sie blieb stehen, um sie zu betrachten, und bemerkte, dass der Stamm des Baumes leer war. Anna beschloss, genauer hinzusehen und trat neugierig hinein.\n\nZu ihrem Erstaunen entdeckte sie, dass der hohle Baum voller funkelnder Lichter war, die bunte Bilder zeigten. Sie schnappte entzückt nach Luft und rief ihrer Mama zu, die direkt hinter Anna gegangen war.\n\n„Mama! Komm und schau!“, rief Anna und streckte den Arm aus, um auf die wunderschöne Eiche zu zeigen.\n\nMama lächelte: „Oh Anna, du hast einen zauberhaften Baum gefunden!“
Es war einmal ein orangefarbener Nadelbaum namens Frank. Er stand schon seit Jahren an derselben Stelle und langweilte sich langsam. Er wollte die Welt erkunden, wusste aber nicht wie.\n\nDann sah eines Tages ein kleines dreijähriges Kind Frank. Es sagte: „Hallo Frank! Ich helfe dir, die Welt zu erkunden.“ Frank war ganz aufgeregt!\n\nDas Kind sagte: „Ich glaube, wir sollten rückwärtsfahren!“ Frank sah verwirrt aus, aber das Kind erklärte, dass es rückwärtsfahren bedeutete, das Gegenteil von vorwärts.\n\nAlso begannen das Kind und Frank rückwärts zu fahren. Sie fuhren auf und ab, seitwärts und im Kreis. Frank genoss sein Abenteuer!\n\nNach einer Stunde des Rückwärtsfahrens hörten das Kind und Frank auf. Das Kind sagte: „Wow, das hat viel Spaß gemacht! Jetzt weißt du, dass man rückwärts erkunden kann.“\n\nFrank dankte dem Kind für seine Hilfe und verabschiedete sich. Als das Kind wegging, wusste Frank, dass er dieses Abenteuer nie vergessen würde.
