sein,
bin,
bist,
ist,
war,
gewesen,
wäre,
sei,
seid,
sein,
haben,
habe,
hast,
hat,
hatte,
gehabt,
hätte,
habe,
hab,
habt,
haben,
einen,
eine,
einst,
eint,
einte,
geeint,
einte,
eine,
ein,
eint,
haben,
werden,
werde,
wirst,
wird,
wurde,
ward,
geworden,
worden,
würde,
werde,
werdet,
sein,
können,
kann,
kannst,
kann,
konnte,
gekonnt,
könnte,
haben,
meinen,
meine,
meinst,
meint,
meinte,
gemeint,
meinte,
meine,
meint,
haben,
wollen,
will,
willst,
will,
wollte,
gewollt,
wollen,
wollte,
haben,
gehen,
gehe,
gehst,
geht,
ging,
gegangen,
ginge,
geh,
gehe,
geht,
gehet,
sein,
sagen,
sage,
sagst,
sagt,
sagte,
gesagt,
sagte,
sag,
sage,
sagt,
haben,
sehen,
sehe,
siehst,
sieht,
sah,
gesehen,
sehen,
sähe,
siehe,
sieh,
seht,
haben,
machen,
mache,
machst,
macht,
machte,
gemacht,
machte,
mache,
mach,
macht,
haben,
tun,
tue,
tu,
tust,
tut,
tat,
getan,
täte,
tue,
tu,
tut,
haben,
kommen,
komme,
kommst,
kommt,
kam,
gekommen,
käme,
komm,
komme,
kommt,
sein,
geben,
gebe,
gibst,
gibt,
gab,
gegeben,
gäbe,
gib,
gebt,
haben,
wissen,
weiß,
weißt,
weiß,
wusste,
gewusst,
wüsste,
wisse,
wisset,
wisst,
haben,
sollen,
soll,
sollst,
soll,
sollte,
gesollt,
sollen,
sollte,
haben,
denken,
denke,
denkst,
denkt,
dachte,
gedacht,
dächte,
denk,
denke,
denkt,
haben,
hören,
höre,
hörst,
hört,
hörte,
gehört,
hören,
hörte,
hör,
höre,
hört,
haben,
finden,
finde,
findest,
findet,
fand,
gefunden,
fände,
finde,
findet,
haben,
glauben,
glaube,
glaubst,
glaubt,
glaubte,
geglaubt,
glaubte,
glaub,
glaube,
glaubt,
haben,
leben,
lebe,
lebst,
lebt,
lebte,
gelebt,
lebte,
lebe,
leb,
lebt,
haben,
mögen,
mag,
magst,
mag,
mochte,
gemocht,
mögen,
möchte,
haben,
nehmen,
nehme,
nimmst,
nimmt,
nahm,
genommen,
nähme,
nimm,
nehmt,
haben,
müssen,
muss,
musst,
muss,
musste,
gemusst,
müsste,
haben,
lassen,
lasse,
lässt,
lässt,
ließ,
gelassen,
lassen,
ließe,
lass,
lasse,
lasst,
lasset,
haben,
warten,
warte,
wartest,
wartet,
wartete,
gewartet,
wartete,
warte,
wartet,
haben,
verstehen,
verstehe,
verstehst,
versteht,
verstand,
verstanden,
verstände,
verstünde,
verstehe,
versteht,
haben,
bringen,
bringe,
bringst,
bringt,
brachte,
gebracht,
brächte,
bring,
bringe,
bringt,
haben,
sichern,
sichere,
sicherst,
sichert,
sicherte,
gesichert,
sicherte,
sichere,
sichert,
haben,
fragen,
frage,
fragst,
frägst,
fragt,
fragte,
frug,
gefragt,
fragte,
früge,
frag,
frage,
fragt,
haben,
kennen,
kenne,
kennst,
kennt,
kannte,
gekannt,
kennte,
kenne,
kenn,
kennt,
haben,
helfen,
helfe,
hilfst,
hilft,
half,
geholfen,
hülfe,
hälfe,
hilf,
helft,
haben,
reden,
rede,
redest,
redet,
redete,
geredet,
redete,
red,
rede,
redet,
haben,
stehen,
stehe,
stehst,
steht,
stand,
gestanden,
stünde,
stände,
stehe,
steh,
steht,
haben,
sein,
bleiben,
bleibe,
bleibst,
bleibt,
blieb,
geblieben,
bliebe,
bleibe,
bleib,
bleibt,
sein,
brauchen,
brauche,
brauchst,
braucht,
brauchte,
gebraucht,
brauchte,
bräuchte,
brauche,
brauch,
braucht,
haben,
sprechen,
spreche,
sprichst,
spricht,
sprach,
gesprochen,
spräche,
sprich,
sprecht,
haben,
passieren,
passiere,
passierst,
passiert,
passierte,
passiert,
passierte,
passiere,
passier,
passiert,
haben,
sein,
dürfen,
darf,
darfst,
darf,
durfte,
gedurft,
dürfte,
haben,
halten,
halte,
hältst,
hält,
hielt,
gehalten,
hielte,
halt,
halte,
haltet,
haben,
töten,
töte,
tötest,
tötet,
tötete,
getötet,
tötete,
töte,
tötet,
haben,
sterben,
sterbe,
stirbst,
stirbt,
starb,
gestorben,
stürbe,
stirb,
sterbt,
sein,
fahren,
fahre,
fährst,
fährt,
fuhr,
gefahren,
führe,
fahr,
fahre,
fahrt,
sein,
haben,
bekommen,
bekomme,
bekommst,
bekommt,
bekam,
bekommen,
bekäme,
bekomm,
bekomme,
bekommt,
haben,
sein,
arbeiten,
arbeite,
arbeitest,
arbeitet,
arbeitete,
gearbeitet,
arbeitete,
arbeite,
arbeitet,
haben,
verdammen,
verdamme,
verdammst,
verdammt,
verdammte,
verdammt,
verdammte,
verdamm,
verdamme,
verdammt,
haben,
versuchen,
versuche,
versuchst,
versucht,
versuchte,
versucht,
versuchte,
versuche,
versucht,
haben,
erzählen,
erzähle,
erzählst,
erzählt,
erzählte,
erzählt,
erzählte,
erzähl,
erzähle,
erzählt,
haben,
essen,
esse,
isst,
isst,
aß,
gegessen,
äße,
iss,
esst,
haben,
gleichen,
gleiche,
gleichst,
gleicht,
glich,
geglichen,
gliche,
gleiche,
gleicht,
haben,
laufen,
laufe,
läufst,
läuft,
lief,
gelaufen,
liefe,
lauf,
laufe,
lauft,
sein,
haben,
heißen,
heiße,
heißt,
heißt,
hieß,
geheißen,
hieße,
heiß,
heiße,
heißt,
haben,
spielen,
spiele,
spielst,
spielt,
spielte,
gespielt,
spielte,
spiel,
spiele,
spielt,
haben,
stimmen,
stimme,
stimmst,
stimmt,
stimmte,
gestimmt,
stimmte,
stimm,
stimme,
stimmt,
haben,
verlieren,
verliere,
verlierst,
verliert,
verlor,
verloren,
verlöre,
verliere,
verlier,
verliert,
haben,
schnellen,
schnelle,
schnellst,
schnellt,
schnellte,
geschnellt,
schnellte,
schnell,
schnellt,
haben,
scheißen,
scheiße,
scheißt,
scheißt,
schiss,
geschissen,
schisse,
scheiß,
scheißt,
haben,
suchen,
suche,
suchst,
sucht,
suchte,
gesucht,
suchte,
suche,
such,
sucht,
haben,
fühlen,
fühle,
fühlst,
fühlt,
fühlte,
gefühlt,
fühlte,
fühl,
fühle,
fühlt,
haben,
holen,
hole,
holst,
holt,
holte,
geholt,
holte,
hole,
hol,
holt,
haben,
treffen,
treffe,
triffst,
trifft,
traf,
getroffen,
träfe,
triff,
trefft,
haben,
schaffen,
schaffe,
schaffst,
schafft,
schuf,
geschaffen,
schüfe,
schaffe,
schafft,
haben,
liegen,
liege,
liegst,
liegt,
lag,
gelegen,
läge,
lieg,
liege,
liegt,
haben,
sein,
zeigen,
zeige,
zeigst,
zeigt,
zeigte,
gezeigt,
zeigte,
zeige,
zeig,
zeigt,
haben,
erinnern,
erinnere,
erinnerst,
erinnert,
erinnerte,
erinnert,
erinnerte,
erinnere,
erinnert,
haben,
danken,
danke,
dankst,
dankt,
dankte,
gedankt,
dankte,
dank,
danke,
dankt,
haben,
stunden,
stunde,
stundest,
stundet,
stundete,
gestundet,
stundete,
stunde,
stundet,
haben,
entschuldigen,
entschuldige,
entschuldigst,
entschuldigt,
entschuldigte,
entschuldigt,
entschuldigte,
entschuldige,
entschuldigt,
haben,
schlafen,
schlafe,
schläfst,
schläft,
schlief,
geschlafen,
schliefe,
schlaf,
schlafe,
schlaft,
haben,
fallen,
falle,
fällst,
fällt,
fiel,
gefallen,
fiele,
falle,
fall,
fallt,
sein,
verschwinden,
verschwinde,
verschwindest,
verschwindet,
verschwand,
verschwunden,
verschwände,
verschwinde,
verschwindet,
sein,
vergessen,
vergesse,
vergisst,
vergisst,
vergaß,
vergessen,
vergäße,
vergiss,
vergesst,
haben,
fertigen,
fertige,
fertigst,
fertigt,
fertigte,
gefertigt,
fertigte,
fertig,
fertige,
fertigt,
haben,
nennen,
nenne,
nennst,
nennt,
nannte,
genannt,
nennte,
nenn,
nenne,
nennt,
haben,
wahren,
wahre,
wahrst,
wahrt,
wahrte,
gewahrt,
wahrte,
wahre,
wahrt,
haben,
lieben,
liebe,
liebst,
liebt,
liebte,
geliebt,
liebte,
liebe,
liebt,
haben,
stellen,
stelle,
stellst,
stellt,
stellte,
gestellt,
stellte,
stelle,
stellt,
haben,
ziehen,
ziehe,
ziehst,
zieht,
zog,
gezogen,
zöge,
ziehe,
zieh,
zieht,
haben,
sein,
kriegen,
kriege,
kriegst,
kriegt,
kriegte,
gekriegt,
kriegte,
kriege,
krieg,
kriegt,
haben,
verrücken,
verrücke,
verrückst,
verrückt,
verrückte,
verrückt,
verrückte,
verrück,
verrücke,
verrückt,
haben,
trinken,
trinke,
trinkst,
trinkt,
trank,
getrunken,
tränke,
trink,
trinke,
trinkt,
haben,
hoffen,
hoffe,
hoffst,
hofft,
hoffte,
gehofft,
hoffte,
hoff,
hoffe,
hofft,
haben,
schreiben,
schreibe,
schreibst,
schreibt,
schrieb,
geschrieben,
schriebe,
schreibe,
schreib,
schreibt,
haben,
bereiten,
bereite,
bereitest,
bereitet,
bereitete,
bereitet,
bereitete,
bereite,
bereitet,
haben,
setzen,
setze,
setzt,
setzest,
setzt,
setzte,
gesetzt,
setzte,
setze,
setz,
setzt,
haben,
bedeuten,
bedeute,
bedeutest,
bedeutet,
bedeutete,
bedeutet,
bedeutete,
bedeute,
bedeutet,
haben,
rufen,
rufe,
rufst,
ruft,
rief,
gerufen,
riefe,
rufe,
ruf,
ruft,
haben,
lesen,
lese,
liest,
liest,
las,
gelesen,
läse,
lies,
lest,
haben,
lernen,
lerne,
lernst,
lernt,
lernte,
gelernt,
lernte,
lerne,
lernt,
haben,
retten,
rette,
rettest,
rettet,
rettete,
gerettet,
rettete,
rette,
rettet,
haben,
sorgen,
sorge,
sorgst,
sorgt,
sorgte,
gesorgt,
sorgte,
sorg,
sorge,
sorgt,
haben,
sitzen,
sitze,
sitzt,
sitzt,
saß,
gesessen,
säße,
sitz,
sitzt,
haben,
sein,
tragen,
trage,
trägst,
trägt,
trug,
getragen,
trüge,
trag,
trage,
tragt,
haben,
scheinen,
scheine,
scheinst,
scheint,
schien,
geschienen,
schiene,
scheine,
schein,
scheint,
scheinet,
haben,
verlassen,
verlasse,
verlässt,
verlässt,
verließ,
verlassen,
verließe,
verlasse,
verlasst,
haben,
ruhen,
ruhe,
ruhst,
ruht,
ruhte,
geruht,
ruhte,
ruh,
ruht,
haben,
kümmern,
kümmere,
kümmerst,
kümmert,
kümmerte,
gekümmert,
kümmerte,
kümmere,
kümmert,
haben,
versprechen,
verspreche,
versprichst,
verspricht,
versprach,
versprochen,
verspräche,
versprich,
versprecht,
haben,
reichen,
reiche,
reichst,
reicht,
reichte,
gereicht,
reichte,
reiche,
reicht,
haben,
anrufen,
rufe an,
rufst an,
ruft an,
rief an,
angerufen,
riefe an,
ruf an,
ruft an,
haben,
bestimmen,
bestimme,
bestimmst,
bestimmt,
bestimmte,
bestimmt,
bestimmte,
bestimme,
bestimmt,
haben,
langen,
lange,
langst,
langt,
langte,
gelangt,
langte,
lange,
lang,
langt,
haben,
umbringen,
bringe um,
bringst um,
bringt um,
brachte um,
umgebracht,
brächte um,
bring um,
bringt um,
haben,
tollen,
tolle,
tollst,
tollt,
tollte,
getollt,
tollte,
toll,
tolle,
tollt,
haben,
sein,
fangen,
fange,
fängst,
fängt,
fing,
gefangen,
finge,
fang,
fange,
fangt,
haben,
kaufen,
kaufe,
kaufst,
kauft,
kaufte,
gekauft,
kaufte,
kauf,
kauft,
haben,
wagen,
wage,
wagst,
wagt,
wagte,
gewagt,
wagte,
wage,
wagt,
haben,
altern,
altere,
alterst,
altert,
alterte,
gealtert,
alterte,
altere,
altert,
sein,
erwarten,
erwarte,
erwartest,
erwartet,
erwartete,
erwartet,
erwartete,
erwarte,
erwartet,
haben,
folgen,
folge,
folgst,
folgt,
folgte,
gefolgt,
folgte,
folge,
folg,
folgt,
sein,
haben,
schauen,
schaue,
schau,
schaust,
schaut,
schaute,
geschaut,
schaute,
schaue,
schau,
schaut,
haben,
heiraten,
heirate,
heiratest,
heiratet,
heiratete,
geheiratet,
heiratete,
heirate,
heiratet,
haben,
lachen,
lache,
lachst,
lacht,
lachte,
gelacht,
lachte,
lache,
lach,
lacht,
haben,
schlagen,
schlage,
schlägst,
schlägt,
schlug,
geschlagen,
schlüge,
schlag,
schlage,
schlagt,
haben,
gefallen,
gefalle,
gefällst,
gefällt,
gefiel,
gefallen,
gefiele,
gefalle,
gefall,
gefallt,
haben,
bezahlen,
bezahle,
bezahlst,
bezahlt,
bezahlte,
bezahlt,
bezahlte,
bezahle,
bezahlt,
haben,
stecken,
stecke,
steckst,
steckt,
steckte,
stak,
gesteckt,
steckte,
stäke,
steck,
steckt,
haben,
gewinnen,
gewinne,
gewinnst,
gewinnt,
gewann,
gewonnen,
gewönne,
gewänne,
gewinn,
gewinnt,
haben,
lügen,
lüge,
lügst,
lügt,
log,
gelogen,
löge,
lüg,
lügt,
haben,
klingen,
klinge,
klingst,
klingt,
klang,
geklungen,
klänge,
klinge,
kling,
klingt,
haben,
vertrauen,
vertraue,
vertraust,
vertraut,
vertraute,
vertraut,
vertraute,
vertrau,
vertraue,
vertraut,
vertrauet,
haben,
ändern,
ändere,
änderst,
ändert,
änderte,
geändert,
änderte,
ändere,
ändert,
haben,
benutzen,
benutze,
benutzt,
benutzt,
benutzte,
benutzt,
benutzte,
benutze,
benutz,
benutzt,
haben,
schicken,
schicke,
schickst,
schickt,
schickte,
geschickt,
schickte,
schick,
schickt,
haben,
erklären,
erkläre,
erklärst,
erklärt,
erklärte,
erklärt,
erklärte,
erkläre,
erklär,
erklärt,
haben,
legen,
lege,
legst,
legt,
legte,
gelegt,
legte,
lege,
leg,
legt,
haben,
wiedersehen,
sehe wieder,
siehst wieder,
sieht wieder,
sah wieder,
wiedergesehen,
sähe wieder,
sieh wieder,
siehe wieder,
seht wieder,
haben,
aufhören,
höre auf,
hörst auf,
hört auf,
hörte auf,
aufgehört,
hörte auf,
hör auf,
höre auf,
hört auf,
haben,
anfangen,
fange an,
fängst an,
fängt an,
fing an,
angefangen,
finge an,
fang an,
fange an,
fangt an,
haben,
beginnen,
beginne,
beginnst,
beginnt,
begann,
begonnen,
begönne,
begänne,
beginn,
beginne,
beginnt,
haben,
verdienen,
verdiene,
verdienst,
verdient,
verdiente,
verdient,
verdiente,
verdiene,
verdient,
haben,
freuen,
freue,
freust,
freut,
freute,
gefreut,
freute,
freu,
freut,
haben,
wohnen,
wohne,
wohnst,
wohnt,
wohnte,
gewohnt,
wohnte,
wohne,
wohn,
wohnt,
haben,
fliegen,
fliege,
fliegst,
fliegt,
flog,
geflogen,
flöge,
flieg,
fliege,
fliegt,
sein,
haben,
geschehen,
geschieht,
geschah,
geschehen,
geschähe,
sein,
gedenken,
gedenke,
gedenk,
gedenkst,
gedenkt,
gedachte,
gedacht,
gedächte,
gedenk,
gedenke,
gedenkt,
haben,
funktionieren,
funktioniere,
funktionierst,
funktioniert,
funktionierte,
funktioniert,
funktionierte,
funktioniere,
funktionier,
funktioniert,
haben,
verkaufen,
verkaufe,
verkaufst,
verkauft,
verkaufte,
verkauft,
verkaufte,
verkauf,
verkaufe,
verkauft,
haben,
schießen,
schieße,
schießt,
schießt,
schoss,
geschossen,
schösse,
schieß,
schießt,
haben,
sein,
dauern,
dauere,
dauerst,
dauert,
dauerte,
gedauert,
dauerte,
dauere,
dauert,
haben,
kämpfen,
kämpfe,
kämpfst,
kämpft,
kämpfte,
gekämpft,
kämpfte,
kämpf,
kämpfe,
kämpft,
haben,
wünschen,
wünsche,
wünschst,
wünscht,
wünscht,
wünschte,
gewünscht,
wünschte,
wünsche,
wünscht,
haben,
werfen,
werfe,
wirfst,
wirft,
warf,
geworfen,
würfe,
wirf,
werft,
haben,
aussehen,
sehe aus,
siehst aus,
sieht aus,
sah aus,
ausgesehen,
sähe aus,
sieh aus,
siehe aus,
seht aus,
haben,
führen,
führe,
führst,
führt,
führte,
geführt,
führte,
führe,
führt,
haben,
öffnen,
öffne,
öffnest,
öffnet,
öffnete,
geöffnet,
öffnete,
öffne,
öffnet,
haben,
interessieren,
interessiere,
interessierst,
interessiert,
interessierte,
interessiert,
interessierte,
interessiere,
interessier,
interessiert,
haben,
brechen,
breche,
brichst,
bricht,
brach,
gebrochen,
bräche,
brich,
brecht,
haben,
sein,
verletzen,
verletze,
verletzt,
verletzt,
verletzte,
verletzt,
verletzte,
verletze,
verletzt,
haben,
bitten,
bitte,
bittest,
bittet,
bat,
gebeten,
bäte,
bitte,
bittet,
haben,
verstecken,
verstecke,
versteckst,
versteckt,
versteckte,
versteckt,
versteckte,
verstecke,
versteckt,
haben,
erledigen,
erledige,
erledigst,
erledigt,
erledigte,
erledigt,
erledigte,
erledig,
erledige,
erledigt,
haben,
sondern,
sondere,
sonderst,
sondert,
sonderte,
gesondert,
sonderte,
sondere,
sondert,
haben,
erfahren,
erfahre,
erfährst,
erfährt,
erfuhr,
erfahren,
erführe,
erfahr,
erfahre,
erfahrt,
haben,
vorstellen,
stelle vor,
stellst vor,
stellt vor,
stellte vor,
vorgestellt,
stellte vor,
stell vor,
stelle vor,
stellt vor,
haben,
singen,
singe,
singst,
singt,
sang,
gesungen,
sänge,
singe,
singt,
haben,
klappen,
klappe,
klappst,
klappt,
klappte,
geklappt,
klappte,
klappe,
klappt,
haben,
entscheiden,
entscheide,
entscheidest,
entscheidet,
entschied,
entschieden,
entschiede,
entscheide,
entscheidet,
haben,
stehlen,
stehle,
stiehlst,
stiehlt,
stahl,
gestohlen,
stähle,
stöhle,
stiehl,
stehlt,
haben,
zahlen,
zahle,
zahlst,
zahlt,
zahlte,
gezahlt,
zahlte,
zahle,
zahl,
zahlt,
haben,
schließen,
schließe,
schließt,
schließt,
schloss,
geschlossen,
schlösse,
schließe,
schließ,
schließt,
haben,
bewegen,
bewege,
bewegst,
bewegt,
bewegte,
bewegt,
bewegte,
bewege,
beweg,
bewegt,
haben,
zerstören,
zerstöre,
zerstörst,
zerstört,
zerstörte,
zerstört,
zerstörte,
zerstöre,
zerstört,
haben,
ehren,
ehre,
ehrst,
ehrt,
ehrte,
geehrt,
ehrte,
ehre,
ehrt,
haben,
ansehen,
sehe an,
siehst an,
sieht an,
sah an,
angesehen,
sähe an,
sieh an,
seht an,
haben,
behalten,
behalte,
behältst,
behält,
behielt,
behalten,
behielte,
behalte,
behaltet,
haben,
besorgen,
besorge,
besorgst,
besorgt,
besorgte,
besorgt,
besorgte,
besorge,
besorg,
besorgt,
haben,
erkennen,
erkenne,
erkennst,
erkennt,
erkannte,
erkannt,
erkennte,
erkenn,
erkenne,
erkennt,
haben,
hängen,
hänge,
hängst,
hängt,
hängte,
gehängt,
hängte,
hänge,
häng,
hängt,
haben,
fehlen,
fehle,
fehlst,
fehlt,
fehlte,
gefehlt,
fehlte,
fehle,
fehlt,
haben,
gehören,
gehöre,
gehörst,
gehört,
gehörte,
gehört,
gehörte,
gehör,
gehöre,
gehört,
haben,
melden,
melde,
meldest,
meldet,
meldete,
gemeldet,
meldete,
melde,
meldet,
haben,
schaden,
schade,
schadest,
schadet,
schadete,
geschadet,
schadete,
schade,
schadet,
haben,
drehen,
drehe,
drehst,
dreht,
drehte,
gedreht,
drehte,
drehe,
dreh,
dreht,
haben,
kranken,
kranke,
krankst,
krankt,
krankte,
gekrankt,
krankte,
kranke,
krankt,
haben,
sein,
laden,
lade,
lädst,
lädt,
lud,
geladen,
lüde,
lade,
ladet,
haben,
erreichen,
erreiche,
erreichst,
erreicht,
erreichte,
erreicht,
erreichte,
erreich,
erreiche,
erreicht,
haben,
tagen,
tage,
tagst,
tagt,
tagte,
getagt,
tagte,
tag,
tage,
tagt,
haben,
triefen,
triefe,
triefst,
trieft,
troff,
triefte,
getroffen,
getrieft,
tröffe,
triefte,
trief,
triefe,
trieft,
haben,
fällen,
fälle,
fällst,
fällt,
fällte,
gefällt,
fällte,
fälle,
fällt,
haben,
angreifen,
greife an,
greifst an,
greift an,
griff an,
angegriffen,
griffe an,
greif an,
greift an,
haben,
kosten,
koste,
kostest,
kostet,
kostete,
gekostet,
kostete,
koste,
kostet,
haben,
stören,
störe,
störst,
stört,
störte,
gestört,
störte,
stör,
störe,
stört,
haben,
bauen,
baue,
baust,
baut,
baute,
gebaut,
baute,
baue,
bau,
baut,
haben,
übernehmen,
übernehme,
übernimmst,
übernimmt,
übernahm,
übernommen,
übernähme,
übernimm,
übernehmt,
haben,
tanzen,
tanze,
tanzt,
tanzt,
tanzte,
getanzt,
tanzte,
tanze,
tanz,
tanzt,
haben,
antworten,
antworte,
antwortest,
antwortet,
antwortete,
geantwortet,
antwortete,
antworte,
antwortet,
haben,
erschießen,
erschieße,
erschießt,
erschießt,
erschoss,
erschossen,
erschösse,
erschieß,
erschieße,
erschießt,
haben,
nachdenken,
denke nach,
denkst nach,
denkt nach,
dachte nach,
nachgedacht,
dächte nach,
denke nach,
denkt nach,
haben,
beruhigen,
beruhige,
beruhigst,
beruhigt,
beruhigte,
beruhigt,
beruhigte,
beruhige,
beruhigt,
haben,
weinen,
weine,
weinst,
weint,
weinte,
geweint,
weinte,
weine,
weint,
haben,
stillen,
stille,
stillst,
stillt,
stillte,
gestillt,
stillte,
still,
stille,
stillt,
haben,
nähen,
nähe,
nähst,
näht,
nähte,
genäht,
nähte,
nähe,
näht,
haben,
schwören,
schwöre,
schwörst,
schwört,
schwor,
schwur,
geschworen,
schwüre,
schwöre,
schwört,
haben,
fürchten,
fürchte,
fürchtest,
fürchtet,
fürchtete,
gefürchtet,
fürchtete,
fürchte,
fürcht,
fürchtet,
haben,
beschützen,
beschütze,
beschützt,
beschützt,
beschützte,
beschützt,
beschützte,
beschütze,
beschützt,
haben,
steigen,
steige,
steigst,
steigt,
stieg,
gestiegen,
stiege,
steig,
steige,
steigt,
sein,
nähern,
nähere,
näherst,
nähert,
näherte,
genähert,
näherte,
nähere,
nähert,
haben,
erwischen,
erwische,
erwischst,
erwischt,
erwischte,
erwischt,
erwischte,
erwische,
erwischt,
haben,
verändern,
verändere,
veränderst,
verändert,
veränderte,
verändert,
veränderte,
veränder,
verändert,
haben,
merken,
merke,
merkst,
merkt,
merkte,
gemerkt,
merkte,
merke,
merk,
merkt,
haben,
verlangen,
verlange,
verlangst,
verlangt,
verlangte,
verlangt,
verlangte,
verlange,
verlangt,
haben,
beweisen,
beweise,
beweist,
beweist,
bewies,
bewiesen,
bewiese,
beweise,
beweis,
beweist,
haben,
entfernen,
entferne,
entfernst,
entfernt,
entfernte,
entfernt,
entfernte,
entferne,
entfernt,
haben,
mitnehmen,
nehme mit,
nimmst mit,
nimmt mit,
nahm mit,
mitgenommen,
nähme mit,
nimm mit,
nehmt mit,
haben,
überleben,
überlebe,
überlebst,
überlebt,
überlebte,
überlebt,
überlebte,
überlebe,
überlebt,
haben,
regeln,
regle,
regele,
regelst,
regelt,
regelte,
geregelt,
regelte,
regle,
regele,
regelt,
haben,
sieben,
siebe,
siebst,
siebt,
siebte,
gesiebt,
siebte,
sieb,
siebe,
siebt,
haben,
schreien,
schreie,
schreist,
schreit,
schrie,
geschrien,
schrie,
schreie,
schrei,
schreit,
haben,
planen,
plane,
planst,
plant,
plante,
geplant,
plante,
plane,
plant,
haben,
aufhalten,
halte auf,
hältst auf,
hält auf,
hielt auf,
aufgehalten,
hielte auf,
halte auf,
haltet auf,
haben,
irren,
irre,
irrst,
irrt,
irrte,
geirrt,
irrte,
irr,
irre,
irrt,
haben,
sein,
verlieben,
verliebe,
verliebst,
verliebt,
verliebte,
verliebt,
verliebte,
verlieb,
verliebt,
haben,
beenden,
beende,
beendest,
beendet,
beendete,
beendet,
beendete,
beende,
beendet,
haben,
verheiraten,
verheirate,
verheiratest,
verheiratet,
verheiratete,
verheiratet,
verheiratete,
verheirat,
verheirate,
verheiratet,
haben,
erhalten,
erhalte,
erhältst,
erhält,
erhielt,
erhalten,
erhielte,
erhalt,
erhalte,
erhaltet,
haben,
kennenlernen,
lerne kennen,
lernst kennen,
lernt kennen,
lernte kennen,
kennengelernt,
lernte kennen,
lerne kennen,
lernt kennen,
haben,
besuchen,
besuche,
besuchst,
besucht,
besuchte,
besucht,
besuchte,
besuch,
besuche,
besucht,
haben,
dienen,
diene,
dienst,
dient,
diente,
gedient,
diente,
diene,
dient,
haben,
verfolgen,
verfolge,
verfolgst,
verfolgt,
verfolgte,
verfolgt,
verfolgte,
verfolge,
verfolgt,
haben,
wundern,
wundere,
wunderst,
wundert,
wunderte,
gewundert,
wunderte,
wunder,
wundert,
haben,
weisen,
weise,
weist,
weist,
wies,
gewiesen,
wiese,
weis,
weist,
haben,
verraten,
verrate,
verrätst,
verrät,
verriet,
verraten,
verriete,
verrate,
verratet,
haben,
zählen,
zähle,
zählst,
zählt,
zählte,
gezählt,
zählte,
zähle,
zählt,
haben,
rennen,
renne,
rennst,
rennt,
rannte,
gerannt,
rennte,
renn,
renne,
rennt,
sein,
riechen,
rieche,
riechst,
riecht,
roch,
gerochen,
röche,
rieche,
riech,
riecht,
haben,
verbringen,
verbringe,
verbringst,
verbringt,
verbrachte,
verbracht,
verbrächte,
verbringe,
verbring,
verbringt,
haben,
bestehen,
bestehe,
bestehst,
besteht,
bestand,
bestanden,
bestände,
bestünde,
besteh,
bestehe,
besteht,
haben,
treten,
trete,
trittst,
tritt,
trat,
getreten,
träte,
tritt,
tretet,
haben,
sein,
verhaften,
verhafte,
verhaftest,
verhaftet,
verhaftete,
verhaftet,
verhaftete,
verhafte,
verhaft,
verhaftet,
haben,
sein,
zurückkommen,
komme zurück,
kommst zurück,
kommt zurück,
kam zurück,
zurückgekommen,
käme zurück,
komm zurück,
kommt zurück,
sein,
erlauben,
erlaube,
erlaubst,
erlaubt,
erlaubte,
erlaubt,
erlaubte,
erlaube,
erlaubt,
haben,
schulden,
schulde,
schuldest,
schuldet,
schuldete,
geschuldet,
schuldete,
schuld,
schulde,
schuldet,
haben,
besitzen,
besitze,
besitzt,
besitzt,
besaß,
besessen,
besäße,
besitze,
besitz,
besitzt,
haben,
meistern,
meistere,
meisterst,
meistert,
meisterte,
gemeistert,
meisterte,
meistere,
meistert,
haben,
nötigen,
nötige,
nötigst,
nötigt,
nötigte,
genötigt,
nötigte,
nötige,
nötigt,
haben,
behandeln,
behandele,
behandle,
behandelst,
behandelt,
behandelte,
behandelt,
behandelte,
behandele,
behandle,
behandelt,
haben,
spüren,
spüre,
spürst,
spürt,
spürte,
gespürt,
spürte,
spüre,
spürt,
haben,
handeln,
handle,
handele,
handelst,
handelt,
handelte,
gehandelt,
handelte,
handle,
handel,
handelt,
haben,
teilen,
teile,
teilst,
teilt,
teilte,
geteilt,
teilte,
teile,
teilt,
haben,
bieten,
biete,
bietest,
beutst,
bietet,
bot,
geboten,
böte,
biete,
beut,
bietet,
haben,
überraschen,
überrasche,
überraschst,
überrascht,
überrascht,
überraschte,
überrascht,
überraschte,
überrasche,
überrascht,
haben,
leiden,
leide,
leidest,
leidet,
litt,
gelitten,
litte,
leide,
''selten:'' leid,
leidet,
haben,
überprüfen,
überprüfe,
überprüfst,
überprüft,
überprüfte,
überprüft,
überprüfte,
überprüfe,
überprüft,
haben,
atmen,
atme,
atmest,
atmet,
atmete,
geatmet,
atmete,
atme,
atmet,
haben,
wählen,
wähle,
wählst,
wählt,
wählte,
gewählt,
wählte,
wähle,
wählt,
haben,
überlegen,
überlege,
überlegst,
überlegt,
überlegte,
überlegt,
überlegte,
überlege,
überlegt,
haben,
rücken,
rücke,
rückst,
rückt,
rückte,
gerückt,
rückte,
rücke,
rück,
rückt,
haben,
sein,
zwingen,
zwinge,
zwingst,
zwingt,
zwang,
gezwungen,
zwänge,
zwinge,
zwing,
zwingt,
haben,
jagen,
jage,
jagst,
jagt,
jagte,
gejagt,
jagte,
jag,
jage,
jagt,
haben,
bekennen,
bekenne,
bekennst,
bekennt,
bekannte,
bekannt,
bekennte,
bekenne,
bekenn,
bekennt,
haben,
annehmen,
nehme an,
nimmst an,
nimmt an,
nahm an,
angenommen,
nähme an,
nimm an,
nehmt an,
haben,
herkommen,
komme her,
kommst her,
kommt her,
kam her,
hergekommen,
käme her,
komm her,
komme her,
kommt her,
sein,
schnappen,
schnappe,
schnappst,
schnappt,
schnappte,
geschnappt,
schnappte,
schnapp,
schnappe,
schnappt,
sein,
haben,
verzeihen,
verzeihe,
verzeihst,
verzeiht,
verzieh,
verziehen,
verziehe,
verzeihe,
verzeih,
verzeiht,
haben,
ermorden,
ermorde,
ermordest,
ermordet,
ermordete,
ermordet,
ermordete,
ermorde,
ermordet,
haben,
beschäftigen,
beschäftige,
beschäftigst,
beschäftigt,
beschäftigte,
beschäftigt,
beschäftigte,
beschäftige,
beschäftigt,
haben,
überzeugen,
überzeuge,
überzeugst,
überzeugt,
überzeugte,
überzeugt,
überzeugte,
überzeuge,
überzeug,
überzeugt,
haben,
lösen,
löse,
löst,
löst,
löste,
gelöst,
löste,
löse,
lös,
löst,
haben,
schneiden,
schneide,
schneidest,
schneidet,
schnitt,
geschnitten,
schnitte,
schneide,
schneidet,
haben,
enden,
ende,
endest,
endet,
endete,
geendet,
endete,
ende,
endet,
haben,
nutzen,
nutze,
nutzt,
nutzt,
nutzte,
genutzt,
nutzte,
nutze,
nutzt,
haben,
wirken,
wirke,
wirkst,
wirkt,
wirkte,
gewirkt,
wirkte,
wirk,
wirkt,
haben,
süßen,
süße,
süßt,
süßt,
süßte,
gesüßt,
süßte,
süß,
süße,
süßt,
haben,
beobachten,
beobachte,
beobachtest,
beobachtet,
beobachtete,
beobachtet,
beobachtete,
beobachte,
beobachtet,
haben,
feiern,
feiere,
feierst,
feiert,
feierte,
gefeiert,
feierte,
feier,
feiere,
feiert,
haben,
schützen,
schütze,
schützt,
schützt,
schützte,
geschützt,
schützte,
schütze,
schütz,
schützt,
haben,
aufgeben,
gebe auf,
gibst auf,
gibt auf,
gab auf,
aufgegeben,
gäbe auf,
gib auf,
gebt auf,
haben,
gebären,
gebäre,
gebierst,
gebärst,
gebiert,
gebar,
geboren,
gebäre,
gebier,
gebär,
gebärt,
haben,
schreiten,
schreite,
schreitest,
schreitet,
schritt,
geschritten,
schritte,
schreite,
schreitet,
sein,
leisten,
leiste,
leistest,
leistet,
leistete,
geleistet,
leistete,
leiste,
leistet,
haben,
einladen,
lade ein,
lädst ein,
lädt ein,
lud ein,
eingeladen,
lüde ein,
lade ein,
ladet ein,
haben,
herzen,
herze,
herzt,
herzt,
herzte,
geherzt,
herzte,
herz,
herze,
herzt,
herzet,
haben,
springen,
springe,
springst,
springt,
sprang,
gesprungen,
spränge,
springe,
spring,
springt,
sein,
landen,
lande,
landest,
landet,
landete,
gelandet,
landete,
lande,
landet,
sein,
träumen,
träume,
träumst,
träumt,
träumte,
geträumt,
träumte,
träume,
träum,
träumt,
haben,
gebrauchen,
gebrauche,
gebrauchst,
gebraucht,
gebrauchte,
gebraucht,
gebrauchte,
gebrauche,
gebraucht,
haben,
feuern,
feuere,
feuerst,
feuert,
feuerte,
gefeuert,
feuerte,
feuer,
feuere,
feuert,
haben,
schenken,
schenke,
schenkst,
schenkt,
schenkte,
geschenkt,
schenkte,
schenk,
schenke,
schenkt,
haben,
trennen,
trenne,
trennst,
trennt,
trennte,
getrennt,
trennte,
trenne,
trennt,
haben,
warnen,
warne,
warnst,
warnt,
warnte,
gewarnt,
warnte,
warne,
warnt,
haben,
treiben,
treibe,
treibst,
treibt,
trieb,
getrieben,
triebe,
treib,
treibe,
treibt,
haben,
sein,
erwähnen,
erwähne,
erwähnst,
erwähnt,
erwähnte,
erwähnt,
erwähnte,
erwähne,
erwähnt,
haben,
aufnehmen,
nehme auf,
nimmst auf,
nimmt auf,
nahm auf,
aufgenommen,
nähme auf,
nimm auf,
nehmt auf,
haben,
entdecken,
entdecke,
entdeckst,
entdeckt,
entdeckte,
entdeckt,
entdeckte,
entdecke,
entdeckt,
haben,
wüten,
wüte,
wütest,
wütet,
wütete,
gewütet,
wütete,
wüte,
wütete,
wütet,
haben,
ergeben,
ergebe,
ergibst,
ergibt,
ergab,
ergeben,
ergäbe,
ergib,
ergebt,
ergebet,
haben,
wachsen,
wachse,
wächst,
wächst,
wuchs,
gewachsen,
wüchse,
wachse,
wachs,
wachst,
sein,
mitbringen,
bringe mit,
bringst mit,
bringt mit,
brachte mit,
mitgebracht,
brächte mit,
bringe mit,
bringt mit,
haben,
ankommen,
komme an,
kommst an,
kommt an,
kam an,
angekommen,
käme an,
komm an,
komme an,
kommt an,
sein,
schlampen,
schlampe,
schlampst,
schlampt,
schlampte,
geschlampt,
schlampte,
schlampe,
schlamp,
schlampt,
haben,
genießen,
genieße,
genießt,
genießt,
genoss,
genossen,
genösse,
genieß,
genieße,
genießt,
haben,
passen,
passe,
passt,
passt,
passte,
gepasst,
passte,
pass,
passt,
haben,
rauchen,
rauche,
rauchst,
raucht,
rauchte,
geraucht,
rauchte,
rauche,
raucht,
haben,
packen,
packe,
packst,
packt,
packte,
gepackt,
packte,
pack,
packe,
packt,
haben,
verbinden,
verbinde,
verbindest,
verbindet,
verband,
verbunden,
verbände,
verbinde,
verbindet,
haben,
erleben,
erlebe,
erlebst,
erlebt,
erlebte,
erlebt,
erlebte,
erlebe,
erlebt,
haben,
lächeln,
lächle,
lächelst,
lächelt,
lächelte,
gelächelt,
lächelte,
lächle,
lächelt,
haben,
vergeben,
vergebe,
vergibst,
vergibt,
vergab,
vergeben,
vergäbe,
vergib,
vergebt,
haben,
vorbereiten,
bereite vor,
bereitest vor,
bereitet vor,
bereitete vor,
vorbereitet,
bereitete vor,
bereite vor,
bereitet vor,
haben,
beeilen,
beeile,
beeilst,
beeilt,
beeilte,
beeilt,
beeilte,
beeile,
beeilt,
haben,
ausgehen,
gehe aus,
gehst aus,
geht aus,
ging aus,
ausgegangen,
ginge aus,
geh aus,
gehe aus,
geht aus,
sein,
verfluchen,
verfluche,
verfluchst,
verflucht,
verfluchte,
verflucht,
verfluchte,
verfluch,
verfluche,
verflucht,
haben,
aufregen,
rege auf,
regst auf,
regt auf,
regte auf,
aufgeregt,
regte auf,
reg auf,
rege auf,
regt auf,
haben,
trauen,
traue,
traust,
traut,
traute,
getraut,
traute,
trau,
traue,
traut,
haben,
geraten,
gerate,
gerätst,
gerät,
geriet,
geraten,
geriete,
gerate,
gerat,
geratet,
sein,
befinden,
befinde,
befindest,
befindet,
befand,
befunden,
befände,
befinde,
befindet,
haben,
unterscheiden,
unterscheide,
unterscheidest,
unterscheidet,
unterschied,
unterschieden,
unterschiede,
unterscheide,
unterscheidet,
haben,
unternehmen,
unternehme,
unternimmst,
unternimmt,
unternahm,
unternommen,
unternähme,
unternimm,
unternehmt,
haben,
stöhnen,
stöhne,
stöhnst,
stöhnt,
stöhnte,
gestöhnt,
stöhnte,
stöhne,
stöhn,
stöhnt,
haben,
schmecken,
schmecke,
schmeckst,
schmeckt,
schmeckte,
geschmeckt,
schmeckte,
schmecke,
schmeck,
schmeckt,
haben,
abholen,
hole ab,
holst ab,
holt ab,
holte ab,
abgeholt,
holte ab,
hole ab,
holt ab,
haben,
abhauen,
haue ab,
haust ab,
haut ab,
hieb ab,
haute  ab,
abgehauen,
abgehaut,
hiebe ab,
haute ab,
hau ab,
haut ab,
haben,
vergnügen,
vergnüge,
vergnügst,
vergnügt,
vergnügte,
vergnügt,
vergnügte,
vergnüg,
vergnüge,
vergnügt,
haben,
auftauchen,
tauche auf,
tauchst auf,
taucht auf,
tauchte auf,
aufgetaucht,
tauchte auf,
tauche auf,
taucht auf,
sein,
beten,
bete,
betest,
betet,
betete,
gebetet,
betete,
bete,
betet,
haben,
dringen,
dringe,
dringst,
dringt,
drang,
gedrungen,
dränge,
dring,
dringe,
dringt,
sein,
erwachsen,
erwachse,
erwächst,
erwächst,
erwuchs,
erwachsen,
erwüchse,
erwachse,
erwachst,
sein,
nerven,
nerve,
nervst,
nervt,
nervte,
genervt,
nervte,
nerve,
nervt,
haben,
klingeln,
klingele,
klingle,
klingelst,
klingelt,
klingelte,
geklingelt,
klingelte,
klingle,
klingelt,
haben,
drücken,
drücke,
drückst,
drückt,
drückte,
gedrückt,
drückte,
drück,
drücke,
drückt,
haben,
verhalten,
verhalte,
verhältst,
verhält,
verhielt,
verhalten,
verhielte,
verhalte,
verhaltet,
haben,
bomben,
bombe,
bombst,
bombt,
bombte,
gebombt,
bombte,
bomb,
bombe,
bombt,
haben,
brennen,
brenne,
brennst,
brennt,
brannte,
gebrannt,
brennte,
brenne,
brenn,
brennt,
haben,
aufstehen,
stehe auf,
stehst auf,
steht auf,
stand auf,
aufgestanden,
stände auf,
stünde auf,
steh auf,
stehe auf,
steht auf,
sein,
haben,
bemerken,
bemerke,
bemerkst,
bemerkt,
bemerkte,
bemerkt,
bemerkte,
bemerke,
bemerk,
bemerkt,
haben,
klauen,
klaue,
klaust,
klaut,
klaute,
geklaut,
klaute,
klaue,
klau,
klaut,
haben,
gucken,
gucke,
guckst,
guckt,
guckte,
geguckt,
guckte,
guck,
guckt,
haben,
herausfinden,
finde heraus,
findest heraus,
findet heraus,
fand heraus,
herausgefunden,
fände heraus,
finde heraus,
findet heraus,
haben,
weihnachten,
weihnachtet,
weihnachtete,
geweihnachtet,
weihnachtete,
haben,
erscheinen,
erscheine,
erscheinst,
erscheint,
erschien,
erschienen,
erschiene,
erscheine,
erscheint,
sein,
reisen,
reise,
reist,
reist,
reiste,
gereist,
reiste,
reise,
reist,
sein,
kochen,
koche,
kochst,
kocht,
kochte,
gekocht,
kochte,
koch,
koche,
kocht,
schätzen,
schätze,
schätzt,
schätzt,
schätzte,
geschätzt,
schätzte,
schätze,
schätz,
schätzt,
haben,
anziehen,
ziehe an,
ziehst an,
zieht an,
zog an,
angezogen,
zöge an,
zieh an,
ziehe an,
zieht an,
haben,
entkommen,
entkomme,
entkommst,
entkommt,
entkam,
entkommen,
entkäme,
entkomme,
entkomm,
entkommt,
sein,
vermissen,
vermisse,
vermisst,
vermisst,
vermisste,
vermisst,
vermisste,
vermisse,
vermisst,
haben,
behaupten,
behaupte,
behauptest,
behauptet,
behauptete,
behauptet,
behauptete,
behaupte,
behauptet,
haben,
verwenden,
verwende,
verwendest,
verwendet,
verwendete,
verwandte,
verwendet,
verwandt,
verwendete,
verwende,
verwendet,
haben,
aussagen,
sage aus,
sagst aus,
sagt aus,
sagte aus,
ausgesagt,
sagte aus,
sag aus,
sage aus,
sagt aus,
haben,
fliehen,
fliehe,
fliehst,
flieht,
floh,
geflohen,
flöhe,
fliehe,
flieh,
flieht,
sein,
betrinken,
betrinke,
betrinkst,
betrinkt,
betrank,
betrunken,
betränke,
betrink,
betrinke,
betrinkt,
haben,
befreien,
befreie,
befreist,
befreit,
befreite,
befreit,
befreite,
befreie,
befrei,
befreit,
haben,
unterschreiben,
unterschreibe,
unterschreibst,
unterschreibt,
unterschrieb,
unterschrieben,
unterschriebe,
unterschreibe,
unterschreib,
unterschreibt,
haben,
bestätigen,
bestätige,
bestätigst,
bestätigt,
bestätigte,
bestätigt,
bestätigte,
bestätige,
bestätigt,
haben,
verbrechen,
verbreche,
verbrichst,
verbricht,
verbrach,
verbrochen,
verbräche,
verbrich,
verbrecht,
haben,
hingehen,
gehe hin,
gehst hin,
geht hin,
ging hin,
hingegangen,
ginge hin,
geh hin,
gehe hin,
geht hin,
sein,
benehmen,
benehme,
benimmst,
benimmt,
benahm,
benommen,
benähme,
benimm,
benehmt,
haben,
zurückkehren,
kehre zurück,
kehrst zurück,
kehrt zurück,
kehrte zurück,
zurückgekehrt,
kehrte zurück,
kehre zurück,
kehrt zurück,
sein,
akzeptieren,
akzeptiere,
akzeptierst,
akzeptiert,
akzeptierte,
akzeptiert,
akzeptierte,
akzeptier,
akzeptiere,
akzeptiert,
haben,
wiederholen,
wiederhole,
wiederholst,
wiederholt,
wiederholte,
wiederholt,
wiederholte,
wiederhol,
wiederhole,
wiederholt,
haben,
aufwachen,
wache auf,
wachst auf,
wacht auf,
wachte auf,
aufgewacht,
wachte auf,
wach auf,
wache auf,
wacht auf,
sein,
gelten,
gelte,
giltst,
gilt,
galt,
gegolten,
gälte,
gölte,
gilt,
geltet,
haben,
kontrollieren,
kontrolliere,
kontrollierst,
kontrolliert,
kontrollierte,
kontrolliert,
kontrollierte,
kontrolliere,
kontrollier,
kontrolliert,
haben,
klopfen,
klopfe,
klopfst,
klopft,
klopfte,
geklopft,
klopfte,
klopf,
klopfe,
klopft,
haben,
bestellen,
bestelle,
bestellst,
bestellt,
bestellte,
bestellt,
bestellte,
bestell,
bestelle,
bestellt,
haben,
begleiten,
begleite,
begleitest,
begleitet,
begleitete,
begleitet,
begleitete,
begleite,
begleitet,
haben,
untersuchen,
untersuche,
untersuchst,
untersucht,
untersuchte,
untersucht,
untersuchte,
untersuche,
untersucht,
haben,
richten,
richte,
richtest,
richtet,
richtete,
gerichtet,
richtete,
richte,
richtet,
haben,
aufpassen,
passe auf,
passt auf,
passt auf,
passte auf,
aufgepasst,
passte auf,
pass auf,
passt auf,
haben,
verbrennen,
verbrenne,
verbrennst,
verbrennt,
verbrannte,
verbrannt,
verbrennte,
verbrenn,
verbrenne,
verbrennt,
sein,
haben,
hinterlassen,
hinterlasse,
hinterlässt,
hinterlässt,
hinterließ,
hinterlassen,
hinterließe,
hinterlass,
hinterlasse,
hinterlasst,
haben,
kapieren,
kapiere,
kapierst,
kapiert,
kapierte,
kapiert,
kapierte,
kapiere,
kapier,
kapiert,
haben,
existieren,
existiere,
existierst,
existiert,
existierte,
existiert,
existierte,
existiere,
existier,
existiert,
haben,
schmerzen,
schmerze,
schmerzt,
schmerzt,
schmerzte,
geschmerzt,
schmerzte,
schmerz,
schmerze,
schmerzt,
haben,
abendessen,
abendgegessen,
haben,
verbieten,
verbiete,
verbietest,
verbietet,
verbot,
verboten,
verböte,
verbiet,
verbiete,
verbietet,
haben,
starten,
starte,
startest,
startet,
startete,
gestartet,
startete,
starte,
startet,
haben,
fernsehen,
sehe fern,
siehst fern,
sieht fern,
sah fern,
ferngesehen,
sähe fern,
sieh fern,
seht fern,
haben,
entführen,
entführe,
entführst,
entführt,
entführte,
entführt,
entführte,
entführe,
entführt,
haben,
streiten,
streite,
streitest,
streitet,
stritt,
gestritten,
stritte,
streite,
streitet,
haben,
erfüllen,
erfülle,
erfüllst,
erfüllt,
erfüllte,
erfüllt,
erfüllte,
erfülle,
erfüll,
erfüllt,
haben,
entwickeln,
entwickle,
entwickelst,
entwickelt,
entwickelte,
entwickelt,
entwickelte,
entwickle,
entwickelt,
haben,
zuhören,
höre zu,
hörst zu,
hört zu,
hörte zu,
zugehört,
hörte zu,
höre zu,
hört zu,
haben,
beeindrucken,
beeindrucke,
beeindruckst,
beeindruckt,
beeindruckte,
beeindruckt,
beeindruckte,
beeindrucke,
beeindruckt,
haben,
enttäuschen,
enttäusche,
enttäuschst,
enttäuscht,
enttäuschte,
enttäuscht,
enttäuschte,
enttäusche,
enttäuscht,
haben,
erschrecken,
erschrecke,
erschreckst,
erschreckt,
erschreckte,
erschreckt,
erschreckte,
erschrecke,
erschreck,
erschreckt,
haben,
stechen,
steche,
stichst,
sticht,
stach,
gestochen,
stäche,
stich,
stecht,
haben,
unterhalten,
unterhalte,
unterhältst,
unterhält,
unterhielt,
unterhalten,
unterhielte,
unterhalte,
unterhaltet,
haben,
leiten,
leite,
leitest,
leitet,
leitete,
geleitet,
leitete,
leite,
leitet,
haben,
greifen,
greife,
greifst,
greift,
griff,
gegriffen,
griffe,
greife,
greif,
greift,
haben,
wachen,
wache,
wachst,
wacht,
wachte,
gewacht,
wachte,
wache,
wach,
wacht,
haben,
berühren,
berühre,
berührst,
berührt,
berührte,
berührt,
berührte,
berühr,
berühre,
berührt,
haben,
reparieren,
repariere,
reparierst,
repariert,
reparierte,
repariert,
reparierte,
repariere,
reparier,
repariert,
haben,
probieren,
probiere,
probierst,
probiert,
probierte,
probiert,
probierte,
probiere,
probier,
probiert,
haben,
winden,
winde,
windest,
windet,
wand,
gewunden,
wände,
winde,
windet,
haben,
ruinieren,
ruiniere,
ruinierst,
ruiniert,
ruinierte,
ruiniert,
ruinierte,
ruinier,
ruiniere,
ruiniert,
haben,
stoppen,
stoppe,
stoppst,
stoppt,
stoppte,
gestoppt,
stoppte,
stopp,
stoppe,
stoppt,
haben,
umgehen,
umgehe,
umgehest,
umgehet,
umging,
umgangen,
umginge,
umgehe,
umgehet,
haben,
vernichten,
vernichte,
vernichtest,
vernichtet,
vernichtete,
vernichtet,
vernichtete,
vernichte,
vernichtet,
haben,
beibringen,
bringe bei,
bringst bei,
bringt bei,
brachte bei,
beigebracht,
brächte bei,
bring bei,
bringe bei,
bringt bei,
haben,
reiten,
reite,
reitest,
reitet,
ritt,
geritten,
ritte,
reit,
reite,
reitet,
sein,
haben,
riskieren,
riskiere,
riskierst,
riskiert,
riskierte,
riskiert,
riskierte,
riskiere,
riskier,
riskiert,
haben,
übersetzen,
übersetze,
übersetzt,
übersetzt,
übersetzte,
übersetzt,
übersetzte,
übersetz,
übersetze,
übersetzt,
haben,
leeren,
leere,
leerst,
leert,
leerte,
geleert,
leerte,
leere,
leer,
leert,
haben,
knien,
knie,
kniest,
kniet,
kniete,
gekniet,
kniete,
knie,
kniet,
haben,
verdächtigen,
verdächtige,
verdächtigst,
verdächtigt,
verdächtigte,
verdächtigt,
verdächtigte,
verdächtige,
verdächtigt,
haben,
liefern,
liefere,
lieferst,
liefert,
lieferte,
geliefert,
lieferte,
liefere,
liefert,
haben,
offenbaren,
offenbare,
offenbarst,
offenbart,
offenbarte,
offenbart,
geoffenbart,
offenbarte,
offenbare,
offenbart,
haben,
beantworten,
beantworte,
beantwortest,
beantwortet,
beantwortete,
beantwortet,
beantwortete,
beantworte,
beantwortet,
haben,
anstellen,
stelle an,
stellst an,
stellt an,
stellte an,
angestellt,
stellte an,
stell an,
stelle an,
stellt an,
haben,
besprechen,
bespreche,
besprichst,
bespricht,
besprach,
besprochen,
bespräche,
besprich,
besprecht,
haben,
unterstützen,
unterstütze,
unterstützt,
unterstützt,
unterstützte,
unterstützt,
unterstützte,
unterstütze,
unterstütz,
unterstützt,
haben,
wechseln,
wechsle,
wechsele,
wechselst,
wechselt,
wechselte,
gewechselt,
wechselte,
wechsele,
wechsle,
wechselt,
haben,
sein,
anhalten,
halte an,
hältst an,
hält an,
hielt an,
angehalten,
hielte an,
halt an,
halte an,
haltet an,
haben,
studieren,
studiere,
studierst,
studiert,
studierte,
studiert,
studierte,
studier,
studiere,
studiert,
haben,
zeugen,
zeuge,
zeugst,
zeugt,
zeugte,
gezeugt,
zeugte,
zeuge,
zeug,
zeugt,
haben,
spinnen,
spinne,
spinnst,
spinnt,
spann,
gesponnen,
spönne,
spänne,
spinn,
spinnt,
haben,
waschen,
wasche,
wäschst,
wäscht,
wäscht,
wusch,
gewaschen,
wüsche,
wasche,
wasch,
wascht,
verwandeln,
verwandle,
verwandele,
verwandelst,
verwandelt,
verwandelte,
verwandelt,
verwandelte,
verwandle,
verwandele,
verwandelt,
haben,
regen,
rege,
regst,
regt,
regte,
geregt,
regte,
rege,
reg,
regt,
haben,
fassen,
fasse,
fasst,
fasst,
fasste,
gefasst,
fasste,
fass,
fasse,
fasst,
haben,
schwimmen,
schwimme,
schwimmst,
schwimmt,
schwamm,
geschwommen,
schwömme,
schwämme,
schwimm,
schwimmt,
sein,
schweigen,
schweige,
schweigst,
schweigt,
schwieg,
geschwiegen,
schwiege,
schweige,
schweig,
schweigt,
schweiget,
haben,
angehen,
gehe an,
gehst an,
geht an,
ging an,
angegangen,
ginge an,
geh an,
gehe an,
geht an,
sein,
reißen,
reiße,
reißt,
reißt,
riss,
gerissen,
risse,
reiße,
reiß,
reißt,
haben,
betreffen,
betreffe,
betriffst,
betrifft,
betraf,
betroffen,
beträfe,
betreffe,
betrefft,
haben,
verhindern,
verhindere,
verhinderst,
verhindert,
verhinderte,
verhindert,
verhinderte,
verhindere,
verhindert,
haben,
verarschen,
verarsche,
verarschst,
verarscht,
verarschte,
verarscht,
verarschte,
verarsch,
verarsche,
verarscht,
haben,
informieren,
informiere,
informierst,
informiert,
informierte,
informiert,
informierte,
informiere,
informier,
informiert,
haben,
begegnen,
begegne,
begegnest,
begegnet,
begegnete,
begegnet,
begegnete,
begegne,
begegnet,
sein,
kehren,
kehre,
kehrst,
kehrt,
kehrte,
gekehrt,
kehrte,
kehre,
kehrt,
haben,
zulassen,
lasse zu,
lässt zu,
lässt zu,
ließ zu,
zugelassen,
ließe zu,
lasse zu,
lasst zu,
haben,
gelingen,
gelinge,
gelingst,
gelingt,
gelang,
gelungen,
gelänge,
gelinge,
geling,
gelingt,
sein,
abschließen,
schließe ab,
schließt ab,
schließt ab,
schloss ab,
abgeschlossen,
schlösse ab,
schließ ab,
schließt ab,
haben,
vermuten,
vermute,
vermutest,
vermutet,
vermutete,
vermutet,
vermutete,
vermut,
vermute,
vermutet,
haben,
zustehen,
stehe zu,
stehst zu,
steht zu,
stand zu,
zugestanden,
stünde zu,
stände zu,
stehe zu,
steh zu,
steht zu,
haben,
sein,
sammeln,
sammle,
sammele,
sammelst,
sammelt,
sammelte,
gesammelt,
sammelte,
sammle,
sammelt,
haben,
konzentrieren,
konzentriere,
konzentrierst,
konzentriert,
konzentrierte,
konzentriert,
konzentrierte,
konzentriere,
konzentrier,
konzentriert,
haben,
achten,
achte,
achtest,
achtet,
achtete,
geachtet,
achtete,
achte,
achtet,
haben,
pfeifen,
pfeife,
pfeifst,
pfeift,
pfiff,
gepfiffen,
pfiffe,
pfeif,
pfeife,
pfeift,
pfeifet,
haben,
mitkommen,
komme mit,
kommst mit,
kommt mit,
kam mit,
mitgekommen,
käme mit,
komme mit,
kommt mit,
sein,
begehen,
begehe,
begehst,
begeht,
beging,
begangen,
beginge,
begeh,
begeht,
haben,
aufmachen,
mache auf,
machst auf,
macht auf,
machte auf,
aufgemacht,
machte auf,
mach auf,
macht auf,
haben,
lauten,
laute,
lautest,
lautet,
lautete,
gelautet,
lautete,
laute,
lautet,
haben,
heilen,
heile,
heilst,
heilt,
heilte,
geheilt,
heilte,
heile,
heilt,
haben,
verteidigen,
verteidige,
verteidigst,
verteidigt,
verteidigte,
verteidigt,
verteidigte,
verteidige,
verteidigt,
haben,
küssen,
küsse,
küsst,
küsst,
küsste,
geküsst,
küsste,
küss,
küsse,
küsst,
haben,
festhalten,
halte fest,
hältst fest,
hält fest,
hielt fest,
festgehalten,
hielte fest,
halte fest,
halt fest,
haltet fest,
haben,
klären,
kläre,
klärst,
klärt,
klärte,
geklärt,
klärte,
klär,
kläre,
klärt,
haben,
reagieren,
reagiere,
reagierst,
reagiert,
reagierte,
reagiert,
reagierte,
reagiere,
reagier,
reagiert,
haben,
wenden,
wende,
wendest,
wendet,
wandte,
wendete,
gewandt,
gewendet,
wendete,
wende,
wendet,
haben,
entspannen,
entspanne,
entspannst,
entspannt,
entspannte,
entspannt,
entspannte,
entspann,
entspanne,
entspannt,
haben,
fressen,
fresse,
frisst,
frisst,
fraß,
gefressen,
fräße,
friss,
fresst,
haben,
gewöhnen,
gewöhne,
gewöhnst,
gewöhnt,
gewöhnte,
gewöhnt,
gewöhnte,
gewöhn,
gewöhne,
gewöhnt,
haben,
heben,
hebe,
hebst,
hebt,
hob,
gehoben,
höbe,
hübe,
hebe,
hebt,
haben,
weitermachen,
mache weiter,
machst  weiter,
macht weiter,
machte weiter,
weitergemacht,
machte weiter,
mach weiter,
mache weiter,
macht weiter,
haben,
besiegen,
besiege,
besiegst,
besiegt,
besiegte,
besiegt,
besiegte,
besieg,
besiege,
besiegt,
haben,
anklagen,
klage an,
klagst an,
klagt an,
klagte an,
angeklagt,
klagte an,
klage an,
klagt an,
haben,
verwirren,
verwirre,
verwirrst,
verwirrt,
verwirrte,
verwirrt,
verwirrte,
verwirre,
verwirr,
verwirrt,
haben,
raten,
rate,
rätst,
rät,
riet,
geraten,
riete,
rate,
rat,
ratet,
haben,
runden,
runde,
rundest,
rundet,
rundete,
gerundet,
rundete,
runde,
rundet,
haben,
tauchen,
tauche,
tauchst,
taucht,
tauchte,
getaucht,
tauchte,
tauche,
tauch,
taucht,
sein,
haben,
einstellen,
stelle ein,
stellst ein,
stellt ein,
stellte ein,
eingestellt,
stellte ein,
stelle ein,
stellt ein,
haben,
senden,
sende,
sendest,
sendet,
sendete,
sandte,
gesendet,
gesandt,
sendete,
sende,
send,
sendet,
haben,
erfinden,
erfinde,
erfindest,
erfindet,
erfand,
erfunden,
erfände,
erfinde,
erfindet,
haben,
versagen,
versage,
versagst,
versagt,
versagte,
versagt,
versagte,
versage,
versag,
versagt,
haben,
verurteilen,
verurteile,
verurteilst,
verurteilt,
verurteilte,
verurteilt,
verurteilte,
verurteil,
verurteile,
verurteilt,
haben,
hauen,
haue,
haust,
haut,
haute,
hieb,
gehauen,
gehaut,
haute,
hiebe,
hau,
haue,
haut,
haben,
absehen,
sehe ab,
siehst ab,
sieht ab,
sah ab,
abgesehen,
sähe ab,
sieh ab,
siehe ab,
seht ab,
haben,
ausziehen,
ziehe aus,
ziehst aus,
zieht aus,
zog aus,
ausgezogen,
zöge aus,
zieh aus,
ziehe aus,
zieht aus,
sein,
haben,
verursachen,
verursache,
verursachst,
verursacht,
verursachte,
verursacht,
verursachte,
verursach,
verursache,
verursacht,
haben,
garen,
gare,
garst,
gart,
garte,
gegart,
garte,
gare,
gart,
haben,
albern,
albere,
alberst,
albert,
alberte,
gealbert,
alberte,
albere,
alber,
albert,
haben,
wecken,
wecke,
weckst,
weckt,
weckte,
geweckt,
weckte,
wecke,
weckt,
haben,
vergehen,
vergehe,
vergehst,
vergeht,
verging,
vergangen,
verginge,
vergehe,
vergeht,
haben,
sein,
stammen,
stamme,
stammst,
stammt,
stammte,
gestammt,
stammte,
stamme,
stamm,
stammt,
haben,
befehlen,
befehle,
befiehlst,
befiehlt,
befahl,
befohlen,
befähle,
beföhle,
befiehl,
befehlt,
haben,
brauen,
braue,
braust,
braut,
braute,
gebraut,
braute,
braue,
brau,
braut,
haben,
genügen,
genüge,
genügst,
genügt,
genügte,
genügt,
genügte,
genüge,
genüg,
genügt,
haben,
betrügen,
betrüge,
betrügst,
betrügt,
betrog,
betrogen,
betröge,
betrüge,
betrüg,
betrügt,
haben,
proben,
probe,
probst,
probt,
probte,
geprobt,
probte,
probe,
prob,
probt,
haben,
entlassen,
entlasse,
entlässt,
entlässt,
entließ,
entlassen,
entließe,
entlasse,
entlass,
entlasst,
haben,
schämen,
schäme,
schämst,
schämt,
schämte,
geschämt,
schämte,
schäm,
schämt,
haben,
bewahren,
bewahre,
bewahrst,
bewahrt,
bewahrte,
bewahrt,
bewahrte,
bewahre,
bewahr,
bewahrt,
haben,
zugeben,
gebe zu,
gibst zu,
gibt zu,
gab zu,
zugegeben,
gäbe zu,
gib zu,
gebt zu,
gebet zu,
haben,
stürzen,
stürze,
stürzt,
stürzt,
stürzte,
gestürzt,
stürzte,
stürze,
stürz,
stürzt,
sein,
haben,
einsperren,
sperre ein,
sperrst ein,
sperrt ein,
sperrte ein,
eingesperrt,
sperrte ein,
sperr ein,
sperre ein,
sperrt ein,
haben,
pressen,
presse,
presst,
presst,
presste,
gepresst,
presste,
press,
presse,
presst,
haben,
übergeben,
übergebe,
übergibst,
übergibt,
übergab,
übergeben,
übergäbe,
übergib,
übergebt,
haben,
stoßen,
stoße,
stößt,
stößt,
stieß,
gestoßen,
stieße,
stoße,
stoßt,
haben,
sein,
verschwenden,
verschwende,
verschwendest,
verschwendet,
verschwendete,
verschwendet,
verschwendete,
verschwende,
verschwendet,
haben,
identifizieren,
identifiziere,
identifizierst,
identifiziert,
identifizierte,
identifiziert,
identifizierte,
identifiziere,
identifizier,
identifiziert,
haben,
bestrafen,
bestrafe,
bestrafst,
bestraft,
bestrafte,
bestraft,
bestrafte,
bestrafe,
bestraf,
bestraft,
haben,
anschauen,
schaue an,
schaust an,
schaut an,
schaute an,
angeschaut,
schaute an,
schau an,
schaut an,
haben,
hassen,
hasse,
hasst,
hasst,
hasste,
gehasst,
hasste,
hasse,
hass,
hasst,
haben,
berichten,
berichte,
berichtest,
berichtet,
berichtete,
berichtet,
berichtete,
berichte,
berichtet,
haben,
verloben,
verlobe,
verlobst,
verlobt,
verlobte,
verlobt,
verlobte,
verlobe,
verlobt,
haben,
üben,
übe,
übst,
übt,
übte,
geübt,
übte,
üb,
übe,
übt,
haben,
ausmachen,
mache aus,
machst aus,
macht aus,
machte aus,
ausgemacht,
machte aus,
mach aus,
macht aus,
haben,
zusehen,
sehe zu,
siehst zu,
sieht zu,
sah zu,
zugesehen,
sähe zu,
sieh zu,
seht zu,
sehet zu,
haben,
empfinden,
empfinde,
empfindest,
empfindet,
empfand,
empfunden,
empfände,
empfinde,
empfindet,
haben,
telefonieren,
telefoniere,
telefonierst,
telefoniert,
telefonierte,
telefoniert,
telefonierte,
telefoniere,
telefonier,
telefoniert,
haben,
leihen,
leihe,
leihst,
leiht,
lieh,
geliehen,
liehe,
leih,
leihe,
leiht,
haben,
begraben,
begrabe,
begräbst,
begräbt,
begrub,
begraben,
begrübe,
begrab,
begrabe,
begrabt,
haben,
benötigen,
benötige,
benötigst,
benötigt,
benötigte,
benötigt,
benötigte,
benötige,
benötig,
benötigt,
haben,
durchmachen,
mache durch,
machst durch,
macht durch,
machte durch,
durchgemacht,
machte durch,
mach durch,
mache durch,
macht durch,
haben,
überlassen,
überlasse,
überlässt,
überlässt,
überließ,
überlassen,
überließe,
überlasse,
überlasst,
haben,
trotzen,
trotze,
trotzt,
trotzt,
trotzte,
getrotzt,
trotzte,
trotze,
trotzt,
haben,
rühren,
rühre,
rührst,
rührt,
rührte,
gerührt,
rührte,
rühre,
rühr,
rührt,
haben,
opfern,
opfere,
opferst,
opfert,
opferte,
geopfert,
opferte,
opfere,
opfert,
haben,
fluchen,
fluche,
fluchst,
flucht,
fluchte,
geflucht,
fluchte,
fluche,
fluch,
flucht,
haben,
gründen,
gründe,
gründest,
gründet,
gründete,
gegründet,
gründete,
gründ,
gründe,
gründet,
haben,
daten,
date,
datest,
datet,
datete,
gedatet,
datete,
date,
datet,
haben,
trainieren,
trainiere,
trainierst,
trainiert,
trainierte,
trainiert,
trainierte,
trainier,
trainiere,
trainiert,
haben,
ertragen,
ertrage,
erträgst,
erträgt,
ertrug,
ertragen,
ertrüge,
ertrag,
ertrage,
ertragt,
haben,
betrachten,
betrachte,
betrachtest,
betrachtet,
betrachtete,
betrachtet,
betrachtete,
betrachte,
betrachtet,
haben,
stinken,
stinke,
stinkst,
stinkt,
stank,
gestunken,
stänke,
stinke,
stink,
stinkt,
haben,
sparen,
spare,
sparst,
spart,
sparte,
gespart,
sparte,
spare,
spart,
haben,
einfallen,
falle ein,
fällst ein,
fällt ein,
fiel ein,
eingefallen,
fiele ein,
falle ein,
fallt ein,
sein,
mühen,
mühe,
mühst,
müht,
mühte,
gemüht,
mühte,
müh,
mühe,
müht,
haben,
präsentieren,
präsentiere,
präsentierst,
präsentiert,
präsentierte,
präsentiert,
präsentierte,
präsentiere,
präsentier,
präsentiert,
haben,
durchsuchen,
durchsuche,
durchsuchst,
durchsucht,
durchsuchte,
durchsucht,
durchsuchte,
durchsuche,
durchsucht,
haben,
beleidigen,
beleidige,
beleidigst,
beleidigt,
beleidigte,
beleidigt,
beleidigte,
beleidige,
beleidigt,
haben,
versichern,
versichere,
versicherst,
versichert,
versicherte,
versichert,
versicherte,
versichere,
versichert,
haben,
prüfen,
prüfe,
prüfst,
prüft,
prüfte,
geprüft,
prüfte,
prüf,
prüfe,
prüft,
haben,
ablehnen,
lehne ab,
lehnst ab,
lehnt ab,
lehnte ab,
abgelehnt,
lehnte ab,
lehne ab,
lehnt ab,
haben,
weggehen,
gehe weg,
gehst weg,
geht weg,
ging weg,
weggegangen,
ginge weg,
geh weg,
gehe weg,
geht weg,
sein,
anlügen,
lüge an,
lügst an,
lügt an,
log an,
angelogen,
löge an,
lüg an,
lüge an,
lügt an,
haben,
einsetzen,
setze ein,
setzt ein,
setzt ein,
setzte ein,
eingesetzt,
setzte ein,
setze ein,
setzt ein,
haben,
malen,
male,
malst,
malt,
malte,
gemalt,
malte,
male,
mal,
malt,
haben,
anbieten,
biete an,
bietest an,
bietet an,
bot an,
angeboten,
böte an,
biet an,
biete an,
bietet an,
haben,
betragen,
betrage,
beträgst,
beträgt,
betrug,
betragen,
betrüge,
betrage,
betragt,
haben,
verpassen,
verpasse,
verpasst,
verpasst,
verpasste,
verpasst,
verpasste,
verpass,
verpasse,
verpasst,
haben,
bereuen,
bereue,
bereust,
bereut,
bereute,
bereut,
bereute,
bereu,
bereue,
bereut,
haben,
komplizieren,
kompliziere,
komplizierst,
kompliziert,
komplizierte,
kompliziert,
komplizierte,
kompliziere,
komplizier,
kompliziert,
haben,
spuren,
spure,
spurst,
spurt,
spurte,
gespurt,
spurte,
spure,
spurt,
haben,
fordern,
fordere,
forderst,
fordert,
forderte,
gefordert,
forderte,
fordere,
fordert,
haben,
abgeben,
gebe ab,
gibst ab,
gibt ab,
gab ab,
abgegeben,
gäbe ab,
gib ab,
gebt ab,
haben,
aufbauen,
baue auf,
baust auf,
baut auf,
baute auf,
aufgebaut,
baute auf,
baue auf,
bauet auf,
haben,
weglaufen,
laufe weg,
läufst weg,
läuft weg,
lief weg,
weggelaufen,
liefe weg,
lauf weg,
laufe weg,
lauft weg,
sein,
stärken,
stärke,
stärkst,
stärkt,
stärkte,
gestärkt,
stärkte,
stärke,
stärkt,
haben,
abnehmen,
nehme ab,
nimmst ab,
nimmt ab,
nahm ab,
abgenommen,
nähme ab,
nimm ab,
nehmt ab,
lockern,
lockere,
lockerst,
lockert,
lockerte,
gelockert,
lockerte,
lockere,
lockert,
haben,
verbergen,
verberge,
verbirgst,
verbirgt,
verbarg,
verborgen,
verbärge,
verbirg,
verbergt,
haben,
auftreten,
trete auf,
trittst auf,
tritt auf,
trat auf,
aufgetreten,
träte auf,
tritt auf,
tretet auf,
sein,
haben,
empfangen,
empfange,
empfängst,
empfängt,
empfing,
empfangen,
empfinge,
empfange,
empfangt,
haben,
äußern,
äußere,
äußerst,
äußert,
äußerte,
geäußert,
äußerte,
äußere,
äußer,
äußert,
haben,
löschen,
lösche,
löschst,
löscht,
löscht,
löschte,
gelöscht,
löschte,
lösche,
lösch,
löscht,
haben,
testen,
teste,
testest,
testet,
testete,
getestet,
testete,
teste,
testet,
haben,
wetten,
wette,
wettest,
wettet,
wettete,
gewettet,
wettete,
wette,
wettet,
haben,
anzeigen,
zeige an,
zeigst an,
zeigt an,
zeigte an,
angezeigt,
zeigte an,
zeig an,
zeige an,
zeigt an,
haben,
schieben,
schiebe,
schiebst,
schiebt,
schob,
geschoben,
schöbe,
schieb,
schiebt,
haben,
heulen,
heule,
heulst,
heult,
heulte,
geheult,
heulte,
heule,
heul,
heult,
haben,
gratulieren,
gratuliere,
gratulierst,
gratuliert,
gratulierte,
gratuliert,
gratulierte,
gratulier,
gratuliere,
gratuliert,
haben,
erfreuen,
erfreue,
erfreust,
erfreut,
erfreute,
erfreut,
erfreute,
erfreu,
erfreue,
erfreut,
haben,
füllen,
fülle,
füllst,
füllt,
füllte,
gefüllt,
füllte,
fülle,
füllt,
haben,
doppeln,
doppele,
doppelst,
doppelt,
doppelte,
gedoppelt,
doppelte,
doppel,
doppele,
doppelt,
haben,
beschreiben,
beschreibe,
beschreibst,
beschreibt,
beschrieb,
beschrieben,
beschriebe,
beschreibe,
beschreib,
beschreibt,
haben,
scheiden,
scheide,
scheidest,
scheidet,
schied,
geschieden,
schiede,
scheid,
scheide,
scheidet,
haben,
anhören,
höre an,
hörst an,
hört an,
hörte an,
angehört,
hörte an,
hör an,
höre an,
hört an,
haben,
bilden,
bilde,
bildest,
bildet,
bildete,
gebildet,
bildete,
bilde,
bildet,
haben,
täuschen,
täusche,
täuschst,
täuscht,
täuscht,
täuschte,
getäuscht,
täuschte,
täusche,
täuscht,
täuschet,
haben,
drohen,
drohe,
drohst,
droht,
drohte,
gedroht,
drohte,
drohe,
droht,
haben,
vögeln,
vögele,
vögle,
vögelst,
vögelt,
vögelte,
gevögelt,
vögelte,
vögele,
vögle,
vögelt,
haben,
ignorieren,
ignoriere,
ignorierst,
ignoriert,
ignorierte,
ignoriert,
ignorierte,
ignoriere,
ignorier,
ignoriert,
haben,
verabschieden,
verabschiede,
verabschiedest,
verabschiedet,
verabschiedete,
verabschiedet,
verabschiedete,
verabschied,
verabschiede,
verabschiedet,
haben,
aussuchen,
suche aus,
suchst aus,
sucht aus,
suchte aus,
ausgesucht,
suchte aus,
suche aus,
such aus,
sucht aus,
haben,
lehren,
lehre,
lehrst,
lehrt,
lehrte,
gelehrt,
lehrte,
lehre,
lehrt,
haben,
bedenken,
bedenke,
bedenkst,
bedenkt,
bedachte,
bedacht,
bedächte,
bedenke,
bedenkt,
haben,
erheben,
erhebe,
erhebst,
erhebt,
erhob,
erhub,
erhoben,
erhöbe,
erhebe,
erhebt,
haben,
respektieren,
respektiere,
respektierst,
respektiert,
respektierte,
respektiert,
respektierte,
respektiere,
respektier,
respektiert,
haben,
erschaffen,
erschaffe,
erschaffst,
erschafft,
erschuf,
erschaffen,
erschüfe,
erschaff,
erschaffe,
erschafft,
haben,
ausgeben,
gebe aus,
gibst aus,
gibt aus,
gab aus,
ausgegeben,
gäbe aus,
gib aus,
gebt aus,
haben,
begreifen,
begreife,
begreifst,
begreift,
begriff,
begriffen,
begriffe,
begreife,
begreift,
haben,
aufwachsen,
wachse auf,
wächst auf,
wächst auf,
wuchs auf,
aufgewachsen,
wüchse auf,
wachse auf,
wachst auf,
sein,
dingen,
dinge,
dingst,
dingt,
dang,
dingte,
gedungen,
gedingt,
dänge,
dingte,
dinge,
ding,
dingt,
haben,
sperren,
sperre,
sperrst,
sperrt,
sperrte,
gesperrt,
sperrte,
sperre,
sperr,
sperrt,
haben,
aktivieren,
aktiviere,
aktivierst,
aktiviert,
aktivierte,
aktiviert,
aktivierte,
aktiviere,
aktivier,
aktiviert,
haben,
unterbrechen,
unterbreche,
unterbrichst,
unterbricht,
unterbrach,
unterbrochen,
unterbräche,
unterbrich,
unterbrecht,
haben,
frischen,
frische,
frischst,
frischt,
frischte,
gefrischt,
frischte,
frische,
frischt,
haben,
antun,
tue an,
tust an,
tut an,
tat an,
angetan,
täte an,
tu an,
tue an,
tut an,
haben,
rechnen,
rechne,
rechnest,
rechnet,
rechnete,
gerechnet,
rechnete,
rechne,
rechnet,
haben,
widerstehen,
widerstehe,
widerstehst,
widersteht,
widerstand,
widerstanden,
widerstände,
widerstehe,
widersteht,
haben,
anfassen,
fasse an,
fasst an,
fasst an,
fasste an,
angefasst,
fasste an,
fasse an,
fasst an,
haben,
garantieren,
garantiere,
garantierst,
garantiert,
garantierte,
garantiert,
garantierte,
garantiere,
garantier,
garantiert,
haben,
auffallen,
falle auf,
fällst auf,
fällt auf,
fiel auf,
aufgefallen,
fiele auf,
fall auf,
falle auf,
fallt auf,
fallet auf,
sein,
amüsieren,
amüsiere,
amüsierst,
amüsiert,
amüsierte,
amüsiert,
amüsierte,
amüsiere,
amüsier,
amüsiert,
haben,
filmen,
filme,
filmst,
filmt,
filmte,
gefilmt,
filmte,
film,
filme,
filmt,
haben,
befürchten,
befürchte,
befürchtest,
befürchtet,
befürchtete,
befürchtet,
befürchtete,
befürchte,
befürchtet,
haben,
kündigen,
kündige,
kündigst,
kündigt,
kündigte,
gekündigt,
kündigte,
kündig,
kündige,
kündigt,
haben,
betreten,
betrete,
betrittst,
betritt,
betrat,
betreten,
beträte,
betritt,
betretet,
haben,
einschlafen,
schlafe ein,
schläfst ein,
schläft ein,
schlief ein,
eingeschlafen,
schliefe ein,
schlaf ein,
schlafe ein,
schlaft ein,
sein,
aussteigen,
steige aus,
steigst aus,
steigt aus,
stieg aus,
ausgestiegen,
stiege aus,
steig aus,
steigt aus,
sein,
begrüßen,
begrüße,
begrüßt,
begrüßt,
begrüßte,
begrüßt,
begrüßte,
begrüße,
begrüß,
begrüßt,
haben,
versetzen,
versetze,
versetzt,
versetzt,
versetzte,
versetzt,
versetzte,
versetze,
versetz,
versetzt,
haben,
schmeißen,
schmeiße,
schmeißt,
schmeißt,
schmiss,
geschmissen,
schmisse,
schmeiß,
schmeißt,
haben,
explodieren,
explodiere,
explodierst,
explodiert,
explodierte,
explodiert,
explodierte,
explodier,
explodiere,
explodiert,
sein,
spazieren,
spaziere,
spazierst,
spaziert,
spazierte,
spaziert,
spazierte,
spaziere,
spazier,
spaziert,
sein,
umdrehen,
drehe um,
drehst um,
dreht um,
drehte um,
umgedreht,
drehte um,
dreh um,
drehe um,
dreht um,
haben,
segnen,
segne,
segnest,
segnet,
segnete,
gesegnet,
segnete,
segne,
segnet,
haben,
beißen,
beiße,
beißt,
beißt,
biss,
gebissen,
bisse,
beiße,
beiß,
beißt,
haben,
graben,
grabe,
gräbst,
gräbt,
grub,
gegraben,
grübe,
grab,
grabe,
grabt,
haben,
erhöhen,
erhöhe,
erhöhst,
erhöht,
erhöhte,
erhöht,
erhöhte,
erhöhe,
erhöh,
erhöht,
haben,
übertreiben,
übertreibe,
übertreibst,
übertreibt,
übertrieb,
übertrieben,
übertriebe,
übertreibe,
übertreib,
übertreibt,
haben,
vorbeikommen,
komme vorbei,
kommst vorbei,
kommt vorbei,
kam vorbei,
vorbeigekommen,
käme vorbei,
komm vorbei,
komme vorbei,
kommt vorbei,
sein,
bellen,
belle,
bellst,
bellt,
bellte,
gebellt,
bellte,
bell,
belle,
bellt,
haben,
flüstern,
flüstere,
flüsterst,
flüstert,
flüsterte,
geflüstert,
flüsterte,
flüstere,
flüstert,
haben,
eingehen,
gehe ein,
gehst ein,
geht ein,
ging ein,
eingegangen,
ginge ein,
geh ein,
gehe ein,
geht ein,
sein,
decken,
decke,
deckst,
deckt,
deckte,
gedeckt,
deckte,
decke,
deck,
deckt,
haben,
fesseln,
fessele,
fessle,
fesselst,
fesselt,
fesselte,
gefesselt,
fesselte,
fessle,
fesselt,
haben,
wegnehmen,
nehme weg,
nimmst weg,
nimmt weg,
nahm weg,
weggenommen,
nähme weg,
nimm weg,
nehmt weg,
haben,
seufzen,
seufze,
seufzt,
seufzt,
seufzte,
geseufzt,
seufzte,
seufz,
seufze,
seufzt,
haben,
verzweifeln,
verzweifle,
verzweifelst,
verzweifelt,
verzweifelte,
verzweifelt,
verzweifelte,
verzweifle,
verzweifele,
verzweifelt,
sein,
verteilen,
verteile,
verteilst,
verteilt,
verteilte,
verteilt,
verteilte,
verteile,
verteilt,
haben,
ausdrücken,
drücke aus,
drückst aus,
drückt aus,
drückte aus,
ausgedrückt,
drückte aus,
drücke aus,
drückt aus,
haben,
beschließen,
beschließe,
beschließt,
beschließt,
beschloss,
beschlossen,
beschlösse,
beschließe,
beschließt,
haben,
ficken,
ficke,
fickst,
fickt,
fickte,
gefickt,
fickte,
ficke,
fick,
fickt,
haben,
ersetzen,
ersetze,
ersetzt,
ersetzt,
ersetzte,
ersetzt,
ersetzte,
ersetze,
ersetzt,
haben,
verderben,
verderbe,
verdirbst,
verdirbt,
verdarb,
verdorben,
verderbt,
verdürbe,
verdirb,
verderbt,
haben,
eröffnen,
eröffne,
eröffnest,
eröffnet,
eröffnete,
eröffnet,
eröffnete,
eröffne,
eröffnet,
haben,
steuern,
steuere,
steuer,
steuerst,
steuert,
steuerte,
gesteuert,
steuerte,
steuere,
steuer,
steuert,
haben,
zustimmen,
stimme zu,
stimmst zu,
stimmt zu,
stimmte zu,
zugestimmt,
stimmte zu,
stimme zu,
stimmt zu,
haben,
nullen,
nulle,
nullst,
nullt,
nullte,
genullt,
nullte,
nulle,
nullt,
haben,
mittagessen,
mittaggegessen,
haben,
streichen,
streiche,
streichst,
streicht,
strich,
gestrichen,
striche,
streiche,
streich,
streicht,
haben,
sein,
bedrohen,
bedrohe,
bedrohst,
bedroht,
bedrohte,
bedroht,
bedrohte,
bedrohe,
bedroht,
haben,
blasen,
blase,
bläst,
bläst,
blies,
geblasen,
bliese,
blas,
blase,
blast,
haben,
herstellen,
stelle her,
stellst her,
stellt her,
stellte her,
hergestellt,
stellte her,
stell her,
stellt her,
haben,
bewaffnen,
bewaffne,
bewaffnest,
bewaffnet,
bewaffnete,
bewaffnet,
bewaffnete,
bewaffne,
bewaffnet,
haben,
überwachen,
überwache,
überwachst,
überwacht,
überwachte,
überwacht,
überwachte,
überwache,
überwacht,
haben,
bewundern,
bewundere,
bewunderst,
bewundert,
bewunderte,
bewundert,
bewunderte,
bewundere,
bewundert,
haben,
auszeichnen,
zeichne aus,
zeichnest aus,
zeichnet aus,
zeichnete aus,
ausgezeichnet,
zeichnete aus,
zeichne aus,
zeichnet aus,
haben,
erben,
erbe,
erbst,
erbt,
erbte,
geerbt,
erbte,
erbe,
erbt,
haben,
ausreden,
rede aus,
redest aus,
redet aus,
redete aus,
ausgeredet,
redete aus,
red aus,
rede aus,
redet aus,
haben,
mitmachen,
mache mit,
machst mit,
macht mit,
machte mit,
mitgemacht,
machte mit,
mach mit,
macht mit,
haben,
loslassen,
lasse los,
lässt los,
lässt los,
ließ los,
losgelassen,
ließe los,
lass los,
lasse los,
lasst los,
haben,
räumen,
räume,
räumst,
räumt,
räumte,
geräumt,
räumte,
räume,
räum,
räumt,
haben,
versauen,
versaue,
versaust,
versaut,
versaute,
versaut,
versaute,
versau,
versaue,
versaut,
haben,
nachsehen,
sehe nach,
siehst nach,
sieht nach,
sah nach,
nachgesehen,
sähe nach,
sieh nach,
seht nach,
haben,
fließen,
fließe,
fließt,
fließt,
floss,
geflossen,
flösse,
fließ,
fließe,
fließt,
sein,
empfehlen,
empfehle,
empfiehlst,
empfiehlt,
empfahl,
empfohlen,
empfähle,
empföhle,
empfiehl,
empfehlt,
haben,
herrschen,
herrsche,
herrschst,
herrscht,
herrscht,
herrschte,
geherrscht,
herrschte,
herrsche,
herrsch,
herrscht,
haben,
ahnen,
ahne,
ahnst,
ahnt,
ahnte,
geahnt,
ahnte,
ahne,
ahnt,
haben,
bluten,
blute,
blutest,
blutet,
blutete,
geblutet,
blutete,
blute,
blutet,
haben,
entstehen,
entstehe,
entstehst,
entsteht,
entstand,
entstanden,
entstände,
entstünde,
entstehe,
entsteht,
sein,
abschneiden,
schneide ab,
schneidest ab,
schneidet ab,
schnitt ab,
abgeschnitten,
schnitte ab,
schneide ab,
schneid ab,
schneidet ab,
haben,
binden,
binde,
bindest,
bindet,
band,
gebunden,
bände,
binde,
bindet,
haben,
organisieren,
organisiere,
organisierst,
organisiert,
organisierte,
organisiert,
organisierte,
organisiere,
organisier,
organisiert,
haben,
anlegen,
lege an,
legst an,
legt an,
legte an,
angelegt,
legte an,
leg an,
lege an,
legt an,
haben,
grenzen,
grenze,
grenzt,
grenzt,
grenzte,
gegrenzt,
grenzte,
grenze,
grenzt,
haben,
anschließen,
schließe an,
schließt an,
schließt an,
schloss an,
angeschlossen,
schlösse an,
schließ an,
schließe an,
schließt an,
haben,
tauschen,
tausche,
tauschst,
tauscht,
tauscht,
tauschte,
getauscht,
tauschte,
tausche,
tausch,
tauscht,
haben,
abhalten,
halte ab,
hältst ab,
hält ab,
hielt ab,
abgehalten,
hielte ab,
halte ab,
haltet ab,
haben,
belügen,
belüge,
belügst,
belügt,
belog,
belogen,
belöge,
belüge,
belüg,
belügt,
haben,
knarren,
knarre,
knarrst,
knarrt,
knarrte,
geknarrt,
knarrte,
knarr,
knarre,
knarrt,
haben,
wehtun,
tu weh,
tue weh,
tust weh,
tut weh,
tat weh,
wehgetan,
täte weh,
tu weh,
tue weh,
tut weh,
haben,
beschuldigen,
beschuldige,
beschuldigst,
beschuldigt,
beschuldigte,
beschuldigt,
beschuldigte,
beschuldig,
beschuldige,
beschuldigt,
haben,
begeistern,
begeistere,
begeisterst,
begeistert,
begeisterte,
begeistert,
begeisterte,
begeistere,
begeistert,
haben,
mitteilen,
teile mit,
teilst mit,
teilt mit,
teilte mit,
mitgeteilt,
teilte mit,
teil mit,
teile mit,
teilt mit,
haben,
starren,
starre,
starrst,
starrt,
starrte,
gestarrt,
starrte,
starre,
starrt,
haben,
festnehmen,
nehme fest,
nimmst fest,
nimmt fest,
nahm fest,
festgenommen,
nähme fest,
nimm fest,
nehmt fest,
haben,
bekämpfen,
bekämpfe,
bekämpfst,
bekämpft,
bekämpfte,
bekämpft,
bekämpfte,
bekämpf,
bekämpfe,
bekämpft,
haben,
ergreifen,
ergreife,
ergreifst,
ergreift,
ergriff,
ergriffen,
ergriffe,
ergreife,
ergreift,
haben,
reizen,
reize,
reizt,
reizest,
reizt,
reizte,
gereizt,
reizte,
reize,
reiz,
reizt,
haben,
weichen,
weiche,
weichst,
weicht,
wich,
gewichen,
wiche,
weiche,
weicht,
sein,
vergewaltigen,
vergewaltige,
vergewaltigst,
vergewaltigt,
vergewaltigte,
vergewaltigt,
vergewaltigte,
vergewaltige,
vergewaltigt,
haben,
flehen,
flehe,
flehst,
fleht,
flehte,
gefleht,
flehte,
flehe,
fleh,
fleht,
flehet,
haben,
modern,
modere,
moderst,
modert,
moderte,
gemodert,
moderte,
modere,
modert,
haben,
sein,
umziehen,
ziehe um,
ziehst um,
zieht um,
zog um,
umgezogen,
zöge um,
zieh um,
zieht um,
sein,
haben,
gestehen,
gestehe,
gestehst,
gesteht,
gestand,
gestanden,
gestände,
gestünde,
gestehe,
gesteht,
haben,
befragen,
befrage,
befragst,
befragt,
befragte,
befragt,
befragte,
befrag,
befrage,
befragt,
haben,
ertrinken,
ertrinke,
ertrinkst,
ertrinkt,
ertrank,
ertrunken,
ertränke,
ertrinke,
ertrink,
ertrinkt,
sein,
zurücklassen,
lasse zurück,
lässt zurück,
lässt zurück,
ließ zurück,
zurückgelassen,
ließe zurück,
lass zurück,
lasse zurück,
lasst zurück,
haben,
auslösen,
löse aus,
löst aus,
löst aus,
löste aus,
ausgelöst,
löste aus,
löse aus,
löst aus,
haben,
vergiften,
vergifte,
vergiftest,
vergiftet,
vergiftete,
vergiftet,
vergiftete,
vergift,
vergifte,
vergiftet,
haben,
beteiligen,
beteilige,
beteiligst,
beteiligt,
beteiligte,
beteiligt,
beteiligte,
beteilige,
beteiligt,
haben,
strecken,
strecke,
streckst,
streckt,
streckte,
gestreckt,
streckte,
streck,
streckt,
haben,
aussprechen,
spreche aus,
sprichst aus,
spricht aus,
sprach aus,
ausgesprochen,
spräche aus,
sprich aus,
sprecht aus,
haben,
regnen,
regnet,
regnete,
geregnet,
regnete,
haben,
vorgehen,
gehe vor,
gehst vor,
geht vor,
ging vor,
vorgegangen,
ginge vor,
geh vor,
geht vor,
sein,
ausruhen,
ruhe aus,
ruhst aus,
ruht aus,
ruhte aus,
ausgeruht,
ruhte aus,
ruh aus,
ruhe aus,
ruht aus,
haben,
verhandeln,
verhandele,
verhandle,
verhandelst,
verhandelt,
verhandelte,
verhandelt,
verhandelte,
verhandele,
verhandel,
verhandelt,
haben,
abmachen,
mache ab,
mach ab,
machst ab,
macht ab,
machte ab,
abgemacht,
machte ab,
mache ab,
mach ab,
macht ab,
haben,
russen,
russe,
russt,
russt,
russte,
gerusst,
russte,
russ,
russe,
russt,
haben,
weigern,
weigere,
weigerst,
weigert,
weigerte,
geweigert,
weigerte,
weiger,
weigert,
haben,
schleichen,
schleiche,
schleichst,
schleicht,
schlich,
geschlichen,
schliche,
schleiche,
schleich,
schleicht,
sein,
bedienen,
bediene,
bedienst,
bedient,
bediente,
bedient,
bediente,
bedien,
bediene,
bedient,
haben,
spannen,
spanne,
spannst,
spannt,
spannte,
gespannt,
spannte,
spanne,
spannt,
haben,
bergen,
berge,
birgst,
birgt,
barg,
geborgen,
bärge,
birg,
bergt,
haben,
vermögen,
vermag,
vermagst,
vermag,
vermochte,
vermocht,
vermöchte,
vermöge,
vermöget,
haben,
beherrschen,
beherrsche,
beherrschst,
beherrscht,
beherrscht,
beherrschte,
beherrscht,
beherrschte,
beherrsche,
beherrsch,
beherrscht,
haben,
überfallen,
überfalle,
überfällst,
überfällt,
überfiel,
überfallen,
überfiele,
überfall,
überfalle,
überfallt,
haben,
osten,
oste,
ostest,
ostet,
ostete,
geostet,
ostete,
ost,
oste,
ostet,
haben,
rächen,
räche,
rächst,
rächt,
rächte,
gerächt,
rächte,
räche,
räch,
rächt,
haben,
verschaffen,
verschaffe,
verschaffst,
verschafft,
verschaffte,
verschafft,
verschaffte,
verschaff,
verschaffe,
verschafft,
haben,
vermeiden,
vermeide,
vermeidest,
vermeidet,
vermied,
vermieden,
vermiede,
vermeide,
vermeidet,
haben,
verärgern,
verärgere,
verärgerst,
verärgert,
verärgerte,
verärgert,
verärgerte,
verärger,
verärgere,
verärgert,
haben,
ablenken,
lenke ab,
lenkst ab,
lenkt ab,
lenkte ab,
abgelenkt,
lenkte ab,
lenk ab,
lenkt ab,
haben,
langweilen,
langweile,
langweilst,
langweilt,
langweilte,
gelangweilt,
langweilte,
langweil,
langweile,
langweilt,
haben,
vereinigen,
vereinige,
vereinigst,
vereinigt,
vereinigte,
vereinigt,
vereinigte,
vereinige,
vereinigt,
haben,
verlegen,
verlege,
verlegst,
verlegt,
verlegte,
verlegt,
verlegte,
verlege,
verlegt,
haben,
füttern,
füttere,
fütterst,
füttert,
fütterte,
gefüttert,
fütterte,
füttere,
füttert,
haben,
zeichnen,
zeichne,
zeichnest,
zeichnet,
zeichnete,
gezeichnet,
zeichnete,
zeichne,
zeichnet,
haben,
umlegen,
lege um,
legst um,
legt um,
legte um,
umgelegt,
legte um,
leg um,
lege um,
legt um,
haben,
verdenken,
verdenke,
verdenkst,
verdenkt,
verdachte,
verdacht,
verdächte,
verdenk,
verdenke,
verdenkt,
haben,
faszinieren,
fasziniere,
faszinierst,
fasziniert,
faszinierte,
fasziniert,
faszinierte,
fasziniere,
faszinier,
fasziniert,
haben,
zerbrechen,
zerbreche,
zerbrichst,
zerbricht,
zerbrach,
zerbrochen,
zerbräche,
zerbrich,
zerbrecht,
haben,
rollen,
rolle,
rollst,
rollt,
rollte,
gerollt,
rollte,
roll,
rolle,
rollt,
haben,
sein,
spenden,
spende,
spendest,
spendet,
spendete,
gespendet,
spendete,
spende,
spendet,
haben,
ärgern,
ärgere,
ärgerst,
ärgert,
ärgerte,
geärgert,
ärgerte,
ärgere,
ärgert,
haben,
zurückgeben,
gebe zurück,
gibst zurück,
gibt zurück,
gab zurück,
zurückgegeben,
gäbe zurück,
gib zurück,
gebt zurück,
haben,
pinkeln,
pinkle,
pinkele,
pinkelst,
pinkelt,
pinkelte,
gepinkelt,
pinkelte,
pinkele,
pinkel,
pinkelt,
haben,
nützen,
nütze,
nützt,
nützt,
nützte,
genützt,
nützte,
nütze,
nützt,
haben,
aufheben,
hebe auf,
hebst auf,
hebt auf,
hob auf,
aufgehoben,
höbe auf,
heb auf,
hebt auf,
haben,
klagen,
klage,
klagst,
klagt,
klagte,
geklagt,
klagte,
klag,
klage,
klagt,
haben,
bezweifeln,
bezweifle,
bezweifele,
bezweifelst,
bezweifelt,
bezweifelte,
bezweifelt,
bezweifelte,
bezweifle,
bezweifelt,
haben,
diskutieren,
diskutiere,
diskutierst,
diskutiert,
diskutierte,
diskutiert,
diskutierte,
diskutier,
diskutiere,
diskutiert,
haben,
grüßen,
grüße,
grüßt,
grüßt,
grüßte,
gegrüßt,
grüßte,
grüße,
grüß,
grüßt,
haben,
arrangieren,
arrangiere,
arrangierst,
arrangiert,
arrangierte,
arrangiert,
arrangierte,
arrangiere,
arrangier,
arrangiert,
haben,
blicken,
blicke,
blickst,
blickt,
blickte,
geblickt,
blickte,
blicke,
blick,
blickt,
haben,
aussetzen,
setze aus,
setzt aus,
setzt aus,
setzte aus,
ausgesetzt,
setzte aus,
setz aus,
setze aus,
setzt aus,
haben,
vermasseln,
vermassele,
vermassle,
vermasselst,
vermasselt,
vermasselte,
vermasselt,
vermasselte,
vermassele,
vermassel,
vermasselt,
haben,
verlaufen,
verlaufe,
verläufst,
verläuft,
verlief,
verlaufen,
verliefe,
verlaufe,
verlauf,
verlauft,
sein,
haben,
bewachen,
bewache,
bewachst,
bewacht,
bewachte,
bewacht,
bewachte,
bewach,
bewacht,
haben,
kotzen,
kotze,
kotzt,
kotzt,
kotzte,
gekotzt,
kotzte,
kotze,
kotzt,
haben,
verprügeln,
verprügel,
verprügele,
verprügelst,
verprügelt,
verprügelte,
verprügelt,
verprügelte,
verprügel,
verprügele,
verprügelt,
haben,
vertreten,
vertrete,
vertrittst,
vertritt,
vertrat,
vertreten,
verträte,
vertritt,
vertretet,
haben,
sinken,
sinke,
sinkst,
sinkt,
sank,
gesunken,
sänke,
sinke,
sink,
sinkt,
sein,
bedanken,
bedanke,
bedankst,
bedankt,
bedankte,
bedankt,
bedankte,
bedank,
bedankt,
haben,
operieren,
operiere,
operierst,
operiert,
operierte,
operiert,
operierte,
operiere,
operier,
operiert,
haben,
erweisen,
erweise,
erweist,
erweist,
erwies,
erwiesen,
erwiese,
erweise,
erweist,
haben,
posten,
poste,
postest,
postet,
postete,
gepostet,
postete,
poste,
postet,
haben,
stattfinden,
finde statt,
findest statt,
findet statt,
fand statt,
stattgefunden,
fände statt,
finde statt,
findet statt,
haben,
absagen,
sage ab,
sagst ab,
sagt ab,
sagte ab,
abgesagt,
sagte ab,
sage ab,
sagt ab,
haben,
einziehen,
ziehe ein,
ziehst ein,
zieht ein,
zog ein,
eingezogen,
zöge ein,
zieh ein,
zieht ein,
haben,
belästigen,
belästige,
belästigst,
belästigt,
belästigte,
belästigt,
belästigte,
belästige,
belästigt,
haben,
kugeln,
kugele,
kugelst,
kugelt,
kugelte,
gekugelt,
kugelte,
kugel,
kugle,
kugelt,
haben,
sein,
kontaktieren,
kontaktiere,
kontaktierst,
kontaktiert,
kontaktierte,
kontaktiert,
kontaktierte,
kontaktiere,
kontaktier,
kontaktiert,
haben,
einsteigen,
steige ein,
steigst ein,
steigt ein,
stieg ein,
eingestiegen,
stiege ein,
steig ein,
steige ein,
steigt ein,
sein,
unterrichten,
unterrichte,
unterrichtest,
unterrichtet,
unterrichtete,
unterrichtet,
unterrichtete,
unterrichte,
unterrichtet,
haben,
eintreten,
trete ein,
trittst ein,
tritt ein,
trat ein,
eingetreten,
träte ein,
tritt ein,
tretet ein,
haben,
sein,
losgehen,
gehe los,
gehst los,
geht los,
ging los,
losgegangen,
ginge los,
geh los,
gehe los,
geht los,
sein,
putzen,
putze,
putzt,
putzt,
putzte,
geputzt,
putzte,
putz,
putze,
putzt,
haben,
zielen,
ziele,
zielst,
zielt,
zielte,
gezielt,
zielte,
ziele,
zielt,
haben,
hacken,
hacke,
hackst,
hackt,
hackte,
gehackt,
hackte,
hack,
hacke,
hackt,
haben,
husten,
huste,
hustest,
hustet,
hustete,
gehustet,
hustete,
huste,
hustet,
haben,
einkaufen,
kaufe ein,
kaufst ein,
kauft ein,
kaufte ein,
eingekauft,
kaufte ein,
kauf ein,
kaufe ein,
kauft ein,
haben,
einnehmen,
nehme ein,
nimmst ein,
nimmt ein,
nahm ein,
eingenommen,
nähme ein,
nimm ein,
nehmt ein,
haben,
bescheißen,
bescheiße,
bescheißt,
bescheißt,
beschiss,
beschissen,
beschisse,
bescheiße,
bescheißt,
haben,
knallen,
knalle,
knallst,
knallt,
knallte,
geknallt,
knallte,
knall,
knallt,
haben,
verschließen,
verschließe,
verschließt,
verschließt,
verschloss,
verschlossen,
verschlösse,
verschließ,
verschließt,
haben,
vereinen,
vereine,
vereinst,
vereint,
vereinte,
vereint,
vereinte,
vereine,
verein,
vereint,
haben,
versorgen,
versorge,
versorgst,
versorgt,
versorgte,
versorgt,
versorgte,
versorg,
versorgt,
haben,
sprengen,
sprenge,
sprengst,
sprengt,
sprengte,
gesprengt,
sprengte,
sprenge,
spreng,
sprengt,
haben,
durchgehen,
gehe durch,
gehst durch,
geht durch,
ging durch,
durchgegangen,
ginge durch,
geh durch,
geht durch,
sein,
verabreden,
verabrede,
verabredest,
verabredet,
verabredete,
verabredet,
verabredete,
verabrede,
verabredet,
haben,
verbreiten,
verbreite,
verbreitest,
verbreitet,
verbreitete,
verbreitet,
verbreitete,
verbreite,
verbreitet,
haben,
abziehen,
ziehe ab,
ziehst ab,
zieht ab,
zog ab,
abgezogen,
zöge ab,
ziehe ab,
zieht ab,
haben,
vorschlagen,
schlage vor,
schlägst vor,
schlägt vor,
schlug vor,
vorgeschlagen,
schlüge vor,
schlag vor,
schlagt vor,
haben,
verschieben,
verschiebe,
verschiebst,
verschiebt,
verschob,
verschoben,
verschöbe,
verschiebe,
verschiebt,
haben,
beunruhigen,
beunruhige,
beunruhigst,
beunruhigt,
beunruhigte,
beunruhigt,
beunruhigte,
beunruhige,
beunruhig,
beunruhigt,
haben,
gefährden,
gefährde,
gefährdest,
gefährdet,
gefährdete,
gefährdet,
gefährdete,
gefährd,
gefährde,
gefährdet,
haben,
feststellen,
stelle fest,
stellst fest,
stellt fest,
stellte fest,
festgestellt,
stellte fest,
stell fest,
stelle fest,
stellt fest,
haben,
hinsetzen,
setze hin,
setzt hin,
setzt hin,
setzte hin,
hingesetzt,
setzte hin,
setz hin,
setze hin,
setzt hin,
haben,
zurückgehen,
gehe zurück,
gehst zurück,
geht zurück,
ging zurück,
zurückgegangen,
ginge zurück,
geh zurück,
gehe zurück,
geht zurück,
sein,
mischen,
mische,
mischst,
mischt,
mischt,
mischte,
gemischt,
mischte,
misch,
mischt,
haben,
wellen,
welle,
wellst,
wellt,
wellte,
gewellt,
wellte,
well,
welle,
wellt,
haben,
wehren,
wehre,
wehrst,
wehrt,
wehrte,
gewehrt,
wehrte,
wehre,
wehr,
wehrt,
haben,
einigen,
einige,
einigst,
einigt,
einigte,
geeinigt,
einigte,
einig,
einige,
einigt,
haben,
verfahren,
verfahre,
verfährst,
verfährt,
verfuhr,
verfahren,
verführe,
verfahre,
verfahrt,
haben,
läuten,
läute,
läutest,
läutet,
läutete,
geläutet,
läutete,
läut,
läute,
läutet,
haben,
brüllen,
brülle,
brüllst,
brüllt,
brüllte,
gebrüllt,
brüllte,
brüll,
brülle,
brüllt,
haben,
herbringen,
bringe her,
bringst her,
bringt her,
brachte her,
hergebracht,
brächte her,
bring her,
bringe her,
bringt her,
haben,
beschweren,
beschwere,
beschwerst,
beschwert,
beschwerte,
beschwert,
beschwerte,
beschwere,
beschwert,
haben,
zurückziehen,
ziehe zurück,
ziehst zurück,
zieht zurück,
zog zurück,
zurückgezogen,
zöge zurück,
ziehe zurück,
zieht zurück,
haben,
quälen,
quäle,
quälst,
quält,
quälte,
gequält,
quälte,
quäle,
quält,
haben,
umarmen,
umarme,
umarmst,
umarmt,
umarmte,
umarmt,
umarmte,
umarm,
umarme,
umarmt,
haben,
lohnen,
lohne,
lohnst,
lohnt,
lohnte,
gelohnt,
lohnte,
lohne,
lohnt,
haben,
schluchzen,
schluchze,
schluchzt,
schluchzt,
schluchzte,
geschluchzt,
schluchzte,
schluchz,
schluchzt,
haben,
duschen,
dusche,
duschst,
duscht,
duschte,
geduscht,
duschte,
dusch,
duscht,
haben,
ausschließen,
schließe aus,
schließt aus,
schließt aus,
schloss aus,
ausgeschlossen,
schlösse aus,
schließ aus,
schließt aus,
haben,
zittern,
zittere,
zitterst,
zittert,
zitterte,
gezittert,
zitterte,
zittere,
zittert,
haben,
knacken,
knacke,
knackst,
knackt,
knackte,
geknackt,
knackte,
knack,
knacke,
knackt,
haben,
locken,
locke,
lockst,
lockt,
lockte,
gelockt,
lockte,
locke,
lockt,
haben,
besetzen,
besetze,
besetzt,
besetzt,
besetzte,
besetzt,
besetzte,
besetze,
besetz,
besetzt,
haben,
entsprechen,
entspreche,
entsprichst,
entspricht,
entsprach,
entsprochen,
entspräche,
entsprich,
entsprecht,
haben,
abfahren,
fahre ab,
fährst ab,
fährt ab,
fuhr ab,
abgefahren,
führe ab,
fahre ab,
fahrt ab,
sein,
haben,
bezeichnen,
bezeichne,
bezeichnest,
bezeichnet,
bezeichnete,
bezeichnet,
bezeichnete,
bezeichne,
bezeichnet,
haben,
pflegen,
pflege,
pflegst,
pflegt,
pflegte,
pflog,
gepflegt,
gepflogen,
pflegte,
pflöge,
pflege,
pfleg,
pflegt,
haben,
vergleichen,
vergleiche,
vergleichst,
vergleicht,
verglich,
verglichen,
vergliche,
vergleich,
vergleiche,
vergleicht,
haben,
zusammenarbeiten,
arbeite zusammen,
arbeitest zusammen,
arbeitet zusammen,
arbeitete zusammen,
zusammengearbeitet,
arbeitete zusammen,
arbeite zusammen,
arbeitet zusammen,
haben,
verhungern,
verhungere,
verhunger,
verhungerst,
verhungert,
verhungerte,
verhungert,
verhungerte,
verhungere,
verhunger,
verhungert,
sein,
bevorzugen,
bevorzuge,
bevorzugst,
bevorzugt,
bevorzugte,
bevorzugt,
bevorzugte,
bevorzuge,
bevorzugt,
haben,
vertragen,
vertrage,
verträgst,
verträgt,
vertrug,
vertragen,
vertrüge,
vertrag,
vertrage,
vertragt,
haben,
ausdenken,
denke aus,
denkst aus,
denkt aus,
dachte aus,
ausgedacht,
dächte aus,
denke aus,
denkt aus,
haben,
aushalten,
halte aus,
hältst aus,
hält aus,
hielt aus,
ausgehalten,
hielte aus,
halt aus,
haltet aus,
haben,
erholen,
erhole,
erholst,
erholt,
erholte,
erholt,
erholte,
erhole,
erholt,
haben,
einbrechen,
breche ein,
brichst ein,
bricht ein,
brach ein,
eingebrochen,
bräche ein,
brich ein,
brecht ein,
sein,
korrigieren,
korrigiere,
korrigierst,
korrigiert,
korrigierte,
korrigiert,
korrigierte,
korrigiere,
korrigier,
korrigiert,
haben,
verbessern,
verbessere,
verbesserst,
verbessert,
verbesserte,
verbessert,
verbesserte,
verbesser,
verbessere,
verbessert,
haben,
platzen,
platze,
platzt,
platzt,
platzte,
geplatzt,
platzte,
platze,
platz,
platzt,
sein,
ausrechnen,
rechne aus,
rechnest aus,
rechnet aus,
rechnete aus,
ausgerechnet,
rechnete aus,
rechne aus,
rechnet aus,
haben,
enthalten,
enthalte,
enthältst,
enthält,
enthielt,
enthalten,
enthielte,
enthalte,
enthaltet,
haben,
zweifeln,
zweifle,
zweifele,
zweifelst,
zweifelt,
zweifelte,
gezweifelt,
zweifelte,
zweifle,
zweifelt,
haben,
übersehen,
übersehe,
übersiehst,
übersieht,
übersah,
übersehen,
übersähe,
übersieh,
überseht,
haben,
abbrechen,
breche ab,
brichst ab,
bricht ab,
brach ab,
abgebrochen,
bräche ab,
brich ab,
brecht ab,
haben,
hinlegen,
lege hin,
legst hin,
legt hin,
legte hin,
hingelegt,
legte hin,
lege hin,
legt hin,
haben,
erteilen,
erteile,
erteilst,
erteilt,
erteilte,
erteilt,
erteilte,
erteil,
erteile,
erteilt,
haben,
verdanken,
verdanke,
verdankst,
verdankt,
verdankte,
verdankt,
verdankte,
verdank,
verdanke,
verdankt,
haben,
parken,
parke,
parkst,
parkt,
parkte,
geparkt,
parkte,
parke,
parkt,
haben,
bedauern,
bedauere,
bedaure,
bedauerst,
bedauert,
bedauerte,
bedauert,
bedauerte,
bedauere,
bedaure,
bedauert,
haben,
wandern,
wandere,
wanderst,
wandert,
wanderte,
gewandert,
wanderte,
wandere,
wander,
wandert,
sein,
begeben,
begebe,
begibst,
begibt,
begab,
begeben,
begäbe,
begib,
begebt,
haben,
befolgen,
befolge,
befolgst,
befolgt,
befolgte,
befolgt,
befolgte,
befolg,
befolge,
befolgt,
haben,
baden,
bade,
badest,
badet,
badete,
gebadet,
badete,
bade,
badet,
haben,
klettern,
klettere,
kletterst,
klettert,
kletterte,
geklettert,
kletterte,
kletter,
klettert,
sein,
eintreffen,
treffe ein,
triffst ein,
trifft ein,
traf ein,
eingetroffen,
träfe ein,
triff ein,
trefft ein,
sein,
überreden,
überrede,
überredest,
überredet,
überredete,
überredet,
überredete,
überrede,
überredet,
haben,
zustoßen,
stoße zu,
stößt zu,
stößt zu,
stieß zu,
zugestoßen,
stieße zu,
stoß zu,
stoße zu,
stoßt zu,
haben,
sein,
umkehren,
kehre um,
kehrst um,
kehrt um,
kehrte um,
umgekehrt,
kehrte um,
kehr um,
kehre um,
kehrt um,
sein,
haben,
servieren,
serviere,
servierst,
serviert,
servierte,
serviert,
servierte,
servier,
serviere,
serviert,
haben,
abschalten,
schalte ab,
schaltest ab,
schaltet ab,
schaltete ab,
abgeschaltet,
schaltete ab,
schalt ab,
schalte ab,
schaltet ab,
haben,
biegen,
biege,
biegst,
biegt,
bog,
gebogen,
böge,
biege,
biegt,
haben,
ermitteln,
ermittle,
ermittelst,
ermittelt,
ermittelte,
ermittelt,
ermittelte,
ermittle,
ermittelt,
haben,
engagieren,
engagiere,
engagierst,
engagiert,
engagierte,
engagiert,
engagierte,
engagiere,
engagier,
engagiert,
haben,
manipulieren,
manipuliere,
manipulierst,
manipuliert,
manipulierte,
manipuliert,
manipulierte,
manipuliere,
manipulier,
manipuliert,
haben,
zugreifen,
greife zu,
greifst zu,
greift zu,
griff zu,
zugegriffen,
griffe zu,
greife zu,
greif zu,
greift zu,
haben,
rasen,
rase,
rast,
rast,
raste,
gerast,
raste,
ras,
rase,
rast,
sein,
haben,
wegwerfen,
werfe weg,
wirfst weg,
wirft weg,
warf weg,
weggeworfen,
würfe weg,
wirf weg,
werft weg,
haben,
bemühen,
bemühe,
bemühst,
bemüht,
bemühte,
bemüht,
bemühte,
bemüh,
bemüht,
haben,
versehen,
versehe,
versiehst,
versieht,
versah,
versehen,
versähe,
versieh,
verseht,
haben,
aufspüren,
spüre auf,
spürst auf,
spürt auf,
spürte auf,
aufgespürt,
spürte auf,
spür auf,
spüre auf,
spürt auf,
haben,
ausrichten,
richte aus,
richtest aus,
richtet aus,
richtete aus,
ausgerichtet,
richtete aus,
richte aus,
richtet aus,
haben,
überstehen,
überstehe,
überstehst,
übersteht,
überstand,
überstanden,
überstände,
überstünde,
übersteh,
überstehe,
übersteht,
haben,
pflanzen,
pflanze,
pflanzt,
pflanzt,
pflanzte,
gepflanzt,
pflanzte,
pflanze,
pflanz,
pflanzt,
pflanzet,
haben,
auflegen,
lege auf,
legst auf,
legt auf,
legte auf,
aufgelegt,
legte auf,
leg auf,
lege auf,
legt auf,
haben,
durchziehen,
ziehe durch,
ziehst durch,
zieht durch,
zog durch,
durchgezogen,
zöge durch,
zieh durch,
zieht durch,
haben,
sein,
infizieren,
infiziere,
infizierst,
infiziert,
infizierte,
infiziert,
infizierte,
infiziere,
infizier,
infiziert,
haben,
abreisen,
reise ab,
reist ab,
reist ab,
reiste ab,
abgereist,
reiste ab,
reise ab,
reist ab,
sein,
entschließen,
entschließe,
entschließt,
entschließt,
entschloss,
entschlossen,
entschlösse,
entschließ,
entschließe,
entschließt,
haben,
vertreiben,
vertreibe,
vertreibst,
vertreibt,
vertrieb,
vertrieben,
vertriebe,
vertreibe,
vertreibt,
haben,
vorfahren,
fahre vor,
fährst vor,
fährt vor,
fuhr vor,
vorgefahren,
führe vor,
fahr vor,
fahre vor,
fahrt vor,
haben,
sein,
orten,
orte,
ortest,
ortet,
ortete,
geortet,
ortete,
orte,
ortet,
haben,
anrichten,
richte an,
richtest an,
richtet an,
richtete an,
angerichtet,
richtete an,
richte an,
richtet an,
haben,
buchen,
buche,
buchst,
bucht,
buchte,
gebucht,
buchte,
buch,
buche,
bucht,
haben,
bequemen,
bequeme,
bequemst,
bequemt,
bequemte,
bequemt,
bequemte,
bequem,
bequeme,
bequemt,
haben,
eindringen,
dringe ein,
dringst ein,
dringt ein,
drang ein,
eingedrungen,
dränge ein,
dringe ein,
dringt ein,
sein,
anfühlen,
fühle an,
fühlst an,
fühlt an,
fühlte an,
angefühlt,
fühlte an,
fühl an,
fühle an,
fühlt an,
haben,
aufräumen,
räume auf,
räumst auf,
räumt auf,
räumte auf,
aufgeräumt,
räumte auf,
räum auf,
räume auf,
räumt auf,
haben,
auswählen,
wähle aus,
wählst aus,
wählt aus,
wählte aus,
ausgewählt,
wählte aus,
wähl aus,
wähle aus,
wählt aus,
haben,
freilassen,
lasse frei,
lässt frei,
lässt frei,
ließ frei,
freigelassen,
ließe frei,
lass frei,
lasse frei,
lasst frei,
haben,
veröffentlichen,
veröffentliche,
veröffentlichst,
veröffentlicht,
veröffentlichte,
veröffentlicht,
veröffentlichte,
veröffentlich,
veröffentliche,
veröffentlicht,
haben,
aufstellen,
stelle auf,
stellst auf,
stellt auf,
stellte auf,
aufgestellt,
stellte auf,
stell auf,
stelle auf,
stellt auf,
haben,
zögern,
zögere,
zögerst,
zögert,
zögerte,
gezögert,
zögerte,
zögere,
zögert,
haben,
ersparen,
erspare,
ersparst,
erspart,
ersparte,
erspart,
ersparte,
erspar,
erspare,
erspart,
haben,
schlucken,
schlucke,
schluckst,
schluckt,
schluckte,
geschluckt,
schluckte,
schlucke,
schluck,
schluckt,
haben,
durchführen,
führe durch,
führst durch,
führt durch,
führte durch,
durchgeführt,
führte durch,
führ durch,
führe durch,
führt durch,
haben,
übernachten,
übernachte,
übernachtest,
übernachtet,
übernachtete,
übernachtet,
übernachtete,
übernachte,
übernachtet,
haben,
ansprechen,
spreche an,
sprichst an,
spricht an,
sprach an,
angesprochen,
spräche an,
sprich an,
sprecht an,
haben,
abhängen,
hänge ab,
hängst ab,
hängt ab,
hing ab,
abgehangen,
hinge ab,
häng ab,
hänge ab,
hängt ab,
haben,
vorkommen,
komme vor,
kommst vor,
kommt vor,
kam vor,
vorgekommen,
käme vor,
komm vor,
kommt vor,
sein,
mieten,
miete,
mietest,
mietet,
mietete,
gemietet,
mietete,
miete,
mietet,
haben,
versammeln,
versammle,
versammele,
versammelst,
versammelt,
versammelte,
versammelt,
versammelte,
versammle,
versammelt,
haben,
einschließen,
schließe ein,
schließt ein,
schließt ein,
schloss ein,
eingeschlossen,
schlösse ein,
schließ ein,
schließe ein,
schließt ein,
haben,
belieben,
beliebe,
beliebst,
beliebt,
beliebte,
beliebt,
beliebte,
belieb,
beliebe,
beliebet,
haben,
anstrengen,
strenge an,
strengst an,
strengt an,
strengte an,
angestrengt,
strengte an,
strenge an,
strengt an,
haben,
ablaufen,
laufe ab,
läufst ab,
läuft ab,
lief ab,
abgelaufen,
liefe ab,
laufe ab,
lauft ab,
haben,
sein,
beschädigen,
beschädige,
beschädigst,
beschädigt,
beschädigte,
beschädigt,
beschädigte,
beschädige,
beschädigt,
haben,
erschöpfen,
erschöpfe,
erschöpfst,
erschöpft,
erschöpfte,
erschöpft,
erschöpfte,
erschöpf,
erschöpfe,
erschöpft,
haben,
schelten,
schelte,
schiltst,
schilt,
schalt,
gescholten,
schölte,
schälte,
schilt,
scheltet,
haben,
sicherstellen,
stelle sicher,
stellst sicher,
stellt sicher,
stellte sicher,
sichergestellt,
stellte sicher,
stell sicher,
stelle sicher,
stellt sicher,
haben,
verwickeln,
verwickele,
verwickelst,
verwickelt,
verwickelte,
verwickelt,
verwickelte,
verwickel,
verwickele,
verwickelt,
haben,
aufbrechen,
breche auf,
brichst auf,
bricht auf,
brach auf,
aufgebrochen,
bräche auf,
brich auf,
brecht auf,
sein,
haben,
ablegen,
lege ab,
legst ab,
legt ab,
legte ab,
abgelegt,
legte ab,
lege ab,
legt ab,
haben,
foltern,
foltere,
folterst,
foltert,
folterte,
gefoltert,
folterte,
foltere,
foltert,
haben,
haken,
hake,
hakst,
hakt,
hakte,
gehakt,
hakte,
hake,
hakt,
haben,
überfahren,
überfahre,
überfährst,
überfährt,
überfuhr,
überfahren,
überführe,
überfahre,
überfahrt,
haben,
übertragen,
übertrage,
überträgst,
überträgt,
übertrug,
übertragen,
übertrüge,
übertrag,
übertrage,
übertragt,
haben,
tropfen,
tropfe,
tropfst,
tropft,
tropfte,
getropft,
tropfte,
tropfe,
tropf,
tropft,
haben,
erregen,
errege,
erregst,
erregt,
erregte,
erregt,
erregte,
errege,
erreg,
erregt,
haben,
blockieren,
blockiere,
blockierst,
blockiert,
blockierte,
blockiert,
blockierte,
blockier,
blockiere,
blockiert,
haben,
zurückrufen,
rufe zurück,
rufst zurück,
ruft zurück,
rief zurück,
zurückgerufen,
riefe zurück,
ruf zurück,
rufe zurück,
ruft zurück,
haben,
münzen,
münze,
münzt,
münzt,
münzte,
gemünzt,
münzte,
münz,
münze,
münzt,
haben,
beseitigen,
beseitige,
beseitigst,
beseitigt,
beseitigte,
beseitigt,
beseitigte,
beseitige,
beseitigt,
haben,
verpflichten,
verpflichte,
verpflichtest,
verpflichtet,
verpflichtete,
verpflichtet,
verpflichtete,
verpflichte,
verpflichtet,
haben,
wiegen,
wiege,
wiegst,
wiegt,
wog,
gewogen,
wöge,
wieg,
wiege,
wiegt,
haben,
angeln,
angle,
angele,
angelst,
angelt,
angelte,
geangelt,
angelte,
angle,
angele,
angelt,
haben,
lenken,
lenke,
lenkst,
lenkt,
lenkte,
gelenkt,
lenkte,
lenk,
lenkt,
haben,
verehren,
verehre,
verehrst,
verehrt,
verehrte,
verehrt,
verehrte,
verehre,
verehrt,
haben,
hupen,
hupe,
hupst,
hupt,
hupte,
gehupt,
hupte,
hupe,
hupt,
haben,
fotografieren,
fotografiere,
fotografierst,
fotografiert,
fotografierte,
fotografiert,
fotografierte,
fotografiere,
fotografier,
fotografiert,
haben,
verzichten,
verzichte,
verzichtest,
verzichtet,
verzichtete,
verzichtet,
verzichtete,
verzichte,
verzichtet,
haben,
unterzeichnen,
unterzeichne,
unterzeichnest,
unterzeichnet,
unterzeichnete,
unterzeichnet,
unterzeichnete,
unterzeichne,
unterzeichnet,
haben,
flüchten,
flüchte,
flüchtest,
flüchtet,
flüchtete,
geflüchtet,
flüchtete,
flüchte,
flüchtet,
sein,
ausrauben,
raube aus,
raubst aus,
raubt aus,
raubte aus,
ausgeraubt,
raubte aus,
raub aus,
raube aus,
raubt aus,
haben,
scheitern,
scheitere,
scheiterst,
scheitert,
scheiterte,
gescheitert,
scheiterte,
scheitere,
scheitert,
sein,
abwarten,
warte ab,
wartest ab,
wartet ab,
wartete ab,
abgewartet,
wartete ab,
wart ab,
warte ab,
wartet ab,
haben,
checken,
checke,
checkst,
checkt,
checkte,
gecheckt,
checkte,
check,
checkt,
haben,
entgehen,
entgehe,
entgehst,
entgeht,
entging,
entgangen,
entginge,
entgehe,
entgeht,
sein,
basieren,
basiere,
basierst,
basiert,
basierte,
basiert,
basierte,
basier,
basiere,
basiert,
haben,
absetzen,
setze ab,
setzt ab,
setzt ab,
setzte ab,
abgesetzt,
setzte ab,
setz ab,
setzt ab,
haben,
gehorchen,
gehorche,
gehorchst,
gehorcht,
gehorchte,
gehorcht,
gehorchte,
gehorch,
gehorche,
gehorcht,
haben,
erzeugen,
erzeuge,
erzeugst,
erzeugt,
erzeugte,
erzeugt,
erzeugte,
erzeug,
erzeuge,
erzeugt,
haben,
widmen,
widme,
widmest,
widmet,
widmete,
gewidmet,
widmete,
widme,
widmet,
haben,
kriechen,
krieche,
kriechst,
kriecht,
kroch,
gekrochen,
kröche,
kriech,
krieche,
kriecht,
sein,
erobern,
erobere,
eroberst,
erobert,
eroberte,
erobert,
eroberte,
erobre,
erobere,
erobert,
haben,
befördern,
befördere,
beförderst,
befördert,
beförderte,
befördert,
beförderte,
befördere,
befördert,
haben,
messen,
messe,
misst,
misst,
maß,
gemessen,
mäße,
miss,
messt,
haben,
deuten,
deute,
deutest,
deutet,
deutete,
gedeutet,
deutete,
deut,
deute,
deutet,
haben,
kratzen,
kratze,
kratzt,
kratzt,
kratzte,
gekratzt,
kratzte,
kratz,
kratzt,
haben,
erziehen,
erziehe,
erziehst,
erzieht,
erzog,
erzogen,
erzöge,
erzieh,
erziehe,
erzieht,
haben,
ausbrechen,
breche aus,
brichst aus,
bricht aus,
brach aus,
ausgebrochen,
bräche aus,
brich aus,
brecht aus,
haben,
sein,
hellen,
helle,
hellst,
hellt,
hellte,
gehellt,
hellte,
hell,
helle,
hellt,
haben,
produzieren,
produziere,
produzierst,
produziert,
produzierte,
produziert,
produzierte,
produzier,
produziere,
produziert,
haben,
lehnen,
lehne,
lehnst,
lehnt,
lehnte,
gelehnt,
lehnte,
lehn,
lehne,
lehnt,
haben,
ächzen,
ächze,
ächzt,
ächzt,
ächzte,
geächzt,
ächzte,
ächze,
ächzt,
haben,
rasieren,
rasiere,
rasierst,
rasiert,
rasierte,
rasiert,
rasierte,
rasier,
rasiere,
rasiert,
haben,
kleben,
klebe,
klebst,
klebt,
klebte,
geklebt,
klebte,
kleb,
klebe,
klebt,
haben,
spucken,
spucke,
spuckst,
spuckt,
spuckte,
gespuckt,
spuckte,
spucke,
spuck,
spuckt,
haben,
quietschen,
quietsche,
quietschst,
quietscht,
quietschte,
gequietscht,
quietschte,
quietsch,
quietscht,
haben,
gestatten,
gestatte,
gestattest,
gestattet,
gestattete,
gestattet,
gestattete,
gestatte,
gestattet,
haben,
auflösen,
löse auf,
löst auf,
löst auf,
löste auf,
aufgelöst,
löste auf,
löse auf,
löst auf,
haben,
verweigern,
verweigere,
verweigerst,
verweigert,
verweigerte,
verweigert,
verweigerte,
verweigere,
verweiger,
verweigert,
haben,
erleichtern,
erleichtere,
erleichterst,
erleichtert,
erleichterte,
erleichtert,
erleichterte,
erleichtere,
erleichtert,
haben,
siegen,
siege,
siegst,
siegt,
siegte,
gesiegt,
siegte,
siege,
siegt,
haben,
durchfahren,
durchfahre,
durchfährst,
durchfährt,
durchfuhr,
durchfahren,
durchführe,
durchfahr,
durchfahrt,
haben,
durchdrehen,
drehe durch,
drehst durch,
dreht durch,
drehte durch,
durchgedreht,
drehte durch,
dreh durch,
drehe durch,
dreht durch,
sein,
haben,
investieren,
investiere,
investierst,
investiert,
investierte,
investiert,
investierte,
investiere,
investier,
investiert,
haben,
zerreißen,
zerreiße,
zerreißt,
zerreißt,
zerriss,
zerrissen,
zerrisse,
zerreiß,
zerreiße,
zerreißt,
haben,
antreten,
trete an,
trittst an,
tritt an,
trat an,
angetreten,
träte an,
tritt an,
tretet an,
haben,
sein,
zünden,
zünde,
zündest,
zündet,
zündete,
gezündet,
zündete,
zünd,
zünde,
zündet,
haben,
umgeben,
gebe um,
gibst um,
gibt um,
gab um,
umgegeben,
gäbe um,
gib um,
gebt um,
haben,
hexen,
hexe,
hext,
hext,
hexte,
gehext,
hexte,
hex,
hexe,
hext,
haben,
reinigen,
reinige,
reinigst,
reinigt,
reinigte,
gereinigt,
reinigte,
reinig,
reinige,
reinigt,
haben,
teilnehmen,
nehme teil,
nimmst teil,
nimmt teil,
nahm teil,
teilgenommen,
nähme teil,
nimm teil,
nehmt teil,
haben,
verklagen,
verklage,
verklagst,
verklagt,
verklagte,
verklagt,
verklagte,
verklag,
verklage,
verklagt,
haben,
erleiden,
erleide,
erleidest,
erleidet,
erlitt,
erlitten,
erlitte,
erleide,
erleidet,
haben,
kichern,
kichere,
kicherst,
kichert,
kicherte,
gekichert,
kicherte,
kichere,
kichert,
haben,
herziehen,
ziehe her,
ziehst her,
zieht her,
zog her,
hergezogen,
zöge her,
ziehe her,
zieht her,
ziehet her,
sein,
haben,
narren,
narre,
narrst,
narrt,
narrte,
genarrt,
narrte,
narr,
narre,
narrt,
haben,
aufhängen,
hänge auf,
hängst auf,
hängt auf,
hängte auf,
aufgehängt,
hängte auf,
häng auf,
hänge auf,
hängt auf,
haben,
schleppen,
schleppe,
schleppst,
schleppt,
schleppte,
geschleppt,
schleppte,
schleppe,
schlepp,
schleppt,
haben,
darstellen,
stelle dar,
stellst dar,
stellt dar,
stellte dar,
dargestellt,
stellte dar,
stell dar,
stelle dar,
stellt dar,
haben,
regieren,
regiere,
regierst,
regiert,
regierte,
regiert,
regierte,
regiere,
regier,
regiert,
haben,
hindern,
hindere,
hinderst,
hindert,
hinderte,
gehindert,
hinderte,
hindere,
hinder,
hindert,
haben,
keuchen,
keuche,
keuchst,
keucht,
keuchte,
gekeucht,
keuchte,
keuche,
keucht,
haben,
ausliefern,
liefere aus,
lieferst aus,
liefert aus,
lieferte aus,
ausgeliefert,
lieferte aus,
liefere aus,
liefer aus,
liefert aus,
haben,
zuschlagen,
schlage zu,
schlag zu,
schlägst zu,
schlägt zu,
schlug zu,
zugeschlagen,
schlüge zu,
schlage zu,
schlag zu,
schlagt zu,
haben,
sein,
verheimlichen,
verheimliche,
verheimlichst,
verheimlicht,
verheimlichte,
verheimlicht,
verheimlichte,
verheimlich,
verheimliche,
verheimlicht,
haben,
verhören,
verhöre,
verhörst,
verhört,
verhörte,
verhört,
verhörte,
verhöre,
verhört,
haben,
segeln,
segle,
segele,
segelst,
segelt,
segelte,
gesegelt,
segelte,
segle,
segele,
segelt,
haben,
ausschalten,
schalte aus,
schaltest aus,
schaltet aus,
schaltete aus,
ausgeschaltet,
schaltete aus,
schalt aus,
schalte aus,
schaltet aus,
haben,
billigen,
billige,
billigst,
billigt,
billigte,
gebilligt,
billigte,
billige,
billigt,
haben,
verwechseln,
verwechsle,
verwechselst,
verwechselt,
verwechselte,
verwechselt,
verwechselte,
verwechsle,
verwechselt,
haben,
einrichten,
richte ein,
richtest ein,
richtet ein,
richtete ein,
eingerichtet,
richtete ein,
richte ein,
richtet ein,
haben,
prügeln,
prügle,
prügele,
prügelst,
prügelt,
prügelte,
geprügelt,
prügelte,
prügle,
prügele,
prügelt,
haben,
beziehen,
beziehe,
beziehst,
bezieht,
bezog,
bezogen,
bezöge,
beziehe,
bezieht,
haben,
leuchten,
leuchte,
leuchtest,
leuchtet,
leuchtete,
geleuchtet,
leuchtete,
leuchte,
leuchtet,
haben,
besagen,
besagt,
besagte,
besagt,
besagte,
haben,
erwachen,
erwache,
erwachst,
erwacht,
erwachte,
erwacht,
erwachte,
erwache,
erwachet,
sein,
verschonen,
verschone,
verschonst,
verschont,
verschonte,
verschont,
verschonte,
verschon,
verschone,
verschont,
haben,
aufbringen,
bringe auf,
bringst auf,
bringt auf,
brachte auf,
aufgebracht,
brächte auf,
bringe auf,
bringt auf,
haben,
arten,
arte,
artest,
artet,
artete,
geartet,
artete,
art,
arte,
artet,
haben,
sein,
aufziehen,
ziehe auf,
ziehst auf,
zieht auf,
zog auf,
aufgezogen,
zöge auf,
zieh auf,
zieht auf,
haben,
sein,
vergeuden,
vergeude,
vergeudest,
vergeudet,
vergeudete,
vergeudet,
vergeudete,
vergeude,
vergeudet,
haben,
verleihen,
verleihe,
verleihst,
verleiht,
verlieh,
verliehen,
verliehe,
verleih,
verleihe,
verleiht,
haben,
anheuern,
heuere an,
heuerst an,
heuert an,
heuerte an,
angeheuert,
heuerte an,
heuere an,
heuert an,
haben,
backen,
backe,
bäckst,
backst,
bäckt,
buk,
backte,
gebacken,
büke,
backte,
backe,
back,
backt,
haben,
flammen,
flamme,
flammst,
flammt,
flammte,
geflammt,
flammte,
flamm,
flamme,
flammt,
haben,
erden,
erde,
erdest,
erdet,
erdete,
geerdet,
erdete,
erde,
erdet,
haben,
knurren,
knurre,
knurrst,
knurrt,
knurrte,
geknurrt,
knurrte,
knurre,
knurr,
knurrt,
haben,
schweben,
schwebe,
schwebst,
schwebt,
schwebte,
geschwebt,
schwebte,
schweb,
schwebe,
schwebt,
sein,
haben,
ausnutzen,
nutze aus,
nutzt aus,
nutzt aus,
nutzte aus,
ausgenutzt,
nutzte aus,
nutz aus,
nutze aus,
nutzt aus,
haben,
einmischen,
mische ein,
mischst ein,
mischt ein,
mischt ein,
mischte ein,
eingemischt,
mischte ein,
misch ein,
mische ein,
mischt ein,
haben,
beichten,
beichte,
beichtest,
beichtet,
beichtete,
gebeichtet,
beichtete,
beichte,
beichtet,
haben,
verbünden,
verbünde,
verbündest,
verbündet,
verbündete,
verbündet,
verbündete,
verbünd,
verbünde,
verbündet,
haben,
ausfallen,
falle aus,
fällst aus,
fällt aus,
fiel aus,
ausgefallen,
fiele aus,
falle aus,
fallt aus,
sein,
einschalten,
schalte ein,
schaltest ein,
schaltet ein,
schaltete ein,
eingeschaltet,
schaltete ein,
schalte ein,
schaltet ein,
haben,
anmachen,
mache an,
machst an,
macht an,
machte an,
angemacht,
machte an,
mach an,
mache an,
macht an,
haben,
zurückhalten,
halte zurück,
hältst zurück,
hält zurück,
hielt zurück,
zurückgehalten,
hielte zurück,
halte zurück,
haltet zurück,
haben,
betteln,
bettle,
bettele,
bettelst,
bettelt,
bettelte,
gebettelt,
bettelte,
bettle,
bettele,
bettelt,
haben,
rauben,
raube,
raubst,
raubt,
raubte,
geraubt,
raubte,
raube,
raubt,
haben,
ernähren,
ernähre,
ernährst,
ernährt,
ernährte,
ernährt,
ernährte,
ernähr,
ernähre,
ernährt,
haben,
einschlagen,
schlage ein,
schlägst ein,
schlägt ein,
schlug ein,
eingeschlagen,
schlüge ein,
schlag ein,
schlagt ein,
haben,
bumsen,
bumse,
bumst,
bumst,
bumste,
gebumst,
bumste,
bums,
bumst,
haben,
reservieren,
reserviere,
reservierst,
reserviert,
reservierte,
reserviert,
reservierte,
reservier,
reserviere,
reserviert,
haben,
vorlesen,
lese vor,
liest vor,
liest vor,
las vor,
vorgelesen,
läse vor,
lies vor,
lest vor,
haben,
krachen,
krache,
krachst,
kracht,
krachte,
gekracht,
krachte,
krache,
kracht,
haben,
besaufen,
besaufe,
besäufst,
besäuft,
besoff,
besoffen,
besöffe,
besauf,
besaufe,
besauft,
haben,
wegfahren,
fahre weg,
fährst weg,
fährt weg,
fuhr weg,
weggefahren,
führe weg,
fahr weg,
fahrt weg,
sein,
haben,
beauftragen,
beauftrage,
beauftragst,
beauftragt,
beauftragte,
beauftragt,
beauftragte,
beauftrag,
beauftrage,
beauftragt,
haben,
bedecken,
bedecke,
bedeckst,
bedeckt,
bedeckte,
bedeckt,
bedeckte,
bedecke,
bedeckt,
haben,
untergehen,
gehe unter,
gehst unter,
geht unter,
ging unter,
untergegangen,
ginge unter,
geh unter,
gehe unter,
geht unter,
sein,
wärmen,
wärme,
wärmst,
wärmt,
wärmte,
gewärmt,
wärmte,
wärm,
wärme,
wärmt,
haben,
erfordern,
erfordere,
erforder,
erforderst,
erfordert,
erforderte,
erfordert,
erforderte,
erforder,
erfordere,
erfordert,
haben,
fischen,
fische,
fischst,
fischt,
fischt,
fischte,
gefischt,
fischte,
fische,
fischt,
haben,
beachten,
beachte,
beachtest,
beachtet,
beachtete,
beachtet,
beachtete,
beachte,
beachtet,
haben,
haaren,
haare,
haarst,
haart,
haarte,
gehaart,
haarte,
haare,
haar,
haart,
haben,
überwinden,
überwinde,
überwindest,
überwindet,
überwand,
überwunden,
überwände,
überwinde,
überwindet,
haben,
entwerfen,
entwerfe,
entwirfst,
entwirft,
entwarf,
entworfen,
entwürfe,
entwirf,
entwerft,
haben,
morden,
morde,
mordest,
mordet,
mordete,
gemordet,
mordete,
morde,
mordet,
haben,
vorhaben,
habe vor,
hast vor,
hat vor,
hatte vor,
vorgehabt,
hätte vor,
hab vor,
habe vor,
habt vor,
haben,
mitspielen,
spiele mit,
spielst mit,
spielt mit,
spielte mit,
mitgespielt,
spielte mit,
spiel mit,
spiele mit,
spielt mit,
haben,
pissen,
pisse,
pisst,
pisst,
pisste,
gepisst,
pisste,
pisse,
piss,
pisst,
haben,
kürzen,
kürze,
kürzt,
kürzt,
kürzte,
gekürzt,
kürzte,
kürze,
kürz,
kürzt,
haben,
aufklären,
kläre auf,
klärst auf,
klärt auf,
klärte auf,
aufgeklärt,
klärte auf,
klär auf,
kläre auf,
klärt auf,
haben,
anbringen,
bringe an,
bringst an,
bringt an,
brachte an,
angebracht,
brächte an,
bring an,
bringt an,
haben,
bremsen,
bremse,
bremst,
bremst,
bremste,
gebremst,
bremste,
brems,
bremse,
bremst,
haben,
eingreifen,
greife ein,
greifst ein,
greift ein,
griff ein,
eingegriffen,
griffe ein,
greife ein,
greift ein,
haben,
marschieren,
marschiere,
marschierst,
marschiert,
marschierte,
marschiert,
marschierte,
marschiere,
marschier,
marschiert,
sein,
verstoßen,
verstoße,
verstößt,
verstößt,
verstieß,
verstoßen,
verstieße,
verstoß,
verstoße,
verstoßt,
haben,
beurteilen,
beurteile,
beurteilst,
beurteilt,
beurteilte,
beurteilt,
beurteilte,
beurteile,
beurteilt,
haben,
schütteln,
schüttle,
schüttele,
schüttelst,
schüttelt,
schüttelte,
geschüttelt,
schüttelte,
schüttle,
schüttele,
schüttelt,
haben,
verreisen,
verreise,
verreist,
verreist,
verreiste,
verreist,
verreiste,
verreise,
verreist,
sein,
analysieren,
analysiere,
analysierst,
analysiert,
analysierte,
analysiert,
analysierte,
analysiere,
analysier,
analysiert,
haben,
durchkommen,
komme durch,
kommst durch,
kommt durch,
kam durch,
durchgekommen,
käme durch,
komm durch,
komme durch,
kommt durch,
sein,
gnaden,
gnade,
gnadest,
gnadet,
gnadete,
gegnadet,
gnadete,
gnad,
gnade,
gnadet,
haben,
aufschreiben,
schreibe auf,
schreibst auf,
schreibt auf,
schrieb auf,
aufgeschrieben,
schriebe auf,
schreib auf,
schreibt auf,
haben,
andauern,
dauere an,
dauerst an,
dauert an,
dauerte an,
angedauert,
dauerte an,
dauer an,
dauert an,
haben,
leugnen,
leugne,
leugnest,
leugnet,
leugnete,
geleugnet,
leugnete,
leugne,
leugnet,
haben,
verängstigen,
verängstige,
verängstigst,
verängstigt,
verängstigte,
verängstigt,
verängstigte,
verängstig,
verängstige,
verängstigt,
haben,
drängen,
dränge,
drängst,
drängt,
drängte,
gedrängt,
drängte,
dränge,
drängt,
dränget,
haben,
wegkommen,
komme weg,
kommst weg,
kommt weg,
kam weg,
weggekommen,
käme weg,
komm weg,
kommt weg,
sein,
hinkriegen,
kriege hin,
kriegst hin,
kriegt hin,
kriegte hin,
hingekriegt,
kriegte hin,
kriege hin,
krieg hin,
kriegt hin,
haben,
aufsteigen,
steige auf,
steigst auf,
steigt auf,
stieg auf,
aufgestiegen,
stiege auf,
steig auf,
steige auf,
steigt auf,
sein,
anvertrauen,
vertraue an,
vertraust an,
vertraut an,
vertraute an,
anvertraut,
vertraute an,
vertraue an,
vertraut an,
vertrauet an,
haben,
überschreiten,
überschreite,
überschreitest,
überschreitet,
überschritt,
überschritten,
überschritte,
überschreite,
überschreitet,
haben,
bescheiden,
bescheide,
bescheidest,
bescheidet,
beschied,
beschieden,
beschiede,
bescheid,
bescheide,
bescheidet,
haben,
faulen,
faule,
faulst,
fault,
faulte,
gefault,
faulte,
faule,
fault,
sein,
anzünden,
zünde an,
zündest an,
zündet an,
zündete an,
angezündet,
zündete an,
zünd an,
zünde an,
zündet an,
haben,
verschweigen,
verschweige,
verschweigst,
verschweigt,
verschwieg,
verschwiegen,
verschwiege,
verschweige,
verschweig,
verschweigt,
verschweiget,
haben,
spritzen,
spritze,
spritzt,
spritzt,
spritzte,
gespritzt,
spritzte,
spritz,
spritze,
spritzt,
haben,
behindern,
behindere,
behinder,
behinderst,
behindert,
behinderte,
behindert,
behinderte,
behindere,
behinder,
behindert,
haben,
boxen,
boxe,
boxt,
boxt,
boxte,
geboxt,
boxte,
boxe,
boxt,
haben,
fügen,
füge,
fügst,
fügt,
fügte,
gefügt,
fügte,
füge,
fügt,
haben,
kühlen,
kühle,
kühlst,
kühlt,
kühlte,
gekühlt,
kühlte,
kühl,
kühle,
kühlt,
haben,
schrecken,
schrecke,
schreckst,
schreckt,
schreckte,
geschreckt,
schreckte,
schrecke,
schreck,
schreckt,
haben,
schwächen,
schwäche,
schwächst,
schwächt,
schwächte,
geschwächt,
schwächte,
schwäch,
schwäche,
schwächt,
haben,
schalten,
schalte,
schaltest,
schaltet,
schaltete,
geschaltet,
schaltete,
schalt,
schalte,
schaltet,
haben,
formen,
forme,
formst,
formt,
formte,
geformt,
formte,
form,
forme,
formt,
haben,
überwältigen,
überwältige,
überwältigst,
überwältigt,
überwältigte,
überwältigt,
überwältigte,
überwältige,
überwältigt,
haben,
quatschen,
quatsche,
quatschst,
quatscht,
quatscht,
quatschte,
gequatscht,
quatschte,
quatsche,
quatscht,
haben,
umsehen,
sehe um,
siehst um,
sieht um,
sah um,
umgesehen,
sähe um,
sieh um,
seht um,
haben,
eignen,
eigne,
eignest,
eignet,
eignete,
geeignet,
eignete,
eigne,
eignet,
haben,
programmieren,
programmiere,
programmierst,
programmiert,
programmierte,
programmiert,
programmierte,
programmiere,
programmier,
programmiert,
haben,
ausführen,
führe aus,
führst aus,
führt aus,
führte aus,
ausgeführt,
führte aus,
führe aus,
führ aus,
führt aus,
haben,
registrieren,
registriere,
registrierst,
registriert,
registrierte,
registriert,
registrierte,
registriere,
registrier,
registriert,
haben,
evakuieren,
evakuiere,
evakuierst,
evakuiert,
evakuierte,
evakuiert,
evakuierte,
evakuiere,
evakuier,
evakuiert,
haben,
wehen,
wehe,
wehst,
weht,
wehte,
geweht,
wehte,
wehe,
weht,
haben,
ausbilden,
bilde aus,
bildest aus,
bildet aus,
bildete aus,
ausgebildet,
bildete aus,
bild aus,
bilde aus,
bildet aus,
haben,
einlassen,
lasse ein,
lässt ein,
lässt ein,
ließ ein,
eingelassen,
ließe ein,
lass ein,
lasse ein,
lasst ein,
haben,
abstellen,
stelle ab,
stellst ab,
stellt ab,
stellte ab,
abgestellt,
stellte ab,
stell ab,
stellt ab,
haben,
kreischen,
kreische,
kreischst,
kreischt,
kreischt,
kreischte,
krisch,
gekreischt,
gekrischen,
kreischte,
krische,
kreisch,
kreische,
kreischt,
haben,
bearbeiten,
bearbeite,
bearbeitest,
bearbeitet,
bearbeitete,
bearbeitet,
bearbeitete,
bearbeite,
bearbeitet,
haben,
umwerfen,
werfe um,
wirfst um,
wirft um,
warf um,
umgeworfen,
würfe um,
wirf um,
werft um,
haben,
erstellen,
erstelle,
erstellst,
erstellt,
erstellte,
erstellt,
erstellte,
erstelle,
erstellt,
haben,
verkehren,
verkehre,
verkehrst,
verkehrt,
verkehrte,
verkehrt,
verkehrte,
verkehre,
verkehr,
verkehrt,
haben,
sein,
verstärken,
verstärke,
verstärkst,
verstärkt,
verstärkte,
verstärkt,
verstärkte,
verstärk,
verstärke,
verstärkt,
haben,
verziehen,
verziehe,
verziehst,
verzieht,
verzog,
verzogen,
verzöge,
verziehe,
verzieht,
verziehet,
haben,
abreißen,
reiße ab,
reißt ab,
reißt ab,
riss ab,
abgerissen,
risse ab,
reiß ab,
reißt ab,
haben,
quellen,
quelle,
quillst,
quillt,
quoll,
gequollen,
quölle,
quill,
quellt,
sein,
ausleihen,
leihe aus,
leihst aus,
leiht aus,
lieh aus,
ausgeliehen,
liehe aus,
leih aus,
leihe aus,
leiht aus,
haben,
inspirieren,
inspiriere,
inspirierst,
inspiriert,
inspirierte,
inspiriert,
inspirierte,
inspiriere,
inspirier,
inspiriert,
haben,
verkleiden,
verkleide,
verkleidest,
verkleidet,
verkleidete,
verkleidet,
verkleidete,
verkleide,
verkleidet,
haben,
ausflippen,
flippe aus,
flippst aus,
flippt aus,
flippte aus,
ausgeflippt,
flippte aus,
flippe aus,
flippt aus,
sein,
unterschätzen,
unterschätze,
unterschätzt,
unterschätzt,
unterschätzte,
unterschätzt,
unterschätzte,
unterschätze,
unterschätz,
unterschätzt,
haben,
socken,
socke,
sockst,
sockt,
sockte,
gesockt,
sockte,
sock,
socke,
sockt,
sein,
aufgehen,
gehe auf,
gehst auf,
geht auf,
ging auf,
aufgegangen,
ginge auf,
geh auf,
geht auf,
sein,
aufbewahren,
bewahre auf,
bewahrst auf,
bewahrt auf,
bewahrte auf,
aufbewahrt,
bewahrte auf,
bewahre auf,
bewahrt auf,
haben,
deprimieren,
deprimiere,
deprimierst,
deprimiert,
deprimierte,
deprimiert,
deprimierte,
deprimiere,
deprimier,
deprimiert,
haben,
betreiben,
betreibe,
betreibst,
betreibt,
betrieb,
betrieben,
betriebe,
betreibe,
betreibt,
haben,
belasten,
belaste,
belastest,
belastet,
belastete,
belastet,
belastete,
belaste,
belastet,
haben,
durchhalten,
halte durch,
hältst durch,
hält durch,
hielt durch,
durchgehalten,
hielte durch,
halte durch,
haltet durch,
haben,
braten,
brate,
brätst,
brät,
briet,
gebraten,
briete,
brat,
brate,
bratet,
haben,
stopfen,
stopfe,
stopfst,
stopft,
stopfte,
gestopft,
stopfte,
stopfe,
stopft,
haben,
schultern,
schultere,
schulterst,
schultert,
schulterte,
geschultert,
schulterte,
schultere,
schultert,
haben,
kooperieren,
kooperiere,
kooperierst,
kooperiert,
kooperierte,
kooperiert,
kooperierte,
kooperier,
kooperiere,
kooperiert,
haben,
widersprechen,
widerspreche,
widersprichst,
widerspricht,
widersprach,
widersprochen,
widerspräche,
widersprich,
widersprecht,
haben,
austauschen,
tausche aus,
tauschst aus,
tauscht aus,
tauschte aus,
ausgetauscht,
tauschte aus,
tausch aus,
tausche aus,
tauscht aus,
haben,
trösten,
tröste,
tröstest,
tröstet,
tröstete,
getröstet,
tröstete,
tröste,
tröstet,
haben,
klarstellen,
stelle klar,
stellst klar,
stellt klar,
stellte klar,
klargestellt,
stellte klar,
stell klar,
stelle klar,
stellt klar,
haben,
rechtfertigen,
rechtfertige,
rechtfertigst,
rechtfertigt,
rechtfertigte,
gerechtfertigt,
rechtfertigte,
rechtfertig,
rechtfertige,
rechtfertigt,
haben,
ermöglichen,
ermögliche,
ermöglichst,
ermöglicht,
ermöglichte,
ermöglicht,
ermöglichte,
ermöglich,
ermögliche,
ermöglicht,
haben,
währen,
währe,
währst,
währt,
währte,
gewährt,
währte,
währe,
währt,
haben,
jammern,
jammere,
jammerst,
jammert,
jammerte,
gejammert,
jammerte,
jammere,
jammert,
haben,
einholen,
hole ein,
holst ein,
holt ein,
holte ein,
eingeholt,
holte ein,
hol ein,
hole ein,
holt ein,
haben,
ketten,
kette,
kettest,
kettet,
kettete,
gekettet,
kettete,
kett,
kette,
kettet,
haben,
stürmen,
stürme,
stürmst,
stürmt,
stürmte,
gestürmt,
stürmte,
stürm,
stürme,
stürmt,
haben,
sein,
ausreichen,
reiche aus,
reichst aus,
reicht aus,
reichte aus,
ausgereicht,
reichte aus,
reich aus,
reiche aus,
reicht aus,
haben,
verdecken,
verdecke,
verdeckst,
verdeckt,
verdeckte,
verdeckt,
verdeckte,
verdeck,
verdecke,
verdeckt,
haben,
überqueren,
überquere,
überquerst,
überquert,
überquerte,
überquert,
überquerte,
überquer,
überquere,
überquert,
haben,
loben,
lobe,
lobst,
lobt,
lobte,
gelobt,
lobte,
lobe,
lob,
lobt,
haben,
markieren,
markiere,
markierst,
markiert,
markierte,
markiert,
markierte,
markiere,
markier,
markiert,
haben,
unterdrücken,
unterdrücke,
unterdrückst,
unterdrückt,
unterdrückte,
unterdrückt,
unterdrückte,
unterdrücke,
unterdrückt,
haben,
saufen,
saufe,
säufst,
säuft,
soff,
gesoffen,
söffe,
sauf,
sauft,
haben,
genehmigen,
genehmige,
genehmigst,
genehmigt,
genehmigte,
genehmigt,
genehmigte,
genehmige,
genehmigt,
haben,
strahlen,
strahle,
strahlst,
strahlt,
strahlte,
gestrahlt,
strahlte,
strahl,
strahlt,
haben,
verfügen,
verfüge,
verfügst,
verfügt,
verfügte,
verfügt,
verfügte,
verfüge,
verfügt,
verfüget,
haben,
finanzieren,
finanziere,
finanzierst,
finanziert,
finanzierte,
finanziert,
finanzierte,
finanziere,
finanzier,
finanziert,
haben,
beschaffen,
beschaffe,
beschaffst,
beschafft,
beschaffte,
beschafft,
beschaffte,
beschaffe,
beschaff,
beschafft,
haben,
anstecken,
stecke an,
steckst an,
steckt an,
steckte an,
angesteckt,
steckte an,
stecke an,
steck an,
steckt an,
piepen,
piepe,
piepst,
piept,
piepte,
gepiept,
piepte,
piep,
piepe,
piept,
haben,
polen,
pole,
polst,
polt,
polte,
gepolt,
polte,
pol,
pole,
polt,
haben,
schwingen,
schwinge,
schwingst,
schwingt,
schwang,
geschwungen,
schwänge,
schwinge,
schwingt,
haben,
frieren,
friere,
frierst,
friert,
fror,
gefroren,
fröre,
frier,
friere,
friert,
haben,
streifen,
streife,
streifst,
streift,
streifte,
gestreift,
streifte,
streif,
streife,
streift,
haben,
sein,
mauern,
maure,
mauere,
mauerst,
mauert,
mauerte,
gemauert,
mauerte,
mauer,
mauere,
mauert,
haben,
drucken,
drucke,
druckst,
druckt,
druckte,
gedruckt,
druckte,
druck,
drucke,
druckt,
haben,
vergraben,
vergrabe,
vergräbst,
vergräbt,
vergrub,
vergraben,
vergrübe,
vergrabe,
vergrabt,
haben,
plaudern,
plaudre,
plaudere,
plauderst,
plaudert,
plauderte,
geplaudert,
plauderte,
plaudre,
plaudere,
plaudert,
haben,
hinrichten,
richte hin,
richtest hin,
richtet hin,
richtete hin,
hingerichtet,
richtete hin,
richte hin,
richtet hin,
haben,
jubeln,
juble,
jubele,
jubelst,
jubelt,
jubelte,
gejubelt,
jubelte,
juble,
jubelt,
haben,
bewirken,
bewirke,
bewirkst,
bewirkt,
bewirkte,
bewirkt,
bewirkte,
bewirk,
bewirke,
bewirkt,
haben,
anrühren,
rühre an,
rührst an,
rührt an,
rührte an,
angerührt,
rührte an,
rühre an,
rührt an,
haben,
aufreißen,
reiße auf,
reißt auf,
reißt auf,
riss auf,
aufgerissen,
risse auf,
reiß auf,
reiße auf,
reißt auf,
haben,
sein,
isolieren,
isoliere,
isolierst,
isoliert,
isolierte,
isoliert,
isolierte,
isoliere,
isolier,
isoliert,
haben,
verkünden,
verkünde,
verkündest,
verkündet,
verkündete,
verkündet,
verkündete,
verkünde,
verkündet,
haben,
schnarchen,
schnarche,
schnarchst,
schnarcht,
schnarchte,
geschnarcht,
schnarchte,
schnarche,
schnarch,
schnarcht,
haben,
transportieren,
transportiere,
transportierst,
transportiert,
transportierte,
transportiert,
transportierte,
transportiere,
transportier,
transportiert,
haben,
demütigen,
demütige,
demütigst,
demütigt,
demütigte,
gedemütigt,
demütigte,
demütige,
demütigt,
haben,
predigen,
predige,
predigst,
predigt,
predigte,
gepredigt,
predigte,
predig,
predige,
predigt,
haben,
mitfahren,
fahre mit,
fährst mit,
fährt mit,
fuhr mit,
mitgefahren,
führe mit,
fahr mit,
fahre mit,
fahrt mit,
sein,
anwenden,
wende an,
wendest an,
wendet an,
wandte an,
wendete an,
angewandt,
angewendet,
wandte an,
wendete an,
wende an,
wendet an,
haben,
urteilen,
urteile,
urteilst,
urteilt,
urteilte,
geurteilt,
urteilte,
urteil,
urteile,
urteilt,
haben,
klarkommen,
komme klar,
kommst klar,
kommt klar,
kam klar,
klargekommen,
käme klar,
komm klar,
komme klar,
kommt klar,
sein,
zukommen,
komme zu,
kommst zu,
kommt zu,
kam zu,
zugekommen,
käme zu,
komm zu,
kommt zu,
sein,
taufen,
taufe,
taufst,
tauft,
taufte,
getauft,
taufte,
tauf,
taufe,
tauft,
haben,
einpacken,
packe ein,
packst ein,
packt ein,
packte ein,
eingepackt,
packte ein,
pack ein,
packt ein,
haben,
stolpern,
stolpere,
stolperst,
stolpert,
stolperte,
gestolpert,
stolperte,
stolpere,
stolper,
stolpert,
sein,
schmelzen,
schmelze,
schmilzt,
schmilzt,
schmolz,
geschmolzen,
schmölze,
schmilz,
schmelzt,
sein,
haben,
verirren,
verirre,
verirrst,
verirrt,
verirrte,
verirrt,
verirrte,
verirr,
verirrt,
haben,
büßen,
büße,
büßt,
büßt,
büßte,
gebüßt,
büßte,
büße,
büß,
büßt,
haben,
errichten,
errichte,
errichtest,
errichtet,
errichtete,
errichtet,
errichtete,
errichte,
errichtet,
haben,
herausstellen,
stelle heraus,
stellst heraus,
stellt heraus,
stellte heraus,
herausgestellt,
stellte heraus,
stell heraus,
stelle heraus,
stellt heraus,
haben,
fälschen,
fälsche,
fälschst,
fälscht,
fälscht,
fälschte,
gefälscht,
fälschte,
fälsche,
fälscht,
haben,
abfeuern,
feuere ab,
feuerst ab,
feuert ab,
feuerte ab,
abgefeuert,
feuerte ab,
feuere ab,
feuert ab,
haben,
trauern,
trauere,
trauerst,
trauert,
trauerte,
getrauert,
trauerte,
trauere,
trauer,
trauert,
haben,
verachten,
verachte,
verachtest,
verachtet,
verachtete,
verachtet,
verachtete,
verachte,
verachtet,
haben,
kleiden,
kleide,
kleidest,
kleidet,
kleidete,
gekleidet,
kleidete,
kleide,
kleidet,
haben,
beschleunigen,
beschleunige,
beschleunigst,
beschleunigt,
beschleunigte,
beschleunigt,
beschleunigte,
beschleunig,
beschleunige,
beschleunigt,
haben,
fortsetzen,
setze fort,
setzt fort,
setzt fort,
setzte fort,
fortgesetzt,
setzte fort,
setz fort,
setze fort,
setzt fort,
haben,
schulen,
schule,
schulst,
schult,
schulte,
geschult,
schulte,
schule,
schult,
haben,
einfangen,
fange ein,
fängst ein,
fängt ein,
fing ein,
eingefangen,
finge ein,
fang ein,
fange ein,
fangt ein,
haben,
kommunizieren,
kommuniziere,
kommunizierst,
kommuniziert,
kommunizierte,
kommuniziert,
kommunizierte,
kommuniziere,
kommunizier,
kommuniziert,
haben,
beneiden,
beneide,
beneidest,
beneidet,
beneidete,
beneidet,
benieden,
beneidete,
beneide,
beneidet,
haben,
beugen,
beuge,
beugst,
beugt,
beugte,
gebeugt,
beugte,
beuge,
beugt,
beuget,
haben,
antreiben,
treibe an,
treibst an,
treibt an,
trieb an,
angetrieben,
triebe an,
treib an,
treibe an,
treibt an,
haben,
sein,
zumachen,
mache zu,
machst zu,
macht zu,
machte zu,
zugemacht,
machte zu,
mach zu,
mache zu,
macht zu,
haben,
veranstalten,
veranstalte,
veranstaltest,
veranstaltet,
veranstaltete,
veranstaltet,
veranstaltete,
veranstalt,
veranstalte,
veranstaltet,
haben,
schwitzen,
schwitze,
schwitzt,
schwitzt,
schwitzte,
geschwitzt,
schwitzte,
schwitz,
schwitze,
schwitzt,
haben,
ansetzen,
setze an,
setzt an,
setzt an,
setzte an,
angesetzt,
setzte an,
setz an,
setze an,
setzt an,
haben,
schmieren,
schmiere,
schmierst,
schmiert,
schmierte,
geschmiert,
schmierte,
schmiere,
schmier,
schmiert,
haben,
beeinflussen,
beeinflusse,
beeinflusst,
beeinflusst,
beeinflusste,
beeinflusst,
beeinflusste,
beeinflusse,
beeinflusst,
haben,
nummern,
nummere,
nummerst,
nummert,
nummerte,
genummert,
nummerte,
nummer,
nummere,
nummert,
haben,
hinzufügen,
füge hinzu,
fügst hinzu,
fügt hinzu,
fügte hinzu,
hinzugefügt,
fügte hinzu,
füg hinzu,
füge hinzu,
fügt hinzu,
haben,
erwecken,
erwecke,
erweckst,
erweckt,
erweckte,
erweckt,
erweckte,
erweck,
erwecke,
erweckt,
haben,
überbringen,
überbringe,
überbringst,
überbringt,
überbrachte,
überbracht,
überbrächte,
überbring,
überbringe,
überbringt,
haben,
schuppen,
schuppe,
schuppst,
schuppt,
schuppte,
geschuppt,
schuppte,
schupp,
schuppe,
schuppt,
haben,
aufsetzen,
setze auf,
setzt auf,
setzt auf,
setzte auf,
aufgesetzt,
setzte auf,
setz auf,
setze auf,
setzt auf,
haben,
vorübergehen,
gehe vorüber,
gehst vorüber,
geht vorüber,
ging vorüber,
vorübergegangen,
ginge vorüber,
geh vorüber,
gehe vorüber,
geht vorüber,
sein,
durchschneiden,
durchschneide,
durchschneidest,
durchschneidet,
durchschnitt,
durchschnitten,
durchschnitte,
durchschneid,
durchschneide,
durchschneidet,
haben,
beamen,
beame,
beamst,
beamt,
beamte,
gebeamt,
beamte,
beam,
beame,
beamt,
haben,
ernennen,
ernenne,
ernennst,
ernennt,
ernannte,
ernannt,
ernennte,
ernenn,
ernenne,
ernennt,
haben,
anstarren,
starre an,
starrst an,
starrt an,
starrte an,
angestarrt,
starrte an,
starre an,
starrt an,
haben,
angeben,
gebe an,
gibst an,
gibt an,
gab an,
angegeben,
gäbe an,
gib an,
gebt an,
gebet an,
haben,
ausstellen,
stelle aus,
stellst aus,
stellt aus,
stellte aus,
ausgestellt,
stellte aus,
stell aus,
stelle aus,
stellt aus,
haben,
aufwecken,
wecke auf,
weckst auf,
weckt auf,
weckte auf,
aufgeweckt,
weckte auf,
weck auf,
wecke auf,
weckt auf,
haben,
hochgehen,
gehe hoch,
gehst hoch,
geht hoch,
ging hoch,
hochgegangen,
ginge hoch,
geh hoch,
gehe hoch,
geht hoch,
sein,
verdrehen,
verdrehe,
verdrehst,
verdreht,
verdrehte,
verdreht,
verdrehte,
verdrehe,
verdreh,
verdreht,
haben,
erlangen,
erlange,
erlangst,
erlangt,
erlangte,
erlangt,
erlangte,
erlange,
erlangt,
haben,
bezaubern,
bezaubere,
bezauberst,
bezaubert,
bezauberte,
bezaubert,
bezauberte,
bezauber,
bezaubere,
bezaubert,
haben,
fertigmachen,
mache fertig,
machst fertig,
macht fertig,
machte fertig,
fertiggemacht,
machte fertig,
mach fertig,
mache fertig,
macht fertig,
haben,
abstürzen,
stürze ab,
stürzt ab,
stürzt ab,
stürzte ab,
abgestürzt,
stürzte ab,
stürz ab,
stürze ab,
stürzt ab,
sein,
entwischen,
entwische,
entwischst,
entwischt,
entwischt,
entwischte,
entwischt,
entwischte,
entwisch,
entwische,
entwischt,
sein,
durchschauen,
durchschaue,
durchschaust,
durchschaut,
durchschaute,
durchschaut,
durchschaute,
durchschau,
durchschaue,
durchschaut,
haben,
entziehen,
entziehe,
entziehst,
entzieht,
entzog,
entzogen,
entzöge,
entziehe,
entzieh,
entzieht,
haben,
zitieren,
zitiere,
zitierst,
zitiert,
zitierte,
zitiert,
zitierte,
zitier,
zitiere,
zitiert,
haben,
belegen,
belege,
belegst,
belegt,
belegte,
belegt,
belegte,
belege,
beleg,
belegt,
haben,
anmelden,
melde an,
meldest an,
meldet an,
meldete an,
angemeldet,
meldete an,
melde an,
meldet an,
haben,
rutschen,
rutsche,
rutschst,
rutscht,
rutscht,
rutschte,
gerutscht,
rutschte,
rutsch,
rutsche,
rutschet,
rutscht,
sein,
schlachten,
schlachte,
schlachtest,
schlachtet,
schlachtete,
geschlachtet,
schlachtete,
schlachte,
schlachtet,
haben,
schmeicheln,
schmeichle,
schmeichelst,
schmeichelt,
schmeichelte,
geschmeichelt,
schmeichelte,
schmeichle,
schmeichelt,
haben,
verdoppeln,
verdopple,
verdoppele,
verdoppelst,
verdoppelt,
verdoppelte,
verdoppelt,
verdoppelte,
verdoppele,
verdoppelt,
haben,
anfahren,
fahre an,
fährst an,
fährt an,
fuhr an,
angefahren,
führe an,
fahr an,
fahre an,
fahrt an,
fahret an,
haben,
räuspern,
räuspere,
räusperst,
räuspert,
räusperte,
geräuspert,
räusperte,
räuspere,
räuspert,
haben,
scherzen,
scherze,
scherzt,
scherzt,
scherzte,
gescherzt,
scherzte,
scherze,
scherzt,
haben,
glotzen,
glotze,
glotzt,
glotzt,
glotzte,
geglotzt,
glotzte,
glotz,
glotzt,
haben,
anhängen,
hänge an,
hängst an,
hängt an,
hing an,
angehangen,
hinge an,
hänge an,
hängt an,
haben,
hinweisen,
weise hin,
weist hin,
weist hin,
wies hin,
hingewiesen,
wiese hin,
weise hin,
weist hin,
haben,
blenden,
blende,
blendest,
blendet,
blendete,
geblendet,
blendete,
blende,
blendet,
haben,
begehren,
begehre,
begehrst,
begehrt,
begehrte,
begehrt,
begehrte,
begehre,
begehr,
begehret,
begehrt,
haben,
berechnen,
berechne,
berechnest,
berechnet,
berechnete,
berechnet,
berechnete,
berechne,
berechnet,
haben,
zufügen,
füge zu,
fügst zu,
fügt zu,
fügte zu,
zugefügt,
fügte zu,
füg zu,
füge zu,
fügt zu,
haben,
sehnen,
sehne,
sehnst,
sehnt,
sehnte,
gesehnt,
sehnte,
sehne,
sehnt,
haben,
taugen,
tauge,
taugst,
taugt,
taugte,
getaugt,
taugte,
tauge,
taugt,
haben,
hüllen,
hülle,
hüllst,
hüllt,
hüllte,
gehüllt,
hüllte,
hülle,
hüllt,
haben,
benachrichtigen,
benachrichtige,
benachrichtigst,
benachrichtigt,
benachrichtigte,
benachrichtigt,
benachrichtigte,
benachrichtige,
benachrichtigt,
haben,
abschießen,
schieße ab,
schießt ab,
schießt ab,
schoss ab,
abgeschossen,
schösse ab,
schieß ab,
schieße ab,
schießt ab,
haben,
tippen,
tippe,
tippst,
tippt,
tippte,
getippt,
tippte,
tipp,
tippe,
tippt,
haben,
anpassen,
passe an,
passt an,
passt an,
passte an,
angepasst,
passte an,
pass an,
passe an,
passt an,
haben,
einbringen,
bringe ein,
bringst ein,
bringt ein,
brachte ein,
eingebracht,
brächte ein,
bringe ein,
bringt ein,
haben,
provozieren,
provoziere,
provozierst,
provoziert,
provozierte,
provoziert,
provozierte,
provoziere,
provozier,
provoziert,
haben,
saugen,
sauge,
saugst,
saugt,
saugte,
sog,
gesaugt,
gesogen,
saugte,
söge,
saug,
saugt,
haben,
huren,
hure,
hurst,
hurt,
hurte,
gehurt,
hurte,
hur,
hure,
hurt,
haben,
neigen,
neige,
neigst,
neigt,
neigte,
geneigt,
neigte,
neig,
neige,
neigt,
haben,
mitbekommen,
bekomme mit,
bekommst mit,
bekommt mit,
bekam mit,
mitbekommen,
bekäme mit,
bekomm mit,
bekomme mit,
bekommt mit,
haben,
erstatten,
erstatte,
erstattest,
erstattet,
erstattete,
erstattet,
erstattete,
erstatt,
erstatte,
erstattet,
haben,
vortäuschen,
täusche vor,
täuschst vor,
täuscht vor,
täuscht vor,
täuschte vor,
vorgetäuscht,
täuschte vor,
täusch vor,
täusche vor,
täuscht vor,
haben,
einreichen,
reiche ein,
reichst ein,
reicht ein,
reichte ein,
eingereicht,
reichte ein,
reich ein,
reiche ein,
reicht ein,
haben,
betten,
bette,
bettest,
bettet,
bettete,
gebettet,
bettete,
bette,
bettet,
haben,
fetten,
fette,
fettest,
fettet,
fettete,
gefettet,
fettete,
fett,
fette,
fettet,
haben,
erwürgen,
erwürge,
erwürgst,
erwürgt,
erwürgte,
erwürgt,
erwürgte,
erwürg,
erwürge,
erwürgt,
haben,
nachkommen,
komme nach,
kommst nach,
kommt nach,
kam nach,
nachgekommen,
käme nach,
komm nach,
komme nach,
kommt nach,
sein,
vollbringen,
vollbringe,
vollbringst,
vollbringt,
vollbrachte,
vollbracht,
vollbrächte,
vollbring,
vollbringe,
vollbringt,
haben,
zurücktreten,
trete zurück,
trittst zurück,
tritt zurück,
trat zurück,
zurückgetreten,
träte zurück,
tritt zurück,
tretet zurück,
sein,
bestechen,
besteche,
bestichst,
besticht,
bestach,
bestochen,
bestäche,
bestich,
bestecht,
haben,
beinhalten,
beinhalte,
beinhaltest,
beinhaltet,
beinhaltete,
beinhaltet,
beinhaltete,
beinhalte,
beinhaltet,
haben,
verfehlen,
verfehle,
verfehlst,
verfehlt,
verfehlte,
verfehlt,
verfehlte,
verfehl,
verfehlt,
haben,
verbannen,
verbanne,
verbannst,
verbannt,
verbannte,
verbannt,
verbannte,
verbann,
verbanne,
verbannt,
haben,
beklagen,
beklage,
beklagst,
beklagt,
beklagte,
beklagt,
beklagte,
beklag,
beklage,
beklagt,
haben,
aufsuchen,
suche auf,
suchst auf,
sucht auf,
suchte auf,
aufgesucht,
suchte auf,
such auf,
suche auf,
sucht auf,
haben,
erbarmen,
erbarme,
erbarmst,
erbarmt,
erbarmte,
erbarmt,
erbarmte,
erbarm,
erbarme,
erbarmt,
haben,
vorwerfen,
werfe vor,
wirfst vor,
wirft vor,
warf vor,
vorgeworfen,
würfe vor,
wirf vor,
werft vor,
haben,
abknallen,
knalle ab,
knallst ab,
knallt ab,
knallte ab,
abgeknallt,
knallte ab,
knall ab,
knalle ab,
knallt ab,
haben,
zurückbekommen,
bekomme zurück,
bekommst zurück,
bekommt zurück,
bekam zurück,
zurückbekommen,
bekäme zurück,
bekomm zurück,
bekomme zurück,
bekommt zurück,
haben,
zusammenhalten,
halte zusammen,
hältst zusammen,
hält zusammen,
hielt zusammen,
zusammengehalten,
hielte zusammen,
halte zusammen,
haltet zusammen,
haben,
gewähren,
gewähre,
gewährst,
gewährt,
gewährte,
gewährt,
gewährte,
gewähre,
gewährt,
haben,
benennen,
benenne,
benennst,
benennt,
benannte,
benannt,
benennte,
benenne,
benennt,
haben,
ähneln,
ähnele,
ähnle,
ähnelst,
ähnelt,
ähnelte,
geähnelt,
ähnelte,
ähnele,
ähnle,
ähnelt,
haben,
dulden,
dulde,
duldest,
duldet,
duldete,
geduldet,
duldete,
dulde,
duldet,
haben,
einhalten,
halte ein,
hältst ein,
hält ein,
hielt ein,
eingehalten,
hielte ein,
halte ein,
halt ein,
haltet ein,
haben,
verwöhnen,
verwöhne,
verwöhnst,
verwöhnt,
verwöhnte,
verwöhnt,
verwöhnte,
verwöhn,
verwöhne,
verwöhnt,
haben,
beantragen,
beantrage,
beantragst,
beantragt,
beantragte,
beantragt,
beantragte,
beantrage,
beantragt,
haben,
meiden,
meide,
meidest,
meidet,
mied,
gemieden,
miede,
meide,
meid,
meidet,
haben,
klirren,
klirre,
klirrst,
klirrt,
klirrte,
geklirrt,
klirrte,
klirre,
klirrt,
haben,
seifen,
seife,
seifst,
seift,
seifte,
geseift,
seifte,
seif,
seife,
seift,
haben,
bäumen,
bäume,
bäumst,
bäumt,
bäumte,
gebäumt,
bäumte,
bäum,
bäume,
bäumt,
haben,
scheren,
schere,
scherst,
schert,
schor,
scherte,
geschoren,
geschert,
schöre,
scherte,
schere,
schert,
haben,
notieren,
notiere,
notierst,
notiert,
notierte,
notiert,
notierte,
notiere,
notier,
notiert,
haben,
belohnen,
belohne,
belohnst,
belohnt,
belohnte,
belohnt,
belohnte,
belohn,
belohne,
belohnt,
haben,
stehenbleiben,
bleibe stehen,
bleibst stehen,
bleibt stehen,
blieb stehen,
stehengeblieben,
bliebe stehen,
bleib stehen,
bleibt stehen,
sein,
bereithalten,
halte bereit,
hältst bereit,
hält bereit,
hielt bereit,
bereitgehalten,
hielte bereit,
halt bereit,
halte bereit,
haltet bereit,
haben,
reiben,
reibe,
reibst,
reibt,
rieb,
gerieben,
riebe,
reibe,
reib,
reibt,
haben,
gönnen,
gönne,
gönnst,
gönnt,
gönnte,
gegönnt,
gönnte,
gönne,
gönnt,
haben,
erweitern,
erweitere,
erweiterst,
erweitert,
erweiterte,
erweitert,
erweiterte,
erweitere,
erweitert,
haben,
wegtreten,
trete weg,
trittst weg,
tritt weg,
trat weg,
weggetreten,
träte weg,
tritt weg,
''militärisch:'' wegtreten,
tretet weg,
''militärisch:'' wegtreten,
sein,
haben,
fingern,
fingere,
fingerst,
fingert,
fingerte,
gefingert,
fingerte,
finger,
fingere,
fingert,
haben,
betäuben,
betäube,
betäubst,
betäubt,
betäubte,
betäubt,
betäubte,
betäube,
betäubt,
haben,
vorgeben,
gebe vor,
gibst vor,
gibt vor,
gab vor,
vorgegeben,
gäbe vor,
gib vor,
gebt vor,
haben,
klammern,
klammere,
klammerst,
klammert,
klammerte,
geklammert,
klammerte,
klammere,
klammert,
haben,
bewerben,
bewerbe,
bewirbst,
bewirbt,
bewarb,
beworben,
bewürbe,
bewirb,
bewerbt,
haben,
erforschen,
erforsche,
erforschst,
erforscht,
erforschte,
erforscht,
erforschte,
erforsche,
erforscht,
haben,
durchbrechen,
breche durch,
brichst durch,
bricht durch,
brach durch,
durchgebrochen,
bräche durch,
breche durch,
brecht durch,
haben,
knoten,
knote,
knotest,
knotet,
knotete,
geknotet,
knotete,
knote,
knotet,
haben,
versenken,
versenke,
versenkst,
versenkt,
versenkte,
versenkt,
versenkte,
versenke,
versenkt,
haben,
schmuggeln,
schmuggle,
schmuggelst,
schmuggelt,
schmuggelte,
geschmuggelt,
schmuggelte,
schmuggle,
schmuggele,
schmuggelt,
haben,
auslassen,
lasse aus,
lässt aus,
lässt aus,
ließ aus,
ausgelassen,
ließe aus,
lass aus,
lasse aus,
lasst aus,
haben,
beerdigen,
beerdige,
beerdigst,
beerdigt,
beerdigte,
beerdigt,
beerdigte,
beerdige,
beerdigt,
haben,
reduzieren,
reduziere,
reduzierst,
reduziert,
reduzierte,
reduziert,
reduzierte,
reduziere,
reduzier,
reduziert,
haben,
schwellen,
schwelle,
schwillst,
schwillt,
schwoll,
geschwollen,
schwölle,
schwill,
schwellt,
sein,
kreuzen,
kreuze,
kreuzt,
kreuzt,
kreuzte,
gekreuzt,
kreuzte,
kreuze,
kreuzt,
haben,
klemmen,
klemme,
klemmst,
klemmt,
klemmte,
geklemmt,
klemmte,
klemm,
klemme,
klemmt,
haben,
senken,
senke,
senkst,
senkt,
senkte,
gesenkt,
senkte,
senke,
senkt,
haben,
erraten,
errate,
errätst,
errät,
erriet,
erraten,
erriete,
errate,
erratet,
haben,
verarbeiten,
verarbeite,
verarbeitest,
verarbeitet,
verarbeitete,
verarbeitet,
verarbeitete,
verarbeite,
verarbeitet,
haben,
beraten,
berate,
berätst,
berät,
beriet,
beraten,
beriete,
berate,
berat,
beratet,
haben,
auspacken,
packe aus,
packst aus,
packt aus,
packte aus,
ausgepackt,
packte aus,
pack aus,
packt aus,
haben,
trocknen,
trockne,
trocknest,
trocknet,
trocknete,
getrocknet,
trocknete,
trockne,
trocknet,
haben,
sein,
ausfüllen,
fülle aus,
füllst aus,
füllt aus,
füllte aus,
ausgefüllt,
füllte aus,
fülle aus,
füllt aus,
haben,
kippen,
kippe,
kippst,
kippt,
kippte,
gekippt,
kippte,
kippe,
kippt,
haben,
wegbringen,
bringe weg,
bringst weg,
bringt weg,
brachte weg,
weggebracht,
brächte weg,
bring weg,
bringe weg,
bringt weg,
haben,
gebieten,
gebiete,
gebietest,
gebeutst,
gebietet,
gebot,
geboten,
geböte,
gebiet,
gebiete,
gebietet,
haben,
zusammenbrechen,
breche zusammen,
brichst zusammen,
bricht zusammen,
brach zusammen,
zusammengebrochen,
bräche zusammen,
brich zusammen,
brecht zusammen,
sein,
verständigen,
verständige,
verständigst,
verständigt,
verständigte,
verständigt,
verständigte,
verständig,
verständige,
verständigt,
haben,
flecken,
flecke,
fleckst,
fleckt,
fleckte,
gefleckt,
fleckte,
fleck,
flecke,
fleckt,
haben,
abkommen,
komme ab,
kommst ab,
kommt ab,
kam ab,
abgekommen,
käme ab,
komm ab,
komme ab,
kommt ab,
sein,
beitreten,
trete bei,
trittst bei,
tritt bei,
trat bei,
beigetreten,
träte bei,
tritt bei,
tretet bei,
sein,
anmessen,
messe an,
misst an,
misst an,
maß an,
angemessen,
mäße an,
miss an,
messt an,
haben,
aufteilen,
teile auf,
teilst auf,
teilt auf,
teilte auf,
aufgeteilt,
teilte auf,
teil auf,
teile auf,
teilt auf,
haben,
krähen,
krähe,
krähst,
kräht,
krähte,
gekräht,
krähte,
kräh,
kräht,
haben,
köpfen,
köpfe,
köpfst,
köpft,
köpfte,
geköpft,
köpfte,
köpf,
köpfe,
köpft,
haben,
verspäten,
verspäte,
verspätest,
verspätet,
verspätete,
verspätet,
verspätete,
verspät,
verspäte,
verspätet,
haben,
begrenzen,
begrenze,
begrenzt,
begrenzt,
begrenzte,
begrenzt,
begrenzte,
begrenze,
begrenzt,
haben,
befriedigen,
befriedige,
befriedigst,
befriedigt,
befriedigte,
befriedigt,
befriedigte,
befriedige,
befriedigt,
haben,
zischen,
zische,
zischst,
zischt,
zischte,
gezischt,
zischte,
zische,
zisch,
zischt,
haben,
sein,
anordnen,
ordne an,
ordnest an,
ordnet an,
ordnete an,
angeordnet,
ordnete an,
ordne an,
ordnet an,
haben,
versterben,
versterbe,
verstirbst,
verstirbt,
verstarb,
verstorben,
verstürbe,
verstirb,
versterbt,
sein,
wischen,
wische,
wischst,
wischt,
wischt,
wischte,
gewischt,
wischte,
wisch,
wische,
wischt,
haben,
zusagen,
sage zu,
sagst zu,
sagt zu,
sagte zu,
zugesagt,
sagte zu,
sag zu,
sagt zu,
haben,
erschlagen,
erschlage,
erschlägst,
erschlägt,
erschlug,
erschlagen,
erschlüge,
erschlag,
erschlage,
erschlagt,
haben,
funken,
funke,
funkst,
funkt,
funkte,
gefunkt,
funkte,
funk,
funke,
funkt,
haben,
wiehern,
wiehere,
wieherst,
wiehert,
wieherte,
gewiehert,
wieherte,
wiehere,
wiehert,
haben,
erstaunen,
erstaune,
erstaunst,
erstaunt,
erstaunte,
erstaunt,
erstaunte,
erstaun,
erstaune,
erstaunt,
haben,
wiederherstellen,
stelle wieder her,
stellst wieder her,
stellt wieder her,
stellte wieder her,
wiederhergestellt,
stellte wieder her,
stelle wieder her,
stellt wieder her,
haben,
anstehen,
stehe an,
stehst an,
steht an,
stand an,
angestanden,
stünde an,
steh an,
stehe an,
steht an,
haben,
widersetzen,
widersetze,
widersetzt,
widersetzt,
widersetzte,
widersetzt,
widersetzte,
widersetze,
widersetz,
widersetzt,
haben,
firmen,
firme,
firmst,
firmt,
firmte,
gefirmt,
firmte,
firm,
firme,
firmt,
haben,
nachgehen,
gehe nach,
gehst nach,
geht nach,
ging nach,
nachgegangen,
ginge nach,
geh nach,
gehe nach,
geht nach,
sein,
eilen,
eile,
eilst,
eilt,
eilte,
geeilt,
eilte,
eile,
eilt,
haben,
sein,
weitergeben,
gebe weiter,
gibst weiter,
gibt weiter,
gab weiter,
weitergegeben,
gäbe weiter,
gib weiter,
gebt weiter,
haben,
säubern,
säubere,
säuberst,
säubert,
säuberte,
gesäubert,
säuberte,
säubere,
säuber,
säubert,
haben,
abheben,
hebe ab,
hebst ab,
hebt ab,
hob ab,
abgehoben,
höbe ab,
heb ab,
hebe ab,
hebt ab,
haben,
kopieren,
kopiere,
kopierst,
kopiert,
kopierte,
kopiert,
kopierte,
kopier,
kopiere,
kopiert,
haben,
zurückverfolgen,
verfolge zurück,
verfolgst zurück,
verfolgt zurück,
verfolgte zurück,
zurückverfolgt,
verfolgte zurück,
verfolge zurück,
verfolgt zurück,
haben,
hüten,
hüte,
hütest,
hütet,
hütete,
gehütet,
hütete,
hüte,
hütet,
haben,
anerkennen,
erkenne an,
erkennst an,
erkennt an,
erkannte an,
anerkannt,
erkennte an,
erkenn an,
erkenne an,
erkennt an,
haben,
gießen,
gieße,
gießt,
gießt,
goss,
gegossen,
gösse,
gieße,
gieß,
gießt,
haben,
ermutigen,
ermutige,
ermutigst,
ermutigt,
ermutigte,
ermutigt,
ermutigte,
ermutig,
ermutige,
ermutigt,
haben,
kauen,
kaue,
kaust,
kaut,
kaute,
gekaut,
kaute,
kaue,
kau,
kaut,
kauet,
haben,
eliminieren,
eliminiere,
eliminierst,
eliminiert,
eliminierte,
eliminiert,
eliminierte,
eliminiere,
eliminier,
eliminiert,
haben,
turteln,
turtle,
turtelst,
turtelt,
turtelte,
geturtelt,
turtelte,
turtle,
turtele,
turtelt,
haben,
abweisen,
weise ab,
weist ab,
weist ab,
wies ab,
abgewiesen,
wiese ab,
weise ab,
weist ab,
haben,
stützen,
stütze,
stützt,
stützt,
stützte,
gestützt,
stützte,
stütze,
stütz,
stützt,
haben,
pusten,
puste,
pustest,
pustet,
pustete,
gepustet,
pustete,
puste,
pustet,
haben,
einatmen,
atme ein,
atmest ein,
atmet ein,
atmete ein,
eingeatmet,
atmete ein,
atme ein,
atmet ein,
haben,
auffliegen,
fliege auf,
fliegst auf,
fliegt auf,
flog auf,
aufgeflogen,
flöge auf,
flieg auf,
fliege auf,
fliegt auf,
sein,
federn,
federe,
federst,
federt,
federte,
gefedert,
federte,
feder,
federe,
federt,
haben,
klatschen,
klatsche,
klatschst,
klatscht,
klatscht,
klatschte,
geklatscht,
klatschte,
klatsch,
klatsche,
klatscht,
klatschet,
haben,
gestalten,
gestalte,
gestaltest,
gestaltet,
gestaltete,
gestaltet,
gestaltete,
gestalt,
gestalte,
gestaltet,
haben,
schubsen,
schubse,
schubst,
schubst,
schubste,
geschubst,
schubste,
schubs,
schubse,
schubst,
haben,
ausstehen,
stehe aus,
stehst aus,
steht aus,
stand aus,
ausgestanden,
stünde aus,
steh aus,
steht aus,
haben,
andenken,
denke an,
denkst an,
denkt an,
dachte an,
angedacht,
dächte an,
denk an,
denke an,
denkt an,
haben,
hegen,
hege,
hegst,
hegt,
hegte,
gehegt,
hegte,
heg,
hege,
hegt,
haben,
abstimmen,
stimme ab,
stimmst ab,
stimmt ab,
stimmte ab,
abgestimmt,
stimmte ab,
stimm ab,
stimmt ab,
haben,
unterbringen,
bringe unter,
bringst unter,
bringt unter,
brachte unter,
untergebracht,
brächte unter,
bring unter,
bringe unter,
bringt unter,
haben,
ordnen,
ordne,
ordnest,
ordnet,
ordnete,
geordnet,
ordnete,
ordne,
ordnet,
haben,
vermitteln,
vermittle,
vermittelst,
vermittelt,
vermittelte,
vermittelt,
vermittelte,
vermittle,
vermittelt,
haben,
installieren,
installiere,
installierst,
installiert,
installierte,
installiert,
installierte,
installiere,
installier,
installiert,
haben,
beruhen,
beruht,
beruhte,
beruht,
beruhte,
haben,
grillen,
grille,
grillst,
grillt,
grillte,
gegrillt,
grillte,
grille,
grill,
grillt,
haben,
beabsichtigen,
beabsichtige,
beabsichtigst,
beabsichtigt,
beabsichtigte,
beabsichtigt,
beabsichtigte,
beabsichtige,
beabsichtigt,
haben,
davonlaufen,
laufe davon,
läufst davon,
läuft davon,
lief davon,
davongelaufen,
liefe davon,
lauf davon,
laufe davon,
lauft davon,
sein,
schonen,
schone,
schonst,
schont,
schonte,
geschont,
schonte,
schone,
schon,
schont,
haben,
hetzen,
hetze,
hetzt,
hetzt,
hetzte,
gehetzt,
hetzte,
hetz,
hetze,
hetzt,
haben,
sein,
streicheln,
streichle,
streichelst,
streichelt,
streichelte,
gestreichelt,
streichelte,
streichle,
streichele,
streichelt,
haben,
anweisen,
weise an,
weist an,
weist an,
wies an,
angewiesen,
wiese an,
weise an,
weist an,
haben,
rauschen,
rausche,
rauschst,
rauscht,
rauscht,
rauschte,
gerauscht,
rauschte,
rausche,
rauscht,
haben,
sein,
kräftigen,
kräftige,
kräftigst,
kräftigt,
kräftigte,
gekräftigt,
kräftigte,
kräftig,
kräftige,
kräftigt,
haben,
verschlingen,
verschlinge,
verschlingst,
verschlingt,
verschlang,
verschlungen,
verschlänge,
verschlinge,
verschling,
verschlingt,
haben,
wimmern,
wimmere,
wimmerst,
wimmert,
wimmerte,
gewimmert,
wimmerte,
wimmere,
wimmert,
haben,
vermieten,
vermiete,
vermietest,
vermietet,
vermietete,
vermietet,
vermietete,
vermiete,
vermietet,
haben,
blühen,
blühe,
blühst,
blüht,
blühte,
geblüht,
blühte,
blühe,
blüht,
haben,
preisen,
preise,
preist,
preist,
pries,
gepriesen,
priese,
preise,
preist,
haben,
lecken,
lecke,
leckst,
leckt,
leckte,
geleckt,
leckte,
lecke,
leckt,
haben,
ansagen,
sage an,
sagst an,
sagt an,
sagte an,
angesagt,
sagte an,
sag an,
sage an,
sagt an,
haben,
frühstücken,
frühstücke,
frühstückst,
frühstückt,
frühstückte,
gefrühstückt,
frühstückte,
frühstücke,
frühstückt,
haben,
festlegen,
lege fest,
legst fest,
legt fest,
legte fest,
festgelegt,
legte fest,
lege fest,
legt fest,
haben,
einlegen,
lege ein,
legst ein,
legt ein,
legte ein,
eingelegt,
legte ein,
leg ein,
lege ein,
legt ein,
haben,
einleiten,
leite ein,
leitest ein,
leitet ein,
leitete ein,
eingeleitet,
leitete ein,
leit ein,
leite ein,
leitet ein,
haben,
definieren,
definiere,
definierst,
definiert,
definierte,
definiert,
definierte,
definiere,
definier,
definiert,
haben,
klappern,
klappere,
klapperst,
klappert,
klapperte,
geklappert,
klapperte,
klappere,
klappert,
haben,
sein,
vergrößern,
vergrößere,
vergrößerst,
vergrößert,
vergrößerte,
vergrößert,
vergrößerte,
vergrößere,
vergrößer,
vergrößert,
haben,
weiterfahren,
fahre weiter,
fährst weiter,
fährt weiter,
fuhr weiter,
weitergefahren,
führe weiter,
fahr weiter,
fahrt weiter,
sein,
übertreffen,
übertreffe,
übertriffst,
übertrifft,
übertraf,
übertroffen,
überträfe,
übertriff,
übertrefft,
haben,
versiegeln,
versiegle,
versiegelst,
versiegelt,
versiegelte,
versiegelt,
versiegelte,
versiegle,
versiegelt,
haben,
abfangen,
fange ab,
fängst ab,
fängt ab,
fing ab,
abgefangen,
finge ab,
fange ab,
fangt ab,
haben,
hinkommen,
komme hin,
kommst hin,
kommt hin,
kam hin,
hingekommen,
käme hin,
komm hin,
komme hin,
kommt hin,
sein,
zuschauen,
schaue zu,
schaust zu,
schaut zu,
schaute zu,
zugeschaut,
schaute zu,
schau zu,
schaue zu,
schaut zu,
haben,
verbluten,
verblute,
verblutest,
verblutet,
verblutete,
verblutet,
verblutete,
verblut,
verblute,
verblutet,
sein,
bohren,
bohre,
bohrst,
bohrt,
bohrte,
gebohrt,
bohrte,
bohr,
bohrt,
haben,
vollenden,
vollende,
vollendest,
vollendet,
vollendete,
vollendet,
vollendete,
vollende,
vollendet,
haben,
rammen,
ramme,
rammst,
rammt,
rammte,
gerammt,
rammte,
ramme,
rammt,
haben,
wickeln,
wickle,
wickelst,
wickelt,
wickelte,
gewickelt,
wickelte,
wickle,
wickelt,
haben,
kreisen,
kreise,
kreist,
kreist,
kreiste,
gekreist,
kreiste,
kreise,
kreist,
sein,
schnüffeln,
schnüffle,
schnüffele,
schnüffelst,
schnüffelt,
schnüffelte,
geschnüffelt,
schnüffelte,
schnüffel,
schnüffle,
schnüffelt,
haben,
eiern,
eiere,
eierst,
eiert,
eierte,
geeiert,
eierte,
eiere,
eiert,
haben,
sein,
kassieren,
kassiere,
kassierst,
kassiert,
kassierte,
kassiert,
kassierte,
kassiere,
kassier,
kassiert,
haben,
zähnen,
zähne,
zähnst,
zähnt,
zähnte,
gezähnt,
zähnte,
zähn,
zähne,
zähnt,
haben,
pesen,
pese,
pest,
pest,
peste,
gepest,
peste,
pes,
pese,
pest,
sein,
beschlagnahmen,
beschlagnahme,
beschlagnahmst,
beschlagnahmt,
beschlagnahmte,
beschlagnahmt,
beschlagnahmte,
beschlagnahm,
beschlagnahme,
beschlagnahmt,
haben,
verknallen,
verknalle,
verknallst,
verknallt,
verknallte,
verknallt,
verknallte,
verknall,
verknalle,
verknallt,
haben,
umkommen,
komme um,
kommst um,
kommt um,
kam um,
umgekommen,
käme um,
komm um,
komme um,
kommt um,
sein,
trommeln,
trommele,
trommelst,
trommelt,
trommelte,
getrommelt,
trommelte,
trommel,
trommele,
trommelt,
haben,
lähmen,
lähme,
lähmst,
lähmt,
lähmte,
gelähmt,
lähmte,
lähme,
lähmt,
haben,
erschüttern,
erschüttere,
erschütterst,
erschüttert,
erschütterte,
erschüttert,
erschütterte,
erschüttere,
erschüttert,
haben,
glänzen,
glänze,
glänzt,
glänzt,
glänzte,
geglänzt,
glänzte,
glänze,
glänz,
glänzt,
haben,
streben,
strebe,
strebst,
strebt,
strebte,
gestrebt,
strebte,
strebe,
strebt,
haben,
abhören,
höre ab,
hörst ab,
hört ab,
hörte ab,
abgehört,
hörte ab,
hör ab,
höre ab,
hört ab,
haben,
blamieren,
blamiere,
blamierst,
blamiert,
blamierte,
blamiert,
blamierte,
blamier,
blamiere,
blamiert,
haben,
lauern,
lauere,
lauerst,
lauert,
lauerte,
gelauert,
lauerte,
lauere,
lauert,
haben,
wildern,
wildere,
wilderst,
wildert,
wilderte,
gewildert,
wilderte,
wildere,
wildert,
haben,
zurückzahlen,
zahle zurück,
zahlst zurück,
zahlt zurück,
zahlte zurück,
zurückgezahlt,
zahlt zurück,
zahl zurück,
zahle zurück,
zahlt zurück,
haben,
erfolgen,
erfolgt,
erfolgte,
erfolgt,
erfolgte,
sein,
profitieren,
profitiere,
profitierst,
profitiert,
profitierte,
profitiert,
profitierte,
profitiere,
profitier,
profitiert,
haben,
staunen,
staune,
staunst,
staunt,
staunte,
gestaunt,
staunte,
staun,
staune,
staunt,
haben,
grinsen,
grinse,
grinst,
grinst,
grinste,
gegrinst,
grinste,
grinse,
grinst,
haben,
lokalisieren,
lokalisiere,
lokalisierst,
lokalisiert,
lokalisierte,
lokalisiert,
lokalisierte,
lokalisiere,
lokalisier,
lokalisiert,
haben,
verscheiden,
verscheide,
verscheidest,
verscheidet,
verschied,
verschieden,
verschiede,
verscheide,
verscheidet,
sein,
vornehmen,
nehme vor,
nimmst vor,
nimmt vor,
nahm vor,
vorgenommen,
nähme vor,
nimm vor,
nehmt vor,
haben,
hinreißen,
reiße hin,
reißt hin,
reißt hin,
riss hin,
hingerissen,
risse hin,
reiß hin,
reiße hin,
reißt hin,
haben,
anspannen,
spanne an,
spannst an,
spannt an,
spannte an,
angespannt,
spannte an,
spann an,
spanne an,
spannt an,
haben,
lagern,
lagere,
lagerst,
lagert,
lagerte,
gelagert,
lagerte,
lagere,
lager,
lagert,
haben,
ausüben,
übe aus,
übst aus,
übt aus,
übte aus,
ausgeübt,
übte aus,
übe aus,
übt aus,
haben,
enthüllen,
enthülle,
enthüllst,
enthüllt,
enthüllte,
enthüllt,
enthüllte,
enthülle,
enthüll,
enthüllt,
haben,
ersticken,
ersticke,
erstickst,
erstickt,
erstickte,
erstickt,
erstickte,
ersticke,
erstickt,
sein,
haben,
vergießen,
vergieße,
vergießt,
vergießt,
vergoss,
vergossen,
vergösse,
vergieße,
vergießt,
vergießet,
haben,
andeuten,
deute an,
deutest an,
deutet an,
deutete an,
angedeutet,
deutete an,
deute an,
deutet an,
haben,
ausgraben,
grabe aus,
gräbst aus,
gräbt aus,
grub aus,
ausgegraben,
grübe aus,
grab aus,
grabe aus,
grabt aus,
haben,
wiederfinden,
finde wieder,
findest wieder,
findet wieder,
fand wieder,
wiedergefunden,
fände wieder,
finde wieder,
findet wieder,
haben,
überdenken,
überdenke,
überdenkst,
überdenkt,
überdachte,
überdacht,
überdächte,
überdenke,
überdenkt,
haben,
speisen,
speise,
speist,
speist,
speiste,
gespeist,
gespiesen,
speiste,
speise,
speiset,
haben,
freigeben,
gebe frei,
gibst frei,
gibt frei,
gab frei,
freigegeben,
gäbe frei,
gib frei,
gebt frei,
haben,
winken,
winke,
winkst,
winkt,
winkte,
gewinkt,
gewunken,
winkte,
winke,
winkt,
haben,
beschränken,
beschränke,
beschränkst,
beschränkt,
beschränkte,
beschränkt,
beschränkte,
beschränk,
beschränke,
beschränkt,
haben,
begleichen,
begleiche,
begleichst,
begleicht,
beglich,
beglichen,
begliche,
begleiche,
begleicht,
haben,
erpressen,
erpresse,
erpresst,
erpresst,
erpresste,
erpresst,
erpresste,
erpress,
erpresse,
erpresst,
haben,
wiedererkennen,
erkenne wieder,
erkennst wieder,
erkennt wieder,
erkannte wieder,
wiedererkannt,
erkennte wieder,
erkenn wieder,
erkenne wieder,
erkennt wieder,
haben,
ausweichen,
weiche aus,
weichst aus,
weicht aus,
wich aus,
ausgewichen,
wiche aus,
weiche aus,
weicht aus,
sein,
verschlucken,
verschlucke,
verschluckst,
verschluckt,
verschluckte,
verschluckt,
verschluckte,
verschluck,
verschlucke,
verschluckt,
haben,
vertuschen,
vertusche,
vertuschst,
vertuscht,
vertuschte,
vertuscht,
vertuschte,
vertusch,
vertusche,
vertuscht,
haben,
verpfeifen,
verpfeife,
verpfeifst,
verpfeift,
verpfiff,
verpfiffen,
verpfiffe,
verpfeif,
verpfeife,
verpfeift,
haben,
zunehmen,
nehme zu,
nimmst zu,
nimmt zu,
nahm zu,
zugenommen,
nähme zu,
nimm zu,
nehmt zu,
haben,
rahmen,
rahme,
rahmst,
rahmt,
rahmte,
gerahmt,
rahmte,
rahm,
rahme,
rahmt,
haben,
hausen,
hause,
haust,
haust,
hauste,
gehaust,
hauste,
hause,
haust,
haben,
speichern,
speichere,
speicherst,
speichert,
speicherte,
gespeichert,
speicherte,
speichere,
speichert,
haben,
umstellen,
umstelle,
umstellst,
umstellt,
umstellte,
umstellt,
umstellte,
umstelle,
umstell,
umstellt,
haben,
erkälten,
erkälte,
erkältest,
erkältet,
erkältete,
erkältet,
erkältete,
erkälte,
erkältet,
haben,
realisieren,
realisiere,
realisierst,
realisiert,
realisierte,
realisiert,
realisierte,
realisiere,
realisier,
realisiert,
haben,
erwidern,
erwidere,
erwiderst,
erwidert,
erwiderte,
erwidert,
erwiderte,
erwidere,
erwidert,
haben,
abgehen,
gehe ab,
gehst ab,
geht ab,
ging ab,
abgegangen,
ginge ab,
geh ab,
geht ab,
sein,
nachgeben,
gebe nach,
gibst nach,
gibt nach,
gab nach,
nachgegeben,
gäbe nach,
gib nach,
gebt nach,
haben,
wurzeln,
wurzele,
wurzelst,
wurzelt,
wurzelte,
gewurzelt,
wurzelte,
wurzel,
wurzle,
wurzelt,
haben,
einsehen,
sehe ein,
siehst ein,
sieht ein,
sah ein,
eingesehen,
sähe ein,
sieh ein,
seht ein,
haben,
versäumen,
versäume,
versäumst,
versäumt,
versäumte,
versäumt,
versäumte,
versäume,
versäumt,
haben,
aufladen,
lade auf,
lädst auf,
lädt auf,
lud auf,
aufgeladen,
lüde auf,
lade auf,
ladet auf,
haben,
murmeln,
murmle,
murmel,
murmelst,
murmelt,
murmelte,
gemurmelt,
murmelte,
murmle,
murmel,
murmelt,
haben,
schuften,
schufte,
schuftest,
schuftet,
schuftete,
geschuftet,
schuftete,
schufte,
schuft,
schuftet,
haben,
fernhalten,
halte fern,
hältst fern,
hält fern,
hielt fern,
ferngehalten,
hielte fern,
halt fern,
halte fern,
haltet fern,
haben,
lutschen,
lutsche,
lutschst,
lutscht,
lutscht,
lutschte,
gelutscht,
lutschte,
lutsch,
lutsche,
lutscht,
haben,
bereden,
berede,
beredest,
beredet,
beredete,
beredet,
beredete,
bered,
berede,
beredet,
haben,
vorsehen,
sehe vor,
siehst vor,
sieht vor,
sah vor,
vorgesehen,
sähe vor,
sieh vor,
seht vor,
haben,
aufzeichnen,
zeichne auf,
zeichnest auf,
zeichnet auf,
zeichnete auf,
aufgezeichnet,
zeichnete auf,
zeichne auf,
zeichnet auf,
haben,
summen,
summe,
summst,
summt,
summte,
gesummt,
summte,
summe,
summt,
haben,
borgen,
borge,
borgst,
borgt,
borgte,
geborgt,
borgte,
borge,
borg,
borgt,
borget,
haben,
heimkommen,
komme heim,
kommst heim,
kommt heim,
kam heim,
heimgekommen,
käme heim,
komm heim,
komme heim,
kommt heim,
sein,
dastehen,
stehe da,
stehst da,
steht da,
stand da,
dagestanden,
stünde da,
steh da,
steht da,
haben,
sein,
peitschen,
peitsche,
peitschst,
peitscht,
peitscht,
peitschte,
gepeitscht,
peitschte,
peitsch,
peitsche,
peitscht,
haben,
involvieren,
involviere,
involvierst,
involviert,
involvierte,
involviert,
involvierte,
involvier,
involviere,
involviert,
haben,
würgen,
würge,
würgst,
würgt,
würgte,
gewürgt,
würgte,
würge,
würgt,
haben,
verschreiben,
verschreibe,
verschreibst,
verschreibt,
verschrieb,
verschrieben,
verschriebe,
verschreibe,
verschreib,
verschreibt,
haben,
loslegen,
lege los,
legst los,
legt los,
legte los,
losgelegt,
legte los,
leg los,
lege los,
legt los,
haben,
überweisen,
überweise,
überweist,
überweist,
überwies,
überwiesen,
überwiese,
überweise,
überweis,
überweist,
haben,
aufführen,
führe auf,
führst auf,
führt auf,
führte auf,
aufgeführt,
führte auf,
führ auf,
führe auf,
führt auf,
haben,
herhören,
höre her,
hörst her,
hört her,
hörte her,
hergehört,
hörte her,
hör her,
höre her,
hört her,
haben,
beistehen,
stehe bei,
stehst bei,
steht bei,
stand bei,
beigestanden,
stände bei,
stünde bei,
steh bei,
stehe bei,
steht bei,
haben,
einbauen,
baue ein,
baust ein,
baut ein,
baute ein,
eingebaut,
baute ein,
bau ein,
baue ein,
baut ein,
haben,
piepsen,
piepse,
piepst,
piepst,
piepste,
gepiepst,
piepste,
piepse,
piepst,
haben,
bestehlen,
bestehle,
bestiehlst,
bestiehlt,
bestahl,
bestohlen,
bestähle,
bestöhle,
bestiehl,
bestehle,
bestehlt,
haben,
zerquetschen,
zerquetsche,
zerquetschst,
zerquetscht,
zerquetscht,
zerquetschte,
zerquetscht,
zerquetschte,
zerquetsch,
zerquetsche,
zerquetscht,
haben,
schnallen,
schnalle,
schnallst,
schnallt,
schnallte,
geschnallt,
schnallte,
schnall,
schnalle,
schnallt,
haben,
mitgehen,
gehe mit,
gehst mit,
geht mit,
ging mit,
mitgegangen,
ginge mit,
geh mit,
gehe mit,
geht mit,
sein,
einstecken,
stecke ein,
steckst ein,
steckt ein,
steckte ein,
eingesteckt,
steckte ein,
steck ein,
stecke ein,
steckt ein,
haben,
vormachen,
mache vor,
machst vor,
macht vor,
machte vor,
vorgemacht,
machte vor,
mach vor,
mache vor,
macht vor,
haben,
erkundigen,
erkundige,
erkundigst,
erkundigt,
erkundigte,
erkundigt,
erkundigte,
erkundige,
erkundigt,
haben,
zurückbleiben,
bleibe zurück,
bleibst zurück,
bleibt zurück,
blieb zurück,
zurückgeblieben,
bliebe zurück,
bleib zurück,
bleibe zurück,
bleibt zurück,
sein,
fördern,
fördere,
förderst,
fördert,
förderte,
gefördert,
förderte,
fördere,
fördert,
haben,
berauben,
beraube,
beraubst,
beraubt,
beraubte,
beraubt,
beraubte,
beraub,
beraube,
beraubt,
haben,
aufschlitzen,
schlitze auf,
schlitzt auf,
schlitzt auf,
schlitzte auf,
aufgeschlitzt,
schlitzte auf,
schlitz auf,
schlitze auf,
schlitzt auf,
haben,
repräsentieren,
repräsentiere,
repräsentierst,
repräsentiert,
repräsentierte,
repräsentiert,
repräsentierte,
repräsentiere,
repräsentier,
repräsentiert,
haben,
erfassen,
erfasse,
erfasst,
erfasst,
erfasste,
erfasst,
erfasste,
erfasse,
erfass,
erfasst,
haben,
verblüffen,
verblüffe,
verblüffst,
verblüfft,
verblüffte,
verblüfft,
verblüffte,
verblüffe,
verblüfft,
haben,
beängstigen,
beängstige,
beängstigst,
beängstigt,
beängstigte,
beängstigt,
beängstigte,
beängstig,
beängstige,
beängstigt,
haben,
plündern,
plündere,
plünderst,
plündert,
plünderte,
geplündert,
plünderte,
plündre,
plündere,
plündert,
haben,
hüpfen,
hüpfe,
hüpfst,
hüpft,
hüpfte,
gehüpft,
hüpfte,
hüpfe,
hüpft,
sein,
erbitten,
erbitte,
erbittest,
erbittet,
erbat,
erbeten,
erbäte,
erbitte,
erbittet,
haben,
spülen,
spüle,
spülst,
spült,
spülte,
gespült,
spülte,
spül,
spüle,
spült,
haben,
verriegeln,
verriegle,
verriegele,
verriegelst,
verriegelt,
verriegelte,
verriegelt,
verriegelte,
verriegle,
verriegele,
verriegelt,
haben,
schiefgehen,
geht schief,
ging schief,
schiefgegangen,
ginge schief,
sein,
wandeln,
wandle,
wandele,
wandelst,
wandelt,
wandelte,
gewandelt,
wandelte,
wandle,
wandele,
wandelt,
sein,
haben,
verfallen,
verfalle,
verfällst,
verfällt,
verfiel,
verfallen,
verfiele,
verfall,
verfallt,
sein,
rippen,
rippe,
rippst,
rippt,
rippte,
gerippt,
rippte,
ripp,
rippe,
rippt,
haben,
suspendieren,
suspendiere,
suspendierst,
suspendiert,
suspendierte,
suspendiert,
suspendierte,
suspendiere,
suspendier,
suspendiert,
haben,
vorziehen,
ziehe vor,
ziehst vor,
zieht vor,
zog vor,
vorgezogen,
zöge vor,
zieh vor,
zieht vor,
haben,
erlösen,
erlöse,
erlöst,
erlöst,
erlöste,
erlöst,
erlöste,
erlös,
erlöse,
erlöst,
haben,
erhängen,
erhänge,
erhängst,
erhängt,
erhängte,
erhängt,
erhängte,
erhäng,
erhänge,
erhängt,
haben,
versinken,
versinke,
versinkst,
versinkt,
versank,
versunken,
versänke,
versinke,
versink,
versinkt,
sein,
widerfahren,
widerfährt,
widerfuhr,
widerfahren,
widerführe,
sein,
spionieren,
spioniere,
spionierst,
spioniert,
spionierte,
spioniert,
spionierte,
spionier,
spioniere,
spioniert,
haben,
schleifen,
schleife,
schleifst,
schleift,
schleifte,
geschleift,
schleifte,
schleife,
schleift,
haben,
kritisieren,
kritisiere,
kritisierst,
kritisiert,
kritisierte,
kritisiert,
kritisierte,
kritisiere,
kritisier,
kritisiert,
haben,
qualifizieren,
qualifiziere,
qualifizierst,
qualifiziert,
qualifizierte,
qualifiziert,
qualifizierte,
qualifiziere,
qualifizier,
qualifiziert,
haben,
kneifen,
kneife,
kneifst,
kneift,
kniff,
gekniffen,
kniffe,
kneife,
kneif,
kneift,
haben,
wimmeln,
wimmle,
wimmele,
wimmelst,
wimmelt,
wimmelte,
gewimmelt,
wimmelte,
wimmel,
wimmle,
wimmelt,
haben,
pumpen,
pumpe,
pumpst,
pumpt,
pumpte,
gepumpt,
pumpte,
pump,
pumpe,
pumpt,
haben,
protestieren,
protestiere,
protestierst,
protestiert,
protestierte,
protestiert,
protestierte,
protestiere,
protestier,
protestiert,
haben,
beitragen,
trage bei,
trägst bei,
trägt bei,
trug bei,
beigetragen,
trüge bei,
trag bei,
trage bei,
tragt bei,
haben,
aufdecken,
decke auf,
deckst auf,
deckt auf,
deckte auf,
aufgedeckt,
deckte auf,
deck auf,
decke auf,
deckt auf,
haben,
erniedrigen,
erniedrige,
erniedrigst,
erniedrigt,
erniedrigte,
erniedrigt,
erniedrigte,
erniedrige,
erniedrigt,
haben,
punkten,
punkte,
punktest,
punktet,
punktete,
gepunktet,
punktete,
punkt,
punkte,
punktet,
haben,
abdrücken,
drücke ab,
drückst ab,
drückt ab,
drückte ab,
abgedrückt,
drückte ab,
drück ab,
drücke ab,
drückt ab,
haben,
bezeugen,
bezeuge,
bezeugst,
bezeugt,
bezeugte,
bezeugt,
bezeugte,
bezeug,
bezeuge,
bezeugt,
haben,
zaubern,
zaubere,
zauberst,
zaubert,
zauberte,
gezaubert,
zauberte,
zauber,
zaubere,
zaubert,
haben,
ringen,
ringe,
ringst,
ringt,
rang,
gerungen,
ränge,
ring,
ringt,
haben,
rasten,
raste,
rastest,
rastet,
rastete,
gerastet,
rastete,
rast,
raste,
rastet,
haben,
eintragen,
trage ein,
trägst ein,
trägt ein,
trug ein,
eingetragen,
trüge ein,
trage ein,
tragt ein,
haben,
verschlüsseln,
verschlüssle,
verschlüssele,
verschlüsselst,
verschlüsselt,
verschlüsselte,
verschlüsselt,
verschlüsselte,
verschlüssle,
verschlüssele,
verschlüsselt,
haben,
perlen,
perle,
perlst,
perlt,
perlte,
geperlt,
perlte,
perl,
perle,
perlt,
haben,
sein,
erwerben,
erwerbe,
erwirbst,
erwirbt,
erwarb,
erworben,
erwürbe,
erwirb,
erwerbt,
erwerbet,
haben,
tanken,
tanke,
tankst,
tankt,
tankte,
getankt,
tankte,
tank,
tankt,
haben,
ausnehmen,
nehme aus,
nimmst aus,
nimmt aus,
nahm aus,
ausgenommen,
nähme aus,
nimm aus,
nehmt aus,
haben,
improvisieren,
improvisiere,
improvisierst,
improvisiert,
improvisierte,
improvisiert,
improvisierte,
improvisiere,
improvisier,
improvisiert,
haben,
untertauchen,
tauche unter,
tauchst unter,
taucht unter,
tauchte unter,
untergetaucht,
tauchte unter,
tauch unter,
tauche unter,
taucht unter,
haben,
sein,
abwenden,
wende ab,
wendest ab,
wendet ab,
wendete ab,
wandte ab,
abgewendet,
abgewandt,
wendete ab,
wende ab,
wendet ab,
haben,
schneien,
schneie,
schneist,
schneit,
schneite,
geschneit,
schneite,
schnei,
schneie,
schneit,
haben,
sein,
durchdringen,
durchdringe,
durchdringst,
durchdringt,
durchdrang,
durchdrungen,
durchdränge,
durchdring,
durchdringe,
durchdringt,
haben,
bedrücken,
bedrücke,
bedrückst,
bedrückt,
bedrückte,
bedrückt,
bedrückte,
bedrück,
bedrücke,
bedrückt,
haben,
ernten,
ernte,
erntest,
erntet,
erntete,
geerntet,
erntete,
ernt,
ernte,
erntet,
haben,
klarmachen,
mache klar,
machst klar,
macht klar,
machte klar,
klargemacht,
machte klar,
mach klar,
mache klar,
macht klar,
haben,
killen,
kille,
killst,
killt,
killte,
gekillt,
killte,
kille,
killt,
haben,
verlängern,
verlängere,
verlängerst,
verlängert,
verlängerte,
verlängert,
verlängerte,
verlängere,
verlängert,
haben,
schimpfen,
schimpfe,
schimpfst,
schimpft,
schimpfte,
geschimpft,
schimpfte,
schimpf,
schimpft,
haben,
durchsetzen,
setze durch,
setzt durch,
setzt durch,
setzte durch,
durchgesetzt,
setzte durch,
setze durch,
setzt durch,
haben,
stabilisieren,
stabilisiere,
stabilisierst,
stabilisiert,
stabilisierte,
stabilisiert,
stabilisierte,
stabilisier,
stabilisiere,
stabilisiert,
haben,
entzünden,
entzünde,
entzündest,
entzündet,
entzündete,
entzündet,
entzündete,
entzünd,
entzünde,
entzündet,
haben,
konfrontieren,
konfrontiere,
konfrontierst,
konfrontiert,
konfrontierte,
konfrontiert,
konfrontierte,
konfrontiere,
konfrontier,
konfrontiert,
haben,
auskommen,
komme aus,
kommst aus,
kommt aus,
kam aus,
ausgekommen,
käme aus,
komme aus,
kommt aus,
sein,
übermitteln,
übermittle,
übermittelst,
übermittelt,
übermittelte,
übermittelt,
übermittelte,
übermittle,
übermittelt,
haben,
austricksen,
trickse aus,
trickst aus,
trickst aus,
trickste aus,
ausgetrickst,
trickste aus,
tricks aus,
trickse aus,
trickst aus,
haben,
ausbreiten,
breite aus,
breitest aus,
breitet aus,
breitete aus,
ausgebreitet,
breitete aus,
breite aus,
breitet aus,
haben,
ohrfeigen,
ohrfeige,
ohrfeigst,
ohrfeigt,
ohrfeigte,
geohrfeigt,
ohrfeigte,
ohrfeige,
ohrfeigt,
haben,
windeln,
windle,
windele,
windelst,
windelt,
windelte,
gewindelt,
windelte,
windle,
windele,
windelt,
haben,
bestreiten,
bestreite,
bestreitest,
bestreitet,
bestritt,
bestritten,
bestritte,
bestreite,
bestreitet,
haben,
pflücken,
pflücke,
pflückst,
pflückt,
pflückte,
gepflückt,
pflückte,
pflücke,
pflück,
pflückt,
haben,
verführen,
verführe,
verführst,
verführt,
verführte,
verführt,
verführte,
verführe,
verführt,
haben,
losen,
lose,
lost,
lost,
loste,
gelost,
loste,
lose,
lost,
haben,
zerren,
zerre,
zerrst,
zerrt,
zerrte,
gezerrt,
zerrte,
zerr,
zerre,
zerrt,
haben,
wahrnehmen,
nehme wahr,
nimmst wahr,
nimmt wahr,
nahm wahr,
wahrgenommen,
nähme wahr,
nimm wahr,
nehmt wahr,
haben,
züchten,
züchte,
züchtest,
züchtet,
züchtete,
gezüchtet,
züchtete,
züchte,
züchtet,
haben,
abschlachten,
schlachte ab,
schlachtest ab,
schlachtet ab,
schlachtete ab,
abgeschlachtet,
schlachtete ab,
schlachte ab,
schlachtet ab,
haben,
anstoßen,
stoße an,
stoß an,
stößt an,
stößt an,
stieß an,
angestoßen,
stieße an,
stoße an,
stoß an,
stoßt an,
haben,
sein,
auferstehen,
auferstehe,
erstehe auf,
auferstehst,
erstehst auf,
aufersteht,
auferstand,
erstand auf,
auferstanden,
auferstünde,
erstünde auf,
aufersteh,
auferstehe,
aufersteht,
ersteht auf,
sein,
mitteln,
mittle,
mittel,
mittelst,
mittelt,
mittelte,
gemittelt,
mittelte,
mittle,
mittel,
mittelt,
haben,
auffahren,
fahre auf,
fährst auf,
fährt auf,
fuhr auf,
aufgefahren,
führe auf,
fahr auf,
fahre auf,
fahrt auf,
sein,
aufwärmen,
wärme auf,
wärmst auf,
wärmt auf,
wärmte auf,
aufgewärmt,
wärmte auf,
wärme auf,
wärmt auf,
haben,
hocken,
hocke,
hockst,
hockt,
hockte,
gehockt,
hockte,
hock,
hocke,
hockt,
haben,
sein,
steigern,
steigere,
steigerst,
steigert,
steigerte,
gesteigert,
steigerte,
steiger,
steigere,
steigert,
haben,
absuchen,
suche ab,
suchst ab,
sucht ab,
suchte ab,
abgesucht,
suchte ab,
such ab,
suche ab,
sucht ab,
haben,
gebühren,
gebühre,
gebührst,
gebührt,
gebührte,
gebührt,
gebührte,
gebühre,
gebührt,
haben,
würdigen,
würdige,
würdigst,
würdigt,
würdigte,
gewürdigt,
würdigte,
würdig,
würdige,
würdigt,
haben,
scannen,
scanne,
scannst,
scannt,
scannte,
gescannt,
scannte,
scanne,
scann,
scannt,
haben,
verjagen,
verjage,
verjagst,
verjagt,
verjagte,
verjagt,
verjagte,
verjag,
verjage,
verjagt,
haben,
abbiegen,
biege ab,
biegst ab,
biegt ab,
bog ab,
abgebogen,
böge ab,
bieg ab,
biege ab,
biegt ab,
haben,
sein,
verbrauchen,
verbrauche,
verbrauchst,
verbraucht,
verbrauchte,
verbraucht,
verbrauchte,
verbrauche,
verbraucht,
haben,
hinziehen,
ziehe hin,
ziehst hin,
zieht hin,
zog hin,
hingezogen,
zöge hin,
ziehe hin,
zieh hin,
zieht hin,
sein,
lauschen,
lausche,
lauschst,
lauscht,
lauscht,
lauschte,
gelauscht,
lauschte,
lausche,
lausch,
lauscht,
haben,
hungern,
hungere,
hungerst,
hungert,
hungerte,
gehungert,
hungerte,
hungere,
hungert,
haben,
abspielen,
spiele ab,
spielst ab,
spielt ab,
spielte ab,
abgespielt,
spielte ab,
spiele ab,
spielt ab,
haben,
ankündigen,
kündige an,
kündigst an,
kündigt an,
kündigte an,
angekündigt,
kündigte an,
kündige an,
kündigt an,
haben,
einbilden,
bilde ein,
bildest ein,
bildet ein,
bildete ein,
eingebildet,
bildete ein,
bilde ein,
bildet ein,
haben,
fortfahren,
fahre fort,
fährst fort,
fährt fort,
fuhr fort,
fortgefahren,
führe fort,
fahr fort,
fahre fort,
fahrt fort,
sein,
haben,
sichten,
sichte,
sichtest,
sichtet,
sichtete,
gesichtet,
sichtete,
sichte,
sichtet,
haben,
aussterben,
sterbe aus,
stirbst aus,
stirbt aus,
starb aus,
ausgestorben,
stürbe aus,
stirb aus,
sterbt aus,
sein,
verkraften,
verkrafte,
verkraftest,
verkraftet,
verkraftete,
verkraftet,
verkraftete,
verkraft,
verkrafte,
verkraftet,
haben,
mitkriegen,
kriege mit,
kriegst mit,
kriegt mit,
kriegte mit,
mitgekriegt,
kriegte mit,
krieg mit,
kriege mit,
kriegt mit,
haben,
einfrieren,
friere ein,
frierst ein,
friert ein,
fror ein,
eingefroren,
fröre ein,
frier ein,
friere ein,
friert ein,
sein,
haben,
abliefern,
liefere ab,
lieferst ab,
liefert ab,
lieferte ab,
abgeliefert,
lieferte ab,
liefer ab,
liefere ab,
liefert ab,
haben,
verzaubern,
verzaubere,
verzauberst,
verzaubert,
verzauberte,
verzaubert,
verzauberte,
verzauber,
verzaubere,
verzaubert,
haben,
schiffen,
schiffe,
schiffst,
schifft,
schiffte,
geschifft,
schiffte,
schiff,
schiffe,
schifft,
haben,
einweihen,
weihe ein,
weihst ein,
weiht ein,
weihte ein,
eingeweiht,
weihte ein,
weih ein,
weihe ein,
weiht ein,
haben,
erzielen,
erziele,
erzielst,
erzielt,
erzielte,
erzielt,
erzielte,
erziele,
erzielt,
haben,
zusammenleben,
lebe zusammen,
lebst zusammen,
lebt zusammen,
lebte zusammen,
zusammengelebt,
lebte zusammen,
leb zusammen,
lebe zusammen,
lebt zusammen,
haben,
falten,
falte,
faltest,
faltet,
faltete,
gefaltet,
gefalten,
faltete,
falte,
falt,
faltet,
haben,
umfallen,
falle um,
fällst um,
fällt um,
fiel um,
umgefallen,
fiele um,
fall um,
fallt um,
sein,
schmieden,
schmiede,
schmiedest,
schmiedet,
schmiedete,
geschmiedet,
schmiedete,
schmiede,
schmiedet,
haben,
schrauben,
schraube,
schraubst,
schraubt,
schraubte,
geschraubt,
schraubte,
schraube,
schraub,
schraubt,
haben,
schminken,
schminke,
schminkst,
schminkt,
schminkte,
geschminkt,
schminkte,
schmink,
schminkt,
haben,
beheben,
behebe,
behebst,
behebt,
behob,
behoben,
behöbe,
behebe,
behebt,
haben,
verabreichen,
verabreiche,
verabreichst,
verabreicht,
verabreichte,
verabreicht,
verabreichte,
verabreiche,
verabreicht,
haben,
erhoffen,
erhoffe,
erhoffst,
erhofft,
erhoffte,
erhofft,
erhoffte,
erhoff,
erhoffe,
erhofft,
haben,
auszahlen,
zahle aus,
zahlst aus,
zahlt aus,
zahlte aus,
ausgezahlt,
zahlte aus,
zahl aus,
zahle aus,
zahlt aus,
haben,
schwänzen,
schwänze,
schwänzt,
schwänzt,
schwänzte,
geschwänzt,
schwänzte,
schwänze,
schwänz,
schwänzt,
haben,
ausrasten,
raste aus,
rastest aus,
rastet aus,
rastete aus,
ausgerastet,
rastete aus,
rast aus,
raste aus,
rastet aus,
sein,
haben,
auslachen,
lache aus,
lachst aus,
lacht aus,
lachte aus,
ausgelacht,
lachte aus,
lach aus,
lache aus,
lacht aus,
haben,
erhören,
erhöre,
erhörst,
erhört,
erhörte,
erhört,
erhörte,
erhöre,
erhört,
haben,
überholen,
überhole,
überholst,
überholt,
überholte,
überholt,
überholte,
überhol,
überhole,
überholt,
haben,
strafen,
strafe,
strafst,
straft,
strafte,
gestraft,
strafte,
strafe,
straf,
straft,
haben,
abriegeln,
riegele ab,
riegelst ab,
riegelt ab,
riegelte ab,
abgeriegelt,
riegelte ab,
riegele ab,
riegelt ab,
haben,
färben,
färbe,
färbst,
färbt,
färbte,
gefärbt,
färbte,
färbe,
färbt,
haben,
alarmieren,
alarmiere,
alarmierst,
alarmiert,
alarmierte,
alarmiert,
alarmierte,
alarmier,
alarmiere,
alarmiert,
haben,
betonen,
betone,
betonst,
betont,
betonte,
betont,
betonte,
betone,
betont,
haben,
verschicken,
verschicke,
verschickst,
verschickt,
verschickte,
verschickt,
verschickte,
verschick,
verschicke,
verschickt,
haben,
kitzeln,
kitzele,
kitzle,
kitzelst,
kitzelt,
kitzelte,
gekitzelt,
kitzelte,
kitzele,
kitzelt,
haben,
weiden,
weide,
weidest,
weidet,
weidete,
geweidet,
weidete,
weide,
weidet,
haben,
reihen,
reihe,
reihst,
reiht,
reihte,
gereiht,
reihte,
reih,
reiht,
haben,
aufessen,
esse auf,
isst auf,
isst auf,
aß auf,
aufgegessen,
äße auf,
iss auf,
esst auf,
haben,
überreichen,
überreiche,
überreichst,
überreicht,
überreichte,
überreicht,
überreichte,
überreich,
überreiche,
überreicht,
haben,
renovieren,
renoviere,
renovierst,
renoviert,
renovierte,
renoviert,
renovierte,
renoviere,
renovier,
renoviert,
haben,
niederschlagen,
schlage nieder,
schlägst nieder,
schlägt nieder,
schlug nieder,
niedergeschlagen,
schlüge nieder,
schlag nieder,
schlage nieder,
schlagt nieder,
haben,
rudern,
rudere,
ruderst,
rudert,
ruderte,
gerudert,
ruderte,
rudere,
ruder,
rudert,
sein,
haben,
entfliehen,
entfliehe,
entfliehst,
entflieht,
entfloh,
entflohen,
entflöhe,
entflieh,
entfliehe,
entflieht,
sein,
zubereiten,
bereite zu,
bereitest zu,
bereitet zu,
bereitete zu,
zubereitet,
bereitete zu,
bereite zu,
bereitet zu,
haben,
reinlassen,
lasse rein,
lässt rein,
lässt rein,
ließ rein,
reingelassen,
ließe rein,
lass rein,
lasse rein,
lasst rein,
haben,
nachschauen,
schaue nach,
schaust nach,
schaut nach,
schaute nach,
nachgeschaut,
schaute nach,
schau nach,
schaue nach,
schaut nach,
haben,
überstürzen,
überstürze,
überstürzt,
überstürzt,
überstürzte,
überstürzt,
überstürzte,
überstürze,
überstürz,
überstürzt,
haben,
besteigen,
besteige,
besteigst,
besteigt,
bestieg,
bestiegen,
bestiege,
besteig,
besteigt,
haben,
hinstellen,
stelle hin,
stellst hin,
stellt hin,
stellte hin,
hingestellt,
stellte hin,
stell hin,
stelle hin,
stellt hin,
haben,
abschleppen,
schleppe ab,
schleppst ab,
schleppt ab,
schleppte ab,
abgeschleppt,
schleppte ab,
schleppe ab,
schleppt ab,
haben,
verschütten,
verschütte,
verschüttest,
verschüttet,
verschüttete,
verschüttet,
verschüttete,
verschütt,
verschütte,
verschüttet,
haben,
schütten,
schütte,
schüttest,
schüttet,
schüttete,
geschüttet,
schüttete,
schütt,
schütte,
schüttet,
haben,
verspüren,
verspüre,
verspürst,
verspürt,
verspürte,
verspürt,
verspürte,
verspüre,
verspürt,
haben,
beeinträchtigen,
beeinträchtige,
beeinträchtigst,
beeinträchtigt,
beeinträchtigte,
beeinträchtigt,
beeinträchtigte,
beeinträchtige,
beeinträchtigt,
haben,
berufen,
berufe,
berufst,
beruft,
berief,
berufen,
beriefe,
beruf,
beruft,
haben,
spendieren,
spendiere,
spendierst,
spendiert,
spendierte,
spendiert,
spendierte,
spendiere,
spendier,
spendiert,
haben,
befassen,
befasse,
befasst,
befasst,
befasste,
befasst,
befasste,
befass,
befasse,
befasst,
haben,
einschätzen,
schätze ein,
schätzt ein,
schätzt ein,
schätzte ein,
eingeschätzt,
schätzte ein,
schätz ein,
schätze ein,
schätzt ein,
haben,
vorhersagen,
sage vorher,
sagst vorher,
sagt vorher,
sagte vorher,
vorhergesagt,
sagte vorher,
sag vorher,
sage vorher,
sagt vorher,
haben,
sabotieren,
sabotiere,
sabotierst,
sabotiert,
sabotierte,
sabotiert,
sabotierte,
sabotier,
sabotiere,
sabotiert,
haben,
zwiebeln,
zwieble,
zwiebele,
zwiebelst,
zwiebelt,
zwiebelte,
gezwiebelt,
zwiebelte,
zwieble,
zwiebele,
zwiebelt,
haben,
toben,
tobe,
tobst,
tobt,
tobte,
getobt,
tobte,
tob,
tobe,
tobt,
haben,
raffinieren,
raffiniere,
raffinierst,
raffiniert,
raffinierte,
raffiniert,
raffinierte,
raffinier,
raffiniere,
raffiniert,
haben,
verstummen,
verstumme,
verstummst,
verstummt,
verstummte,
verstummt,
verstummte,
verstumm,
verstumme,
verstummt,
sein,
berücksichtigen,
berücksichtige,
berücksichtigst,
berücksichtigt,
berücksichtigte,
berücksichtigt,
berücksichtigte,
berücksichtige,
berücksichtigt,
haben,
türken,
türke,
türkst,
türkt,
türkte,
getürkt,
türkte,
türke,
türkt,
haben,
brummen,
brumme,
brummst,
brummt,
brummte,
gebrummt,
brummte,
brumme,
brumm,
brummt,
haben,
bombardieren,
bombardiere,
bombardierst,
bombardiert,
bombardierte,
bombardiert,
bombardierte,
bombardiere,
bombardier,
bombardiert,
haben,
entsorgen,
entsorge,
entsorgst,
entsorgt,
entsorgte,
entsorgt,
entsorgte,
entsorg,
entsorge,
entsorgt,
haben,
beschatten,
beschatte,
beschattest,
beschattet,
beschattete,
beschattet,
beschattete,
beschatte,
beschattet,
haben,
durchsagen,
sage durch,
sagst durch,
sagt durch,
sagte durch,
durchgesagt,
sagte durch,
sage durch,
sagt durch,
haben,
vorspielen,
spiele vor,
spielst vor,
spielt vor,
spielte vor,
vorgespielt,
spielte vor,
spiel vor,
spiele vor,
spielt vor,
haben,
wegziehen,
ziehe weg,
ziehst weg,
zieht weg,
zog weg,
weggezogen,
zöge weg,
zieh weg,
zieht weg,
sein,
haben,
absteigen,
steige ab,
steigst ab,
steigt ab,
stieg ab,
abgestiegen,
stiege ab,
steig ab,
steige ab,
steigt ab,
sein,
eingeben,
gebe ein,
gibst ein,
gibt ein,
gab ein,
eingegeben,
gäbe ein,
gib ein,
gebt ein,
haben,
verspotten,
verspotte,
verspottest,
verspottet,
verspottete,
verspottet,
verspottete,
verspotte,
verspottet,
haben,
abstoßen,
stoße ab,
stößt ab,
stößt ab,
stieß ab,
abgestoßen,
stieße ab,
stoße ab,
stoßt ab,
haben,
zerschlagen,
zerschlage,
zerschlägst,
zerschlägt,
zerschlug,
zerschlagen,
zerschlüge,
zerschlag,
zerschlage,
zerschlagt,
haben,
zusammenstellen,
stelle zusammen,
stellst zusammen,
stellt zusammen,
stellte zusammen,
zusammengestellt,
stellte zusammen,
stelle zusammen,
stellt zusammen,
haben,
aufkreuzen,
kreuze auf,
kreuzt auf,
kreuzt auf,
kreuzte auf,
aufgekreuzt,
kreuzte auf,
kreuz auf,
kreuze auf,
kreuzt auf,
sein,
haben,
flirten,
flirte,
flirtest,
flirtet,
flirtete,
geflirtet,
flirtete,
flirt,
flirte,
flirtet,
haben,
vermischen,
vermische,
vermischst,
vermischt,
vermischt,
vermischte,
vermischt,
vermischte,
vermische,
vermischt,
haben,
ausstatten,
statte aus,
stattest aus,
stattet aus,
stattete aus,
ausgestattet,
stattete aus,
statt aus,
statte aus,
stattet aus,
haben,
beschimpfen,
beschimpfe,
beschimpfst,
beschimpft,
beschimpfte,
beschimpft,
beschimpfte,
beschimpfe,
beschimpft,
haben,
verborgen,
verborge,
verborgst,
verborgt,
verborgte,
verborgt,
verborgte,
verborg,
verborge,
verborgt,
haben,
plagen,
plage,
plagst,
plagt,
plagte,
geplagt,
plagte,
plag,
plage,
plagt,
haben,
weiterhelfen,
helfe weiter,
hilfst weiter,
hilft weiter,
half weiter,
weitergeholfen,
hülfe weiter,
hälfe weiter,
hilf weiter,
helft weiter,
haben,
belassen,
belasse,
belässt,
belässt,
beließ,
belassen,
beließe,
belass,
belasse,
belasst,
haben,
zuteilen,
teile zu,
teilst zu,
teilt zu,
teilte zu,
zugeteilt,
teilte zu,
teil zu,
teile zu,
teilt zu,
haben,
beschwören,
beschwöre,
beschwörst,
beschwört,
beschwor,
beschwur,
beschworen,
beschwöre,
beschwüre,
beschwöre,
beschwört,
haben,
überspringen,
überspringe,
überspringst,
überspringt,
übersprang,
übersprungen,
überspränge,
überspring,
überspringe,
überspringt,
haben,
schummeln,
schummle,
schummele,
schummelst,
schummelt,
schummelte,
geschummelt,
schummelte,
schummle,
schummele,
schummelt,
haben,
niesen,
niese,
niest,
niest,
nieste,
geniest,
nieste,
niese,
nies,
niest,
haben,
stottern,
stottere,
stotterst,
stottert,
stotterte,
gestottert,
stotterte,
stotter,
stottere,
stottert,
haben,
mithalten,
halte mit,
hältst mit,
hält mit,
hielt mit,
mitgehalten,
hielte mit,
halte mit,
haltet mit,
haben,
geistern,
geistere,
geisterst,
geistert,
geisterte,
gegeistert,
geisterte,
geister,
geistere,
geistert,
haben,
sein,
beulen,
beule,
beulst,
beult,
beulte,
gebeult,
beulte,
beule,
beult,
haben,
zusammenkommen,
komme zusammen,
kommst zusammen,
kommt zusammen,
kam zusammen,
zusammengekommen,
käme zusammen,
komme zusammen,
kommt zusammen,
sein,
vernachlässigen,
vernachlässige,
vernachlässigst,
vernachlässigt,
vernachlässigte,
vernachlässigt,
vernachlässigte,
vernachlässig,
vernachlässige,
vernachlässigt,
haben,
nageln,
nagele,
nagle,
nagelst,
nagelt,
nagelte,
genagelt,
nagelte,
nagele,
nagelt,
haben,
deaktivieren,
deaktiviere,
deaktivierst,
deaktiviert,
deaktivierte,
deaktiviert,
deaktivierte,
deaktiviere,
deaktivier,
deaktiviert,
haben,
bessern,
bessere,
besserst,
bessert,
besserte,
gebessert,
besserte,
bessere,
besser,
bessert,
haben,
aufschneiden,
schneide auf,
schneidest auf,
schneidet auf,
schnitt auf,
aufgeschnitten,
schnitte auf,
schneide auf,
schneidet auf,
haben,
vorbeischauen,
schaue vorbei,
schaust vorbei,
schaut vorbei,
schaute vorbei,
vorbeigeschaut,
schaute vorbei,
schau vorbei,
schaue vorbei,
schaut vorbei,
haben,
voraussetzen,
setze voraus,
setzt voraus,
setzt voraus,
setzte voraus,
vorausgesetzt,
setzte voraus,
setz voraus,
setze voraus,
setzt voraus,
haben,
durchbrennen,
brenne durch,
brennst durch,
brennt durch,
brannte durch,
durchgebrannt,
brennte durch,
brenn durch,
brenne durch,
brennt durch,
sein,
haben,
entschlüsseln,
entschlüssle,
entschlüssele,
entschlüsselst,
entschlüsselt,
entschlüsselte,
entschlüsselt,
entschlüsselte,
entschlüssle,
entschlüssele,
entschlüsselt,
haben,
hinnehmen,
nehme hin,
nimmst hin,
nimmt hin,
nahm hin,
hingenommen,
nähme hin,
nimm hin,
nehmt hin,
haben,
anhaben,
habe an,
hast an,
hat an,
hatte an,
angehabt,
hätte an,
hab an,
habe an,
habt an,
haben,
entschärfen,
entschärfe,
entschärfst,
entschärft,
entschärfte,
entschärft,
entschärfte,
entschärf,
entschärfe,
entschärft,
haben,
unterstellen,
unterstelle,
unterstellst,
unterstellt,
unterstellte,
unterstellt,
unterstellte,
unterstelle,
unterstell,
unterstellt,
haben,
berechtigen,
berechtige,
berechtigst,
berechtigt,
berechtigte,
berechtigt,
berechtigte,
berechtig,
berechtige,
berechtigt,
haben,
unterliegen,
unterliege,
unterliegst,
unterliegt,
unterlag,
unterlegen,
unterläge,
unterliege,
unterlieg,
unterliegt,
haben,
sein,
vordringen,
dringe vor,
dringst vor,
dringt vor,
drang vor,
vorgedrungen,
dränge vor,
dring vor,
dringe vor,
dringt vor,
sein,
ausgleichen,
gleiche aus,
gleichst aus,
gleicht aus,
glich aus,
ausgeglichen,
gliche aus,
gleiche aus,
gleicht aus,
haben,
verschenken,
verschenke,
verschenkst,
verschenkt,
verschenkte,
verschenkt,
verschenkte,
verschenk,
verschenke,
verschenkt,
haben,
schlüpfen,
schlüpfe,
schlüpfst,
schlüpft,
schlüpfte,
geschlüpft,
schlüpfte,
schlüpfe,
schlüpft,
sein,
zwitschern,
zwitschere,
zwitscherst,
zwitschert,
zwitscherte,
gezwitschert,
zwitscherte,
zwitscher,
zwitschert,
haben,
vorfallen,
fällt vor,
vorgefallen,
sein,
pennen,
penne,
pennst,
pennt,
pennte,
gepennt,
pennte,
penne,
pennt,
haben,
schleudern,
schleudere,
schleuderst,
schleudert,
schleuderte,
geschleudert,
schleuderte,
schleuder,
schleudere,
schleudert,
haben,
sein,
entnehmen,
entnehme,
entnimmst,
entnimmt,
entnahm,
entnommen,
entnähme,
entnimm,
entnehmt,
haben,
auftragen,
trage auf,
trägst auf,
trägt auf,
trug auf,
aufgetragen,
trüge auf,
trag auf,
trage auf,
tragt auf,
haben,
horchen,
horche,
horchst,
horcht,
horchte,
gehorcht,
horchte,
horch,
horche,
horcht,
haben,
strömen,
ströme,
strömst,
strömt,
strömte,
geströmt,
strömte,
ströme,
strömt,
sein,
herumlaufen,
laufe herum,
läufst herum,
läuft herum,
lief herum,
herumgelaufen,
liefe herum,
lauf herum,
laufe herum,
lauft herum,
sein,
verantworten,
verantworte,
verantwortest,
verantwortet,
verantwortete,
verantwortet,
verantwortete,
verantwort,
verantworte,
verantwortet,
haben,
sinnen,
sinne,
sinnst,
sinnt,
sann,
gesonnen,
sänne,
sönne,
sinne,
sinnt,
haben,
zucken,
zucke,
zuckst,
zuckt,
zuckte,
gezuckt,
zuckte,
zucke,
zuckt,
zucket,
haben,
verüben,
verübe,
verübst,
verübt,
verübte,
verübt,
verübte,
verübe,
verübt,
haben,
polieren,
poliere,
polierst,
poliert,
polierte,
poliert,
polierte,
poliere,
polier,
poliert,
haben,
erneuern,
erneuere,
erneuerst,
erneuert,
erneuerte,
erneuert,
erneuerte,
erneuere,
erneuert,
haben,
auffordern,
fordere auf,
forderst auf,
fordert auf,
forderte auf,
aufgefordert,
forderte auf,
fordere auf,
fordert auf,
haben,
übergehen,
gehe über,
gehst über,
geht über,
ging über,
übergegangen,
ginge über,
geh über,
gehe über,
geht über,
sein,
abkaufen,
kaufe ab,
kaufst ab,
kauft ab,
kaufte ab,
abgekauft,
kaufte ab,
kauf ab,
kauft ab,
haben,
abtreten,
trete ab,
trittst ab,
tritt ab,
trat ab,
abgetreten,
träte ab,
tritt ab,
tretet ab,
haben,
sein,
inszenieren,
inszeniere,
inszenierst,
inszeniert,
inszenierte,
inszeniert,
inszenierte,
inszeniere,
inszenier,
inszeniert,
haben,
befestigen,
befestige,
befestigst,
befestigt,
befestigte,
befestigt,
befestigte,
befestige,
befestigt,
haben,
donnern,
donnere,
donnerst,
donnert,
donnerte,
gedonnert,
donnerte,
donnere,
donnert,
haben,
buchstabieren,
buchstabiere,
buchstabierst,
buchstabiert,
buchstabierte,
buchstabiert,
buchstabierte,
buchstabiere,
buchstabier,
buchstabiert,
haben,
überarbeiten,
überarbeite,
überarbeitest,
überarbeitet,
überarbeitete,
überarbeitet,
überarbeitete,
überarbeite,
überarbeitet,
haben,
vorbeigehen,
gehe vorbei,
gehst vorbei,
geht vorbei,
ging vorbei,
vorbeigegangen,
ginge vorbei,
geh vorbei,
gehe vorbei,
geht vorbei,
gehet vorbei,
sein,
flöten,
flöte,
flötest,
flötet,
flötete,
geflötet,
flötete,
flöte,
flöt,
flötet,
haben,
poltern,
poltre,
poltere,
polterst,
poltert,
polterte,
gepoltert,
polterte,
poltre,
poltere,
poltert,
haben,
anflehen,
flehe an,
flehst an,
fleht an,
flehte an,
angefleht,
flehte an,
fleh an,
flehe an,
fleht an,
flehet an,
haben,
schlagzeilen,
schlagzeile,
schlagzeilst,
schlagzeilt,
schlagzeilte,
geschlagzeilt,
schlagzeilte,
schlagzeile,
schlagzeilt,
haben,
anschnallen,
schnalle an,
schnallst an,
schnallt an,
schnallte an,
angeschnallt,
schnallte an,
schnalle an,
schnallt an,
haben,
kandidieren,
kandidiere,
kandidierst,
kandidiert,
kandidierte,
kandidiert,
kandidierte,
kandidiere,
kandidier,
kandidiert,
haben,
abschlagen,
schlage ab,
schlägst ab,
schlägt ab,
schlug ab,
abgeschlagen,
schlüge ab,
schlag ab,
schlage ab,
schlagt ab,
haben,
verwischen,
verwische,
verwischst,
verwischt,
verwischte,
verwischt,
verwischte,
verwisch,
verwische,
verwischt,
haben,
nieten,
niete,
nietest,
nietet,
nietete,
genietet,
nietete,
niet,
niete,
nietet,
haben,
verdrängen,
verdränge,
verdrängst,
verdrängt,
verdrängte,
verdrängt,
verdrängte,
verdränge,
verdrängt,
haben,
zurechtkommen,
komme zurecht,
kommst zurecht,
kommt zurecht,
kam zurecht,
zurechtgekommen,
käme zurecht,
komme zurecht,
kommt zurecht,
sein,
tarnen,
tarne,
tarnst,
tarnt,
tarnte,
getarnt,
tarnte,
tarne,
tarnt,
haben,
schichten,
schichte,
schichtest,
schichtet,
schichtete,
geschichtet,
schichtete,
schichte,
schichtet,
haben,
trompeten,
trompete,
trompetest,
trompetet,
trompetete,
trompetet,
trompetete,
trompet,
trompete,
trompetet,
haben,
verrotten,
verrotte,
verrottest,
verrottet,
verrottete,
verrottet,
verrottete,
verrott,
verrotte,
verrottet,
sein,
zusammensetzen,
setze zusammen,
setzt zusammen,
setzt zusammen,
setzte zusammen,
zusammengesetzt,
setzte zusammen,
setz zusammen,
setzt zusammen,
haben,
aufschlagen,
schlage auf,
schlägst auf,
schlägt auf,
schlug auf,
aufgeschlagen,
schlüge auf,
schlag auf,
schlagt auf,
haben,
sein,
meckern,
meckre,
meckere,
meckerst,
meckert,
meckerte,
gemeckert,
meckerte,
meckre,
meckere,
meckert,
haben,
beanspruchen,
beanspruche,
beanspruchst,
beansprucht,
beanspruchte,
beansprucht,
beanspruchte,
beanspruche,
beansprucht,
haben,
vernehmen,
vernehme,
vernimmst,
vernimmt,
vernahm,
vernommen,
vernähme,
vernimm,
vernehmt,
haben,
gutmachen,
mache gut,
machst gut,
macht gut,
machte gut,
gutgemacht,
machte gut,
mach gut,
mache gut,
macht gut,
haben,
anliegen,
liege an,
liegst an,
liegt an,
lag an,
angelegen,
läge an,
lieg an,
liege an,
liegt an,
haben,
sein,
abdecken,
decke ab,
deckst ab,
deckt ab,
deckte ab,
abgedeckt,
deckte ab,
deck ab,
decke ab,
deckt ab,
haben,
verhelfen,
verhelfe,
verhilfst,
verhilft,
verhalf,
verholfen,
verhälfe,
verhülfe,
verhilf,
verhelft,
haben,
erklingen,
erklinge,
erklingst,
erklingt,
erklang,
erklungen,
erklänge,
erkling,
erklinge,
erklingt,
sein,
zumuten,
mute zu,
mutest zu,
mutet zu,
mutete zu,
zugemutet,
mutete zu,
mut zu,
mute zu,
mutet zu,
haben,
verabscheuen,
verabscheue,
verabscheust,
verabscheut,
verabscheute,
verabscheut,
verabscheute,
verabscheu,
verabscheue,
verabscheut,
haben,
abwerfen,
werfe ab,
wirfst ab,
wirft ab,
warf ab,
abgeworfen,
würfe ab,
wirf ab,
werft ab,
haben,
rekrutieren,
rekrutiere,
rekrutierst,
rekrutiert,
rekrutierte,
rekrutiert,
rekrutierte,
rekrutiere,
rekrutier,
rekrutiert,
haben,
nachweisen,
weise nach,
weist nach,
weist nach,
wies nach,
nachgewiesen,
wiese nach,
weise nach,
weist nach,
haben,
demonstrieren,
demonstriere,
demonstrierst,
demonstriert,
demonstrierte,
demonstriert,
demonstrierte,
demonstriere,
demonstrier,
demonstriert,
haben,
auskennen,
kenne aus,
kennst aus,
kennt aus,
kannte aus,
ausgekannt,
kennte aus,
kenn aus,
kenne aus,
kennt aus,
haben,
furzen,
furze,
furzt,
furzt,
furzte,
gefurzt,
furzte,
furze,
furz,
furzt,
haben,
fortgehen,
gehe fort,
gehst fort,
geht fort,
ging fort,
fortgegangen,
ginge fort,
geh fort,
gehe fort,
geht fort,
sein,
spalten,
spalte,
spaltest,
spaltet,
spaltete,
gespalten,
gespaltet,
spaltete,
spalte,
spaltet,
haben,
bewältigen,
bewältige,
bewältigst,
bewältigt,
bewältigte,
bewältigt,
bewältigte,
bewältige,
bewältigt,
haben,
steinen,
steine,
steinst,
steint,
steinte,
gesteint,
steinte,
stein,
steine,
steint,
haben,
abladen,
lade ab,
lädst ab,
lädt ab,
lud ab,
abgeladen,
lüde ab,
lade ab,
ladet ab,
haben,
auffressen,
fresse auf,
frisst auf,
frisst auf,
fraß auf,
aufgefressen,
fräße auf,
friss auf,
fresst auf,
haben,
durchatmen,
atme durch,
atmest durch,
atmet durch,
atmete durch,
durchgeatmet,
atmete durch,
atme durch,
atmet durch,
haben,
imitieren,
imitiere,
imitierst,
imitiert,
imitierte,
imitiert,
imitierte,
imitiere,
imitier,
imitiert,
haben,
versohlen,
versohle,
versohlst,
versohlt,
versohlte,
versohlt,
versohlte,
versohl,
versohle,
versohlt,
haben,
motivieren,
motiviere,
motivierst,
motiviert,
motivierte,
motiviert,
motivierte,
motiviere,
motivier,
motiviert,
haben,
verringern,
verringere,
verringerst,
verringert,
verringerte,
verringert,
verringerte,
verringere,
verringert,
haben,
ausspionieren,
spioniere aus,
spionierst aus,
spioniert aus,
spionierte aus,
ausspioniert,
spionierte aus,
spionier aus,
spioniere aus,
spioniert aus,
haben,
schocken,
schocke,
schockst,
schockt,
schockte,
geschockt,
schockte,
schocke,
schockt,
haben,
massieren,
massiere,
massierst,
massiert,
massierte,
massiert,
massierte,
massiere,
massier,
massiert,
haben,
schlingen,
schlinge,
schlingst,
schlingt,
schlang,
geschlungen,
schlänge,
schlinge,
schling,
schlingt,
haben,
hinhalten,
halte hin,
hältst hin,
hält hin,
hielt hin,
hingehalten,
hielte hin,
halt hin,
halte hin,
haltet hin,
haben,
durchfallen,
falle durch,
fällst durch,
fällt durch,
fiel durch,
durchgefallen,
fiele durch,
falle durch,
fallt durch,
sein,
misstrauen,
misstraue,
misstraust,
misstraut,
misstraute,
misstraut,
misstraute,
misstraue,
misstraut,
haben,
beben,
bebe,
bebst,
bebt,
bebte,
gebebt,
bebte,
bebe,
bebt,
haben,
erbauen,
erbaue,
erbaust,
erbaut,
erbaute,
erbaut,
erbaute,
erbaue,
erbaut,
erbauet,
haben,
surfen,
surfe,
surfst,
surft,
surfte,
gesurft,
surfte,
surfe,
surf,
surft,
vorlegen,
lege vor,
legst vor,
legt vor,
legte vor,
vorgelegt,
legte vor,
leg vor,
lege vor,
legt vor,
haben,
überfordern,
überfordere,
überforderst,
überfordert,
überforderte,
überfordert,
überforderte,
überfordere,
überfordert,
haben,
verstopfen,
verstopfe,
verstopfst,
verstopft,
verstopfte,
verstopft,
verstopfte,
verstopf,
verstopfe,
verstopft,
haben,
behüten,
behüte,
behütest,
behütet,
behütete,
behütet,
behütete,
behüt,
behüte,
behütet,
haben,
entlasten,
entlaste,
entlastest,
entlastet,
entlastete,
entlastet,
entlastete,
entlast,
entlaste,
entlastet,
haben,
adoptieren,
adoptiere,
adoptierst,
adoptiert,
adoptierte,
adoptiert,
adoptierte,
adoptiere,
adoptier,
adoptiert,
haben,
anklopfen,
klopfe an,
klopfst an,
klopft an,
klopfte an,
angeklopft,
klopfte an,
klopf an,
klopfe an,
klopft an,
haben,
verlocken,
verlocke,
verlockst,
verlockt,
verlockte,
verlockt,
verlockte,
verlock,
verlocke,
verlockt,
haben,
krepieren,
krepiere,
krepierst,
krepiert,
krepierte,
krepiert,
krepierte,
krepiere,
krepier,
krepiert,
sein,
anführen,
führe an,
führst an,
führt an,
führte an,
angeführt,
führte an,
führ an,
führe an,
führt an,
haben,
lindern,
lindere,
linderst,
lindert,
linderte,
gelindert,
linderte,
linder,
lindre,
lindert,
haben,
flanken,
flanke,
flankst,
flankt,
flankte,
geflankt,
flankte,
flank,
flanke,
flankt,
haben,
ausmessen,
messe aus,
misst aus,
misst aus,
maß aus,
ausgemessen,
mäße aus,
miss aus,
messt aus,
haben,
zerfallen,
zerfalle,
zerfällst,
zerfällt,
zerfiel,
zerfallen,
zerfiele,
zerfalle,
zerfall,
zerfallt,
sein,
verleugnen,
verleugne,
verleugnest,
verleugnet,
verleugnete,
verleugnet,
verleugnete,
verleugne,
verleugnet,
haben,
zulegen,
lege zu,
legst zu,
legt zu,
legte zu,
zugelegt,
legte zu,
leg zu,
lege zu,
legt zu,
haben,
labern,
labere,
laberst,
labert,
laberte,
gelabert,
laberte,
labere,
laber,
labert,
haben,
verlangsamen,
verlangsame,
verlangsamst,
verlangsamt,
verlangsamte,
verlangsamt,
verlangsamte,
verlangsame,
verlangsamt,
haben,
aushelfen,
helfe aus,
hilfst aus,
hilft aus,
half aus,
ausgeholfen,
hülfe aus,
hilf aus,
helft aus,
haben,
umleiten,
leite um,
leitest um,
leitet um,
leitete um,
umgeleitet,
leitete um,
leit um,
leite um,
leitet um,
haben,
verzögern,
verzögere,
verzögerst,
verzögert,
verzögerte,
verzögert,
verzögerte,
verzöger,
verzögere,
verzögert,
haben,
einspringen,
springe ein,
springst ein,
springt ein,
sprang ein,
eingesprungen,
spränge ein,
spring ein,
springe ein,
springt ein,
sein,
schöpfen,
schöpfe,
schöpfst,
schöpft,
schöpfte,
geschöpft,
schöpfte,
schöpfe,
schöpf,
schöpft,
haben,
glühen,
glühe,
glühst,
glüht,
glühte,
geglüht,
glühte,
glühe,
glüh,
glüht,
glühet,
haben,
verwüsten,
verwüste,
verwüstest,
verwüstet,
verwüstete,
verwüstet,
verwüstete,
verwüste,
verwüstet,
haben,
verstreuen,
verstreue,
verstreust,
verstreut,
verstreute,
verstreut,
verstreute,
verstreu,
verstreue,
verstreut,
haben,
tolerieren,
toleriere,
tolerierst,
toleriert,
tolerierte,
toleriert,
tolerierte,
tolerier,
toleriere,
toleriert,
haben,
sortieren,
sortiere,
sortierst,
sortiert,
sortierte,
sortiert,
sortierte,
sortiere,
sortier,
sortiert,
haben,
krallen,
kralle,
krallst,
krallt,
krallte,
gekrallt,
krallte,
krall,
kralle,
krallt,
haben,
umsetzen,
setze um,
setzt um,
setzt um,
setzte um,
umgesetzt,
setzte um,
setze um,
setzt um,
haben,
ereignen,
ereignet,
ereignete,
ereignet,
ereignete,
haben,
attackieren,
attackiere,
attackierst,
attackiert,
attackierte,
attackiert,
attackierte,
attackiere,
attackier,
attackiert,
haben,
stationieren,
stationiere,
stationierst,
stationiert,
stationierte,
stationiert,
stationierte,
stationiere,
stationier,
stationiert,
haben,
klonen,
klone,
klonst,
klont,
klonte,
geklont,
klonte,
klone,
klont,
haben,
nähren,
nähre,
nährst,
nährt,
nährte,
genährt,
nährte,
nähr,
nähre,
nährt,
haben,
hereinkommen,
komme herein,
kommst herein,
kommt herein,
kam herein,
hereingekommen,
käme herein,
komm herein,
kommt herein,
sein,
zerlegen,
zerlege,
zerlegst,
zerlegt,
zerlegte,
zerlegt,
zerlegte,
zerleg,
zerlege,
zerlegt,
haben,
schwängern,
schwängere,
schwängerst,
schwängert,
schwängerte,
geschwängert,
schwängerte,
schwängere,
schwängert,
haben,
aufrufen,
rufe auf,
rufst auf,
ruft auf,
rief auf,
aufgerufen,
riefe auf,
ruf auf,
rufe auf,
ruft auf,
haben,
abdrehen,
drehe ab,
drehst ab,
dreht ab,
drehte ab,
abgedreht,
drehte ab,
dreh ab,
drehe ab,
dreht ab,
haben,
gleiten,
gleite,
gleitest,
gleitet,
glitt,
geglitten,
glitte,
gleit,
gleite,
gleitet,
sein,
hallen,
hallt,
hallte,
gehallt,
hallte,
haben,
winseln,
winsele,
winselst,
winselt,
winselte,
gewinselt,
winselte,
winsel,
winsle,
winselt,
haben,
verpacken,
verpacke,
verpackst,
verpackt,
verpackte,
verpackt,
verpackte,
verpacke,
verpack,
verpackt,
verpacket,
haben,
schwärmen,
schwärme,
schwärmst,
schwärmt,
schwärmte,
geschwärmt,
schwärmte,
schwärme,
schwärm,
schwärmt,
haben,
abfinden,
finde ab,
findest ab,
findet ab,
fand ab,
abgefunden,
fände ab,
finde ab,
findet ab,
haben,
freisetzen,
setze frei,
setzt frei,
setzt frei,
setzte frei,
freigesetzt,
setzte frei,
setz frei,
setze frei,
setzt frei,
haben,
versöhnen,
versöhne,
versöhnst,
versöhnt,
versöhnte,
versöhnt,
versöhnte,
versöhne,
versöhn,
versöhnt,
haben,
shoppen,
shoppe,
shoppst,
shoppt,
shoppte,
geshoppt,
shoppte,
shoppe,
shopp,
shoppt,
haben,
vorliegen,
liegt vor,
lag vor,
vorgelegen,
läge vor,
haben,
sein,
streiken,
streike,
streikst,
streikt,
streikte,
gestreikt,
streikte,
streik,
streike,
streikt,
haben,
adeln,
adele,
adle,
adelst,
adelt,
adelte,
geadelt,
adelte,
adele,
adelt,
haben,
formulieren,
formuliere,
formulierst,
formuliert,
formulierte,
formuliert,
formulierte,
formuliere,
formulier,
formuliert,
haben,
basteln,
bastle,
bastele,
bastelst,
bastelt,
bastelte,
gebastelt,
bastelte,
bastel,
bastelt,
haben,
abblasen,
blase ab,
bläst ab,
bläst ab,
blies ab,
abgeblasen,
bliese ab,
blas ab,
blase ab,
blast ab,
haben,
fixieren,
fixiere,
fixierst,
fixiert,
fixierte,
fixiert,
fixierte,
fixiere,
fixier,
fixiert,
haben,
bevorstehen,
steht bevor,
stand bevor,
bevorgestanden,
stände bevor,
stünde bevor,
haben,
fixen,
fixe,
fixt,
fixt,
fixte,
gefixt,
fixte,
fix,
fixt,
haben,
ablassen,
lasse ab,
lässt ab,
lässt ab,
ließ ab,
abgelassen,
ließe ab,
lass ab,
lasse ab,
lasst ab,
haben,
absichern,
sichere ab,
sicherst ab,
sichert ab,
sicherte ab,
abgesichert,
sicherte ab,
sichere ab,
sichert ab,
haben,
einberufen,
berufe ein,
berufst ein,
beruft ein,
berief ein,
einberufen,
beriefe ein,
beruf ein,
berufe ein,
beruft ein,
haben,
überziehen,
ziehe über,
ziehst über,
zieht über,
zog über,
übergezogen,
zöge über,
zieh über,
zieht über,
haben,
einlösen,
löse ein,
löst ein,
löst ein,
löste ein,
eingelöst,
löste ein,
lös ein,
löse ein,
löst ein,
haben,
abbekommen,
bekomme ab,
bekommst ab,
bekommt ab,
bekam ab,
abbekommen,
bekäme ab,
bekomm ab,
bekomme ab,
bekommt ab,
haben,
listen,
liste,
listest,
listet,
listete,
gelistet,
listete,
list,
liste,
listet,
haben,
ausrutschen,
rutsche aus,
rutschst aus,
rutscht aus,
rutschte aus,
ausgerutscht,
rutschte aus,
rutsch aus,
rutsche aus,
rutscht aus,
sein,
experimentieren,
experimentiere,
experimentierst,
experimentiert,
experimentierte,
experimentiert,
experimentierte,
experimentier,
experimentiere,
experimentiert,
haben,
abbrennen,
brenne ab,
brennst ab,
brennt ab,
brannte ab,
abgebrannt,
brennte ab,
brenn ab,
brenne ab,
brennt ab,
haben,
ertappen,
ertappe,
ertappst,
ertappt,
ertappte,
ertappt,
ertappte,
ertapp,
ertappe,
ertappt,
haben,
tätowieren,
tätowiere,
tätowierst,
tätowiert,
tätowierte,
tätowiert,
tätowierte,
tätowiere,
tätowier,
tätowiert,
haben,
gefrieren,
gefriere,
gefrierst,
gefriert,
gefror,
gefroren,
gefröre,
gefrier,
gefriere,
gefriert,
sein,
verrecken,
verrecke,
verreckst,
verreckt,
verreckte,
verreckt,
verreckte,
verrecke,
verreck,
verreckt,
sein,
gären,
gäre,
gärst,
gärt,
gor,
gegoren,
göre,
gäre,
gärt,
haben,
sein,
spezialisieren,
spezialisiere,
spezialisierst,
spezialisiert,
spezialisierte,
spezialisiert,
spezialisierte,
spezialisier,
spezialisiere,
spezialisiert,
haben,
verzerren,
verzerre,
verzerrst,
verzerrt,
verzerrte,
verzerrt,
verzerrte,
verzerr,
verzerre,
verzerrt,
haben,
verheilen,
verheilt,
verheilte,
verheilt,
verheilte,
sein,
grunzen,
grunze,
grunzt,
grunzt,
grunzte,
gegrunzt,
grunzte,
grunz,
grunze,
grunzt,
haben,
herauskommen,
komme heraus,
kommst heraus,
kommt heraus,
kam heraus,
herausgekommen,
käme heraus,
komm heraus,
kommt heraus,
sein,
reimen,
reime,
reimst,
reimt,
reimte,
gereimt,
reimte,
reime,
reimt,
haben,
beschmutzen,
beschmutze,
beschmutzt,
beschmutzt,
beschmutzte,
beschmutzt,
beschmutzte,
beschmutze,
beschmutz,
beschmutzt,
haben,
einweisen,
weise ein,
weist ein,
weist ein,
wies ein,
eingewiesen,
wiese ein,
weise ein,
weist ein,
haben,
zerfetzen,
zerfetze,
zerfetzt,
zerfetzt,
zerfetzte,
zerfetzt,
zerfetzte,
zerfetz,
zerfetze,
zerfetzt,
haben,
bewerten,
bewerte,
bewertest,
bewertet,
bewertete,
bewertet,
bewertete,
bewerte,
bewertet,
haben,
reinziehen,
ziehe rein,
ziehst rein,
zieht rein,
zog rein,
reingezogen,
zöge rein,
zieh rein,
zieht rein,
haben,
gittern,
gitter,
gittere,
gitterst,
gittert,
gitterte,
gegittert,
gitterte,
gitter,
gittere,
gittert,
haben,
verspielen,
verspiele,
verspielst,
verspielt,
verspielte,
verspielt,
verspielte,
verspiel,
verspiele,
verspielt,
haben,
beschießen,
beschieße,
beschießt,
beschießt,
beschoss,
beschossen,
beschösse,
beschieß,
beschieße,
beschießt,
haben,
verweisen,
verweise,
verweist,
verweist,
verwies,
verwiesen,
verwiese,
verweise,
verweist,
verweiset,
haben,
vermehren,
vermehre,
vermehrst,
vermehrt,
vermehrte,
vermehrt,
vermehrte,
vermehre,
vermehrt,
haben,
nachholen,
hole nach,
holst nach,
holt nach,
holte nach,
nachgeholt,
holte nach,
hol nach,
hole nach,
holt nach,
haben,
geloben,
gelobe,
gelobst,
gelobt,
gelobte,
gelobt,
gelobte,
gelob,
gelobe,
gelobt,
haben,
veranlassen,
veranlasse,
veranlasst,
veranlasst,
veranlasste,
veranlasst,
veranlasste,
veranlass,
veranlasse,
veranlasst,
haben,
ätzen,
ätze,
ätzt,
ätzt,
ätzte,
geätzt,
ätzte,
ätze,
ätz,
ätzt,
haben,
verhexen,
verhexe,
verhext,
verhext,
verhexte,
verhext,
verhexte,
verhex,
verhexe,
verhext,
haben,
schaufeln,
schaufele,
schaufle,
schaufelst,
schaufelt,
schaufelte,
geschaufelt,
schaufelte,
schaufele,
schaufle,
schaufelt,
haben,
zerschmettern,
zerschmettere,
zerschmetterst,
zerschmettert,
zerschmetterte,
zerschmettert,
zerschmetterte,
zerschmettere,
zerschmettert,
haben,
bloßstellen,
stelle bloß,
stellst bloß,
stellt bloß,
stellte bloß,
bloßgestellt,
stellte bloß,
stell bloß,
stelle bloß,
stellt bloß,
haben,
einführen,
führe ein,
führst ein,
führt ein,
führte ein,
eingeführt,
führte ein,
führ ein,
führe ein,
führt ein,
haben,
erkunden,
erkunde,
erkundest,
erkundet,
erkundete,
erkundet,
erkundete,
erkund,
erkunde,
erkundet,
haben,
hochziehen,
ziehe hoch,
ziehst hoch,
zieht hoch,
zog hoch,
hochgezogen,
zöge hoch,
zieh hoch,
ziehe hoch,
zieht hoch,
haben,
wiedergutmachen,
mache wieder gut,
machst wieder gut,
macht wieder gut,
machte wieder gut,
wiedergutgemacht,
machte wieder gut,
mach wieder gut,
mache wieder gut,
macht wieder gut,
haben,
zertrümmern,
zertrümmere,
zertrümmerst,
zertrümmert,
zertrümmerte,
zertrümmert,
zertrümmerte,
zertrümmer,
zertrümmere,
zertrümmert,
haben,
unterstehen,
unterstehe,
unterstehst,
untersteht,
unterstand,
unterstanden,
unterstünde,
unterstehe,
untersteht,
haben,
blinzeln,
blinzle,
blinzele,
blinzelst,
blinzelt,
blinzelte,
geblinzelt,
blinzelte,
blinzle,
blinzele,
blinzelt,
haben,
erwägen,
erwäge,
erwägst,
erwägt,
erwog,
erwogen,
erwöge,
erwäg,
erwäge,
erwägt,
haben,
schikanieren,
schikaniere,
schikanierst,
schikaniert,
schikanierte,
schikaniert,
schikanierte,
schikanier,
schikaniere,
schikaniert,
haben,
praktizieren,
praktiziere,
praktizierst,
praktiziert,
praktizierte,
praktiziert,
praktizierte,
praktiziere,
praktizier,
praktiziert,
haben,
irritieren,
irritiere,
irritierst,
irritiert,
irritierte,
irritiert,
irritierte,
irritiere,
irritier,
irritiert,
haben,
aufschließen,
schließe auf,
schließt auf,
schließt auf,
schloss auf,
aufgeschlossen,
schlösse auf,
schließ auf,
schließe auf,
schließt auf,
haben,
neutralisieren,
neutralisiere,
neutralisierst,
neutralisiert,
neutralisierte,
neutralisiert,
neutralisierte,
neutralisier,
neutralisiere,
neutralisiert,
haben,
besiegeln,
besiegele,
besiegle,
besiegelst,
besiegelt,
besiegelte,
besiegelt,
besiegelte,
besiegele,
besiegelt,
haben,
doubeln,
double,
doubele,
doubelst,
doubelt,
doubelte,
gedoubelt,
doubelte,
double,
doubele,
doubelt,
haben,
hervorrufen,
rufe hervor,
rufst hervor,
ruft hervor,
rief hervor,
hervorgerufen,
riefe hervor,
ruf hervor,
rufe hervor,
ruft hervor,
haben,
forschen,
forsche,
forschst,
forscht,
forscht,
forschte,
geforscht,
forschte,
forsche,
forsch,
forscht,
haben,
erfrischen,
erfrische,
erfrischst,
erfrischt,
erfrischt,
erfrischte,
erfrischt,
erfrischte,
erfrisch,
erfrische,
erfrischt,
haben,
ausweisen,
weise aus,
weist aus,
weist aus,
wies aus,
ausgewiesen,
wiese aus,
weis aus,
weise aus,
weist aus,
haben,
abwehren,
wehre ab,
wehrst ab,
wehrt ab,
wehrte ab,
abgewehrt,
wehrte ab,
wehr ab,
wehre ab,
wehrt ab,
haben,
austragen,
trage aus,
trägst aus,
trägt aus,
trug aus,
ausgetragen,
trüge aus,
trag aus,
tragt aus,
haben,
anfertigen,
fertige an,
fertigst an,
fertigt an,
fertigte an,
angefertigt,
fertigte an,
fertige an,
fertigt an,
haben,
verlesen,
verlese,
verliest,
verliest,
verlas,
verlesen,
verläse,
verlies,
verlest,
haben,
ersuchen,
ersuche,
ersuchst,
ersucht,
ersuchte,
ersucht,
ersuchte,
ersuch,
ersuche,
ersucht,
haben,
nicken,
nicke,
nickst,
nickt,
nickte,
genickt,
nickte,
nicke,
nickt,
haben,
verstümmeln,
verstümmele,
verstümmle,
verstümmelst,
verstümmelt,
verstümmelte,
verstümmelt,
verstümmelte,
verstümmele,
verstümmle,
verstümmelt,
haben,
preisgeben,
gebe preis,
gibst preis,
gibt preis,
gab preis,
preisgegeben,
gäbe preis,
gib preis,
gebt preis,
haben,
aufholen,
hole auf,
holst auf,
holt auf,
holte auf,
aufgeholt,
holte auf,
hol auf,
hole auf,
holt auf,
haben,
wiederbeleben,
belebe wieder,
belebst wieder,
belebt wieder,
belebte wieder,
wiederbelebt,
belebte wieder,
beleb wieder,
belebe wieder,
belebt wieder,
haben,
schauspielern,
schauspielere,
schauspielerst,
schauspielert,
schauspielerte,
geschauspielert,
schauspielerte,
schauspieler,
schauspielert,
haben,
abwischen,
wische ab,
wischst ab,
wischt ab,
wischt ab,
wischte ab,
abgewischt,
wischte ab,
wisch ab,
wische ab,
wischt ab,
haben,
unterwerfen,
unterwerfe,
unterwirfst,
unterwirft,
unterwarf,
unterworfen,
unterwürfe,
unterwirf,
unterwerft,
haben,
scheiben,
scheibe,
scheibst,
scheibt,
scheibte,
gescheibt,
scheibte,
scheib,
scheibe,
scheibt,
haben,
durchqueren,
durchquere,
durchquerst,
durchquert,
durchquerte,
durchquert,
durchquerte,
durchquer,
durchquere,
durchquert,
haben,
aushandeln,
handele aus,
handelst aus,
handelt aus,
handelte aus,
ausgehandelt,
handelte aus,
handel aus,
handele aus,
handelt aus,
haben,
anbeißen,
beiße an,
beißt an,
beißt an,
biss an,
angebissen,
bisse an,
beiß an,
beißt an,
haben,
abwaschen,
wasche ab,
wäschst ab,
wäscht ab,
wäscht ab,
wusch ab,
abgewaschen,
wüsche ab,
wasch ab,
wasche ab,
wascht ab,
haben,
joggen,
jogge,
joggst,
joggt,
joggte,
gejoggt,
joggte,
jogge,
joggt,
haben,
festnageln,
nagele fest,
nagle fest,
nagelst fest,
nagelt fest,
nagelte fest,
festgenagelt,
nagelte fest,
nagele fest,
nagle fest,
nagelt fest,
haben,
rüberkommen,
komme rüber,
komm rüber,
kommst rüber,
kommt rüber,
kam rüber,
rübergekommen,
käme rüber,
komme rüber,
komm rüber,
kommt rüber,
sein,
vertauschen,
vertausche,
vertauschst,
vertauscht,
vertauscht,
vertauschte,
vertauscht,
vertauschte,
vertausch,
vertausche,
vertauscht,
haben,
zurückgewinnen,
gewinne zurück,
gewinnst zurück,
gewinnt zurück,
gewann zurück,
zurückgewonnen,
gewönne zurück,
gewänne zurück,
gewinn zurück,
gewinne zurück,
gewinnt zurück,
haben,
verschlafen,
verschlafe,
verschläfst,
verschläft,
verschlief,
verschlafen,
verschliefe,
verschlafe,
verschlaft,
haben,
autorisieren,
autorisiere,
autorisierst,
autorisiert,
autorisierte,
autorisiert,
autorisierte,
autorisier,
autorisiere,
autorisiert,
haben,
betreuen,
betreue,
betreust,
betreut,
betreute,
betreut,
betreute,
betreue,
betreut,
haben,
vorbeifahren,
fahre vorbei,
fährst vorbei,
fährt vorbei,
fuhr vorbei,
vorbeigefahren,
führe vorbei,
fahr vorbei,
fahre vorbei,
fahrt vorbei,
sein,
abkühlen,
kühle ab,
kühlst ab,
kühlt ab,
kühlte ab,
abgekühlt,
kühlte ab,
kühle ab,
kühlt ab,
haben,
freisprechen,
spreche frei,
sprichst frei,
spricht frei,
sprach frei,
freigesprochen,
spräche frei,
sprich frei,
sprecht frei,
haben,
stillhalten,
halte still,
hältst still,
hält still,
hielt still,
stillgehalten,
hielte still,
halte still,
haltet still,
haben,
prägen,
präge,
prägst,
prägt,
prägte,
geprägt,
prägte,
präge,
präg,
prägt,
haben,
schrumpfen,
schrumpfe,
schrumpfst,
schrumpft,
schrumpfte,
geschrumpft,
schrumpfte,
schrumpf,
schrumpfe,
schrumpft,
sein,
entlarven,
entlarve,
entlarvst,
entlarvt,
entlarvte,
entlarvt,
entlarvte,
entlarv,
entlarve,
entlarvt,
haben,
maskieren,
maskiere,
maskierst,
maskiert,
maskierte,
maskiert,
maskierte,
maskier,
maskiere,
maskiert,
haben,
verpissen,
verpisse,
verpisst,
verpisst,
verpisste,
verpisst,
verpisste,
verpiss,
verpisst,
haben,
zugehen,
gehe zu,
gehst zu,
geht zu,
ging zu,
zugegangen,
ginge zu,
geh zu,
gehe zu,
geht zu,
sein,
weihen,
weihe,
weihst,
weiht,
weihte,
geweiht,
weihte,
weihe,
weiht,
haben,
surren,
surre,
surrst,
surrt,
surrte,
gesurrt,
surrte,
surr,
surre,
surrt,
haben,
beklauen,
beklaue,
beklaust,
beklaut,
beklaute,
beklaut,
beklaute,
beklau,
beklaue,
beklaut,
haben,
vorenthalten,
enthalte vor,
enthältst vor,
enthält vor,
enthielt vor,
vorenthalten,
enthielte vor,
enthalte vor,
enthaltet vor,
haben,
versperren,
versperre,
versperrst,
versperrt,
versperrte,
versperrt,
versperrte,
versperre,
versperr,
versperrt,
haben,
verschlagen,
verschlage,
verschlägst,
verschlägt,
verschlug,
verschlagen,
verschlüge,
verschlage,
verschlag,
verschlagt,
haben,
heimsuchen,
suche heim,
suchst heim,
sucht heim,
suchte heim,
heimgesucht,
suchte heim,
such heim,
suche heim,
sucht heim,
haben,
übereinstimmen,
stimme überein,
stimmst überein,
stimmt überein,
stimmte überein,
übereingestimmt,
stimmte überein,
stimm überein,
stimme überein,
stimmt überein,
haben,
fegen,
fege,
fegst,
fegt,
fegte,
gefegt,
fegte,
fege,
fegt,
haben,
krächzen,
krächze,
krächzt,
krächzt,
krächzte,
gekrächzt,
krächzte,
krächze,
krächzt,
haben,
stiften,
stifte,
stiftest,
stiftet,
stiftete,
gestiftet,
stiftete,
stifte,
stiftet,
haben,
scheppern,
scheppere,
schepperst,
scheppert,
schepperte,
gescheppert,
schepperte,
schepper,
scheppere,
scheppert,
haben,
vorfinden,
finde vor,
findest vor,
findet vor,
fand vor,
vorgefunden,
fände vor,
finde vor,
findet vor,
haben,
hämmern,
hämmere,
hämmerst,
hämmert,
hämmerte,
gehämmert,
hämmerte,
hämmere,
hämmert,
haben,
erblicken,
erblicke,
erblickst,
erblickt,
erblickte,
erblickt,
erblickte,
erblick,
erblicke,
erblickt,
haben,
schaukeln,
schaukle,
schaukele,
schaukelst,
schaukelt,
schaukelte,
geschaukelt,
schaukelte,
schaukle,
schaukele,
schaukelt,
haben,
aushändigen,
händige aus,
händigst aus,
händigt aus,
händigte aus,
ausgehändigt,
händigte aus,
händig aus,
händige aus,
händigt aus,
haben,
austrinken,
trinke aus,
trinkst aus,
trinkt aus,
trank aus,
ausgetrunken,
tränke aus,
trinke aus,
trink aus,
trinkt aus,
haben,
duften,
dufte,
duftest,
duftet,
duftete,
geduftet,
duftete,
duft,
dufte,
duftet,
haben,
standhalten,
halte stand,
hältst stand,
hält stand,
hielt stand,
standgehalten,
hielte stand,
halt stand,
haltet stand,
haben,
erlassen,
erlasse,
erlässt,
erlässt,
erließ,
erlassen,
erließe,
erlass,
erlasse,
erlasst,
haben,
aufmuntern,
muntere auf,
munterst auf,
muntert auf,
munterte auf,
aufgemuntert,
munterte auf,
munter auf,
muntere auf,
muntert auf,
haben,
aufkommen,
komme auf,
kommst auf,
kommt auf,
kam auf,
aufgekommen,
käme auf,
komm auf,
kommt auf,
sein,
raven,
rave,
ravst,
ravt,
ravte,
geravt,
ravte,
rave,
ravt,
haben,
anheben,
hebe an,
hebst an,
hebt an,
hob an,
angehoben,
höbe an,
heb an,
hebe an,
hebt an,
haben,
aufsehen,
sehe auf,
siehst auf,
sieht auf,
sah auf,
aufgesehen,
sähe auf,
sieh auf,
siehe auf,
seht auf,
haben,
vereinbaren,
vereinbare,
vereinbarst,
vereinbart,
vereinbarte,
vereinbart,
vereinbarte,
vereinbar,
vereinbare,
vereinbart,
haben,
verwalten,
verwalte,
verwaltest,
verwaltet,
verwaltete,
verwaltet,
verwaltete,
verwalte,
verwaltet,
haben,
einstürzen,
stürze ein,
stürzt ein,
stürzt ein,
stürzte ein,
eingestürzt,
stürzte ein,
stürze ein,
stürz ein,
stürzt ein,
sein,
haben,
prahlen,
prahle,
prahlst,
prahlt,
prahlte,
geprahlt,
prahlte,
prahl,
prahle,
prahlt,
haben,
wiedergeben,
gebe wieder,
gibst wieder,
gibt wieder,
gab wieder,
wiedergegeben,
gäbe wieder,
gib wieder,
gebt wieder,
haben,
heimzahlen,
zahle heim,
zahlst heim,
zahlt heim,
zahlte heim,
heimgezahlt,
zahlte heim,
zahl heim,
zahle heim,
zahlt heim,
haben,
sündigen,
sündige,
sündigst,
sündigt,
sündigte,
gesündigt,
sündigte,
sündig,
sündige,
sündigt,
haben,
schmücken,
schmücke,
schmückst,
schmückt,
schmückte,
geschmückt,
schmückte,
schmücke,
schmückt,
haben,
agieren,
agiere,
agierst,
agiert,
agierte,
agiert,
agierte,
agiere,
agier,
agiert,
haben,
unterziehen,
unterziehe,
unterziehst,
unterzieht,
unterzog,
unterzogen,
unterzöge,
unterzieh,
unterziehe,
unterzieht,
haben,
erliegen,
erliege,
erliegst,
erliegt,
erlag,
erlegen,
erläge,
erlieg,
erliege,
erliegt,
sein,
ausspielen,
spiele aus,
spielst aus,
spielt aus,
spielte aus,
ausgespielt,
spielte aus,
spiele aus,
spielt aus,
haben,
kappen,
kappe,
kappst,
kappt,
kappte,
gekappt,
kappte,
kapp,
kappe,
kappt,
haben,
runtergehen,
gehe runter,
gehst runter,
geht runter,
ging runter,
runtergegangen,
ginge runter,
geh runter,
gehe runter,
geht runter,
sein,
injizieren,
injiziere,
injizierst,
injiziert,
injizierte,
injiziert,
injizierte,
injizier,
injiziere,
injiziert,
haben,
abschreiben,
schreibe ab,
schreibst ab,
schreibt ab,
schrieb ab,
abgeschrieben,
schriebe ab,
schreib ab,
schreibe ab,
schreibt ab,
haben,
schmoren,
schmore,
schmorst,
schmort,
schmorte,
geschmort,
schmorte,
schmore,
schmort,
haben,
paaren,
paare,
paarst,
paart,
paarte,
gepaart,
paarte,
paare,
paar,
paart,
haben,
spitzen,
spitze,
spitzt,
spitzt,
spitzte,
gespitzt,
spitzte,
spitz,
spitze,
spitzt,
haben,
dopen,
dope,
dopst,
dopt,
dopte,
gedopt,
dopte,
dope,
dopt,
haben,
ablösen,
löse ab,
löst ab,
löst ab,
löste ab,
abgelöst,
löste ab,
löse ab,
löst ab,
haben,
rankommen,
komme ran,
kommst ran,
kommt ran,
kam ran,
rangekommen,
käme ran,
komm ran,
komme ran,
kommt ran,
sein,
ausschlafen,
schlafe aus,
schläfst aus,
schläft aus,
schlief aus,
ausgeschlafen,
schliefe aus,
schlafe aus,
schlaf aus,
schlaft aus,
haben,
fetzen,
fetze,
fetzt,
fetzt,
fetzte,
gefetzt,
fetzte,
fetz,
fetze,
fetzt,
haben,
sein,
kollabieren,
kollabiere,
kollabierst,
kollabiert,
kollabierte,
kollabiert,
kollabierte,
kollabier,
kollabiere,
kollabiert,
sein,
weiterleiten,
leite weiter,
leitest weiter,
leitet weiter,
leitete weiter,
weitergeleitet,
leitete weiter,
leite weiter,
leitet weiter,
haben,
beladen,
belade,
belädst,
belädt,
belud,
beladen,
belüde,
belad,
belade,
beladet,
haben,
niederlassen,
lasse nieder,
lässt nieder,
lässt nieder,
ließ nieder,
niedergelassen,
ließe nieder,
lass nieder,
lasse nieder,
lasst nieder,
haben,
abbauen,
baue ab,
baust ab,
baut ab,
baute ab,
abgebaut,
baute ab,
baue ab,
bauet ab,
haben,
vollziehen,
vollziehe,
vollziehst,
vollzieht,
vollzog,
vollzogen,
vollzöge,
vollziehe,
vollzieht,
haben,
bescheren,
beschere,
bescherst,
beschert,
bescherte,
beschert,
bescherte,
beschere,
beschert,
haben,
verseuchen,
verseuche,
verseuchst,
verseucht,
verseuchte,
verseucht,
verseuchte,
verseuch,
verseuche,
verseucht,
haben,
beibehalten,
behalte bei,
behältst bei,
behält bei,
behielt bei,
beibehalten,
behielte bei,
behalte bei,
behaltet bei,
haben,
überlisten,
überliste,
überlistest,
überlistet,
überlistete,
überlistet,
überlistete,
überliste,
überlistet,
haben,
vorschreiben,
schreibe vor,
schreibst vor,
schreibt vor,
schrieb vor,
vorgeschrieben,
schriebe vor,
schreib vor,
schreibe vor,
schreibt vor,
haben,
platzieren,
platziere,
platzierst,
platziert,
platzierte,
platziert,
platzierte,
platzier,
platziere,
platziert,
haben,
aufdrehen,
drehe auf,
drehst auf,
dreht auf,
drehte auf,
aufgedreht,
drehte auf,
dreh auf,
dreht auf,
haben,
kombinieren,
kombiniere,
kombinierst,
kombiniert,
kombinierte,
kombiniert,
kombinierte,
kombinier,
kombiniere,
kombiniert,
haben,
verkriechen,
verkrieche,
verkriechst,
verkriecht,
verkroch,
verkrochen,
verkröche,
verkriech,
verkrieche,
verkriecht,
haben,
ausreißen,
reiße aus,
reißt aus,
reißt aus,
riss aus,
ausgerissen,
risse aus,
reiß aus,
reiße aus,
reißt aus,
haben,
sein,
sausen,
sause,
saust,
saust,
sauste,
gesaust,
sauste,
sause,
saust,
haben,
sein,
melken,
melke,
melkst,
milkst,
melkt,
melkte,
molk,
gemolken,
gemelkt,
melkte,
mölke,
melk,
melke,
melkt,
haben,
spuken,
spuke,
spukst,
spukt,
spukte,
gespukt,
spukte,
spuk,
spuke,
spukt,
haben,
klicken,
klicke,
klickst,
klickt,
klickte,
geklickt,
klickte,
klick,
klicke,
klickt,
haben,
verkabeln,
verkabele,
verkabelst,
verkabelt,
verkabelte,
verkabelt,
verkabelte,
verkabel,
verkabele,
verkabelt,
haben,
modifizieren,
modifiziere,
modifizierst,
modifiziert,
modifizierte,
modifiziert,
modifizierte,
modifiziere,
modifizier,
modifiziert,
haben,
einschränken,
schränke ein,
schränkst ein,
schränkt ein,
schränkte ein,
eingeschränkt,
schränkte ein,
schränk ein,
schränke ein,
schränkt ein,
haben,
einschüchtern,
schüchtere ein,
schüchterst ein,
schüchtert ein,
schüchterte ein,
eingeschüchtert,
schüchterte ein,
schüchter ein,
schüchtere ein,
schüchtert ein,
haben,
fauchen,
fauche,
fauchst,
faucht,
fauchte,
gefaucht,
fauchte,
fauch,
faucht,
haben,
ausrotten,
rotte aus,
rottest aus,
rottet aus,
rottete aus,
ausgerottet,
rottete aus,
rotte aus,
rottet aus,
haben,
darren,
darre,
darrst,
darrt,
darrte,
gedarrt,
darrte,
darr,
darre,
darrt,
haben,
abstreiten,
streite ab,
streitest ab,
streitet ab,
stritt ab,
abgestritten,
stritte ab,
streite ab,
streitet ab,
haben,
dalassen,
lasse da,
lässt da,
lässt da,
ließ da,
dagelassen,
ließe da,
lass da,
lasse da,
lasst da,
haben,
verzehren,
verzehre,
verzehrst,
verzehrt,
verzehrte,
verzehrt,
verzehrte,
verzehre,
verzehr,
verzehrt,
haben,
kuscheln,
kuschle,
kuschele,
kuschelst,
kuschelt,
kuschelte,
gekuschelt,
kuschelte,
kuschle,
kuschele,
kuschelt,
haben,
bedrängen,
bedränge,
bedrängst,
bedrängt,
bedrängte,
bedrängt,
bedrängte,
bedränge,
bedrängt,
haben,
säen,
säe,
säst,
sät,
säte,
gesät,
säte,
sä,
säe,
sät,
säet,
haben,
konstruieren,
konstruiere,
konstruierst,
konstruiert,
konstruierte,
konstruiert,
konstruierte,
konstruiere,
konstruier,
konstruiert,
haben,
kiffen,
kiffe,
kiffst,
kifft,
kiffte,
gekifft,
kiffte,
kiffe,
kiff,
umstimmen,
stimme um,
stimmst um,
stimmt um,
stimmte um,
umgestimmt,
stimmte um,
stimm um,
stimme um,
stimmt um,
haben,
ansteigen,
steige an,
steigst an,
steigt an,
stieg an,
angestiegen,
stiege an,
steig an,
steige an,
steigt an,
sein,
auslegen,
lege aus,
legst aus,
legt aus,
legte aus,
ausgelegt,
legte aus,
leg aus,
lege aus,
legt aus,
haben,
briefen,
briefe,
briefst,
brieft,
briefte,
gebrieft,
briefte,
brief,
briefe,
brieft,
haben,
befallen,
befalle,
befällst,
befällt,
befiel,
befallen,
befiele,
befall,
befallt,
haben,
ausverkaufen,
verkaufe aus,
verkaufst aus,
verkauft aus,
verkaufte aus,
ausverkauft,
verkaufte aus,
verkauf aus,
verkaufe aus,
verkauft aus,
haben,
werben,
werbe,
wirbst,
wirbt,
warb,
geworben,
würbe,
wirb,
werbt,
haben,
ausarbeiten,
arbeite aus,
arbeitest aus,
arbeitet aus,
arbeitete aus,
ausgearbeitet,
arbeitete aus,
arbeit aus,
arbeite aus,
arbeitet aus,
haben,
anschlagen,
schlage an,
schlägst an,
schlägt an,
schlug an,
angeschlagen,
schlüge an,
schlag an,
schlagt an,
scheuen,
scheue,
scheust,
scheut,
scheute,
gescheut,
scheute,
scheue,
scheut,
scheuet,
haben,
jaulen,
jaule,
jaulst,
jault,
jaulte,
gejault,
jaulte,
jaule,
jault,
haben,
entfachen,
entfache,
entfachst,
entfacht,
entfachte,
entfacht,
entfachte,
entfache,
entfacht,
haben,
bereinigen,
bereinige,
bereinigst,
bereinigt,
bereinigte,
bereinigt,
bereinigte,
bereinig,
bereinige,
bereinigt,
haben,
kacken,
kacke,
kackst,
kackt,
kackte,
gekackt,
kackte,
kack,
kacke,
kackt,
haben,
begnadigen,
begnadige,
begnadigst,
begnadigt,
begnadigte,
begnadigt,
begnadigte,
begnadige,
begnadigt,
haben,
spiegeln,
spiegle,
spiegele,
spiegelst,
spiegelt,
spiegelte,
gespiegelt,
spiegelte,
spiegle,
spiegele,
spiegelt,
haben,
verkorksen,
verkorkse,
verkorkst,
verkorkst,
verkorkste,
verkorkst,
verkorkste,
verkorks,
verkorkse,
verkorkst,
haben,
lüften,
lüfte,
lüftest,
lüftet,
lüftete,
gelüftet,
lüftete,
lüfte,
lüftet,
haben,
flügeln,
flügle,
flügele,
flügelst,
flügelt,
flügelte,
geflügelt,
flügelte,
flügele,
flügle,
flügelt,
haben,
verschwimmen,
verschwimme,
verschwimmst,
verschwimmt,
verschwamm,
verschwommen,
verschwömme,
verschwämme,
verschwimme,
verschwimmt,
sein,
verkuppeln,
verkupple,
verkuppele,
verkuppelst,
verkuppelt,
verkuppelte,
verkuppelt,
verkuppelte,
verkupple,
verkuppele,
verkuppelt,
haben,
erlöschen,
erlösche,
erlischst,
erlischt,
erlosch,
erloschen,
erlösche,
erlisch,
erlöscht,
sein,
nachlassen,
lasse nach,
lässt nach,
lässt nach,
ließ nach,
nachgelassen,
ließe nach,
lasse nach,
lasst nach,
haben,
schnitzen,
schnitze,
schnitzt,
schnitzt,
schnitzte,
geschnitzt,
schnitzte,
schnitz,
schnitze,
schnitzt,
haben,
abhacken,
hacke ab,
hackst ab,
hackt ab,
hackte ab,
abgehackt,
hackte ab,
hacke ab,
hack ab,
hackt ab,
haben,
krümmen,
krümme,
krümmst,
krümmt,
krümmte,
gekrümmt,
krümmte,
krümm,
krümme,
krümmt,
haben,
anfreunden,
freunde an,
freundest an,
freundet an,
freundete an,
angefreundet,
freundete an,
freunde an,
freundet an,
haben,
erzwingen,
erzwinge,
erzwingst,
erzwingt,
erzwang,
erzwungen,
erzwänge,
erzwinge,
erzwing,
erzwingt,
haben,
gutachten,
gutachte,
gutachtest,
gutachtet,
gutachtete,
gegutachtet,
gutachtete,
gutachte,
gutachtet,
haben,
anbauen,
baue an,
baust an,
baut an,
baute an,
angebaut,
baute an,
baue an,
baut an,
haben,
zimmern,
zimmere,
zimmerst,
zimmert,
zimmerte,
gezimmert,
zimmerte,
zimmere,
zimmer,
zimmert,
haben,
bemitleiden,
bemitleide,
bemitleidest,
bemitleidet,
bemitleidete,
bemitleidet,
bemitleidete,
bemitleide,
bemitleidet,
haben,
einwickeln,
wickle ein,
wickelst ein,
wickelt ein,
wickelte ein,
eingewickelt,
wickelte ein,
wickle ein,
wickelt ein,
haben,
knutschen,
knutsche,
knutschst,
knutscht,
knutscht,
knutschte,
geknutscht,
knutschte,
knutsche,
knutsch,
knutscht,
haben,
buben,
bube,
bubst,
bubt,
bubte,
gebubt,
bubte,
bub,
bube,
bubt,
haben,
karren,
karre,
karrst,
karrt,
karrte,
gekarrt,
karrte,
karr,
karrt,
haben,
herrichten,
richte her,
richtest her,
richtet her,
richtete her,
hergerichtet,
richtete her,
richt her,
richte her,
richtet her,
haben,
dröhnen,
dröhne,
dröhnst,
dröhnt,
dröhnte,
gedröhnt,
dröhnte,
dröhn,
dröhne,
dröhnt,
haben,
eingestehen,
gestehe ein,
gestehst ein,
gesteht ein,
gestand ein,
eingestanden,
gestände ein,
gestünde ein,
gesteh ein,
gestehe ein,
gesteht ein,
haben,
überschätzen,
überschätze,
überschätzt,
überschätzt,
überschätzte,
überschätzt,
überschätzte,
überschätze,
überschätz,
überschätzt,
haben,
ermüden,
ermüde,
ermüdest,
ermüdet,
ermüdete,
ermüdet,
ermüdete,
ermüde,
ermüdet,
haben,
sein,
ausatmen,
atme aus,
atmest aus,
atmet aus,
atmete aus,
ausgeatmet,
atmete aus,
atme aus,
atmet aus,
haben,
verschlechtern,
verschlechtere,
verschlechterst,
verschlechtert,
verschlechterte,
verschlechtert,
verschlechterte,
verschlechter,
verschlechtere,
verschlechtert,
haben,
handhaben,
handhabe,
handhabst,
handhabt,
handhabte,
gehandhabt,
handhabte,
handhabe,
handhabt,
haben,
verbittern,
verbittere,
verbitterst,
verbittert,
verbitterte,
verbittert,
verbitterte,
verbitter,
verbittere,
verbittert,
haben,
sein,
plädieren,
plädiere,
plädierst,
plädiert,
plädierte,
plädiert,
plädierte,
plädiere,
plädier,
plädiert,
haben,
eingrenzen,
grenze ein,
grenzt ein,
grenzt ein,
grenzte ein,
eingegrenzt,
grenzte ein,
grenz ein,
grenze ein,
grenzt ein,
haben,
anregen,
rege an,
regst an,
regt an,
regte an,
angeregt,
regte an,
reg an,
rege an,
regt an,
haben,
empören,
empöre,
empörst,
empört,
empörte,
empört,
empörte,
empöre,
empört,
haben,
verschleiern,
verschleiere,
verschleierst,
verschleiert,
verschleierte,
verschleiert,
verschleierte,
verschleiere,
verschleiert,
haben,
japsen,
japse,
japst,
japst,
japste,
gejapst,
japste,
japs,
japse,
japst,
haben,
lasten,
laste,
lastest,
lastet,
lastete,
gelastet,
lastete,
last,
laste,
lastet,
haben,
mangeln,
mangle,
mangele,
mangelst,
mangelt,
mangelte,
gemangelt,
mangelte,
mangle,
mangele,
mangelt,
haben,
erstarren,
erstarre,
erstarrst,
erstarrt,
erstarrte,
erstarrt,
erstarrte,
erstarr,
erstarrt,
sein,
einbeziehen,
beziehe ein,
beziehst ein,
bezieht ein,
bezog ein,
einbezogen,
bezöge ein,
beziehe ein,
bezieht ein,
beziehet ein,
haben,
absorbieren,
absorbiere,
absorbierst,
absorbiert,
absorbierte,
absorbiert,
absorbierte,
absorbiere,
absorbier,
absorbiert,
haben,
übersteigen,
übersteige,
übersteigst,
übersteigt,
überstieg,
überstiegen,
überstiege,
übersteig,
übersteige,
übersteigt,
haben,
absprechen,
spreche ab,
sprichst ab,
spricht ab,
sprach ab,
abgesprochen,
spräche ab,
sprich ab,
sprecht ab,
haben,
abbringen,
bringe ab,
bringst ab,
bringt ab,
brachte ab,
abgebracht,
brächte ab,
bring ab,
bringe ab,
bringt ab,
haben,
auslaufen,
laufe aus,
läufst aus,
läuft aus,
lief aus,
ausgelaufen,
liefe aus,
lauf aus,
laufe aus,
lauft aus,
sein,
applaudieren,
applaudiere,
applaudierst,
applaudiert,
applaudierte,
applaudiert,
applaudierte,
applaudiere,
applaudier,
applaudiert,
haben,
konfiszieren,
konfisziere,
konfiszierst,
konfisziert,
konfiszierte,
konfisziert,
konfiszierte,
konfiszier,
konfisziere,
konfisziert,
haben,
stattgeben,
gebe statt,
gibst statt,
gibt statt,
gab statt,
stattgegeben,
gäbe statt,
gib statt,
gebt statt,
haben,
durchlaufen,
laufe durch,
läufst durch,
läuft durch,
lief durch,
durchgelaufen,
liefe durch,
lauf durch,
lauft durch,
sein,
belehren,
belehre,
belehrst,
belehrt,
belehrte,
belehrt,
belehrte,
belehr,
belehre,
belehrt,
haben,
erbrechen,
erbreche,
erbrichst,
erbricht,
erbrach,
erbrochen,
erbräche,
erbrich,
erbrecht,
haben,
einschreiben,
schreibe ein,
schreibst ein,
schreibt ein,
schrieb ein,
eingeschrieben,
schriebe ein,
schreib ein,
schreibe ein,
schreibt ein,
haben,
drankriegen,
kriege dran,
kriegst dran,
kriegt dran,
kriegte dran,
drangekriegt,
kriegte dran,
krieg dran,
kriegt dran,
haben,
bügeln,
bügle,
bügele,
bügelst,
bügelt,
bügelte,
gebügelt,
bügelte,
bügle,
bügele,
bügelt,
haben,
vergewissern,
vergewissere,
vergewisserst,
vergewissert,
vergewisserte,
vergewissert,
vergewisserte,
vergewissere,
vergewissert,
haben,
verwirklichen,
verwirkliche,
verwirklichst,
verwirklicht,
verwirklichte,
verwirklicht,
verwirklichte,
verwirklich,
verwirkliche,
verwirklicht,
haben,
begründen,
begründe,
begründest,
begründet,
begründete,
begründet,
begründete,
begründe,
begründet,
haben,
weilen,
weile,
weilst,
weilt,
weilte,
geweilt,
weilte,
weil,
weile,
weilt,
haben,
nachforschen,
forsche nach,
forschst nach,
forscht nach,
forschte nach,
nachgeforscht,
forschte nach,
forsche nach,
forsch nach,
forscht nach,
haben,
spekulieren,
spekuliere,
spekulierst,
spekuliert,
spekulierte,
spekuliert,
spekulierte,
spekulier,
spekuliere,
spekuliert,
haben,
schrubben,
schrubbe,
schrubbst,
schrubbt,
schrubbte,
geschrubbt,
schrubbte,
schrubb,
schrubbe,
schrubbt,
haben,
verwetten,
verwette,
verwettest,
verwettet,
verwettete,
verwettet,
verwettete,
verwett,
verwette,
verwettet,
haben,
totschlagen,
schlage tot,
schlägst tot,
schlägt tot,
schlug tot,
totgeschlagen,
schlüge tot,
schlag tot,
schlage tot,
schlagt tot,
haben,
verwehren,
verwehre,
verwehrst,
verwehrt,
verwehrte,
verwehrt,
verwehrte,
verwehr,
verwehre,
verwehrt,
haben,
anlassen,
lasse an,
lässt an,
lässt an,
ließ an,
angelassen,
ließe an,
lass an,
lasse an,
lasst an,
haben,
gesellen,
geselle,
gesellst,
gesellt,
gesellte,
gesellt,
gesellte,
gesell,
geselle,
gesellt,
haben,
plätschern,
plätschere,
plätscherst,
plätschert,
plätscherte,
geplätschert,
plätscherte,
plätschere,
plätschert,
sein,
haben,
ausbeuten,
beute aus,
beutest aus,
beutet aus,
beutete aus,
ausgebeutet,
beutete aus,
beute aus,
beutet aus,
haben,
befunden,
befunde,
befundest,
befundet,
befundete,
befundet,
befundete,
befund,
befunde,
befundet,
haben,
zutreffen,
trifft zu,
traf zu,
zugetroffen,
träfe zu,
haben,
besichtigen,
besichtige,
besichtigst,
besichtigt,
besichtigte,
besichtigt,
besichtigte,
besichtige,
besichtigt,
haben,
zelten,
zelte,
zeltest,
zeltet,
zeltete,
gezeltet,
zeltete,
zelte,
zeltet,
haben,
koordinieren,
koordiniere,
koordinierst,
koordiniert,
koordinierte,
koordiniert,
koordinierte,
koordiniere,
koordinier,
koordiniert,
haben,
flattern,
flattere,
flatterst,
flattert,
flatterte,
geflattert,
flatterte,
flattere,
flattert,
haben,
veräppeln,
veräppele,
veräpple,
veräppelst,
veräppelt,
veräppelte,
veräppelt,
veräppelte,
veräppele,
veräppelt,
haben,
verschlimmern,
verschlimmere,
verschlimmerst,
verschlimmert,
verschlimmerte,
verschlimmert,
verschlimmerte,
verschlimmere,
verschlimmer,
verschlimmert,
haben,
abtrennen,
trenne ab,
trennst ab,
trennt ab,
trennte ab,
abgetrennt,
trennte ab,
trenn ab,
trenne ab,
trennt ab,
haben,
verdauen,
verdaue,
verdaust,
verdaut,
verdaute,
verdaut,
verdaute,
verdaue,
verdaut,
haben,
distanzieren,
distanziere,
distanzierst,
distanziert,
distanzierte,
distanziert,
distanzierte,
distanzier,
distanziere,
distanziert,
haben,
zurückschicken,
schicke zurück,
schickst zurück,
schickt zurück,
schickte zurück,
zurückgeschickt,
schickte zurück,
schicke zurück,
schickt zurück,
haben,
zusammenreißen,
reiße zusammen,
reißt zusammen,
reißt zusammen,
riss zusammen,
zusammengerissen,
risse zusammen,
reiß zusammen,
reißt zusammen,
haben,
erlernen,
erlerne,
erlernst,
erlernt,
erlernte,
erlernt,
erlernte,
erlern,
erlerne,
erlernt,
haben,
überfluten,
überflute,
überflutest,
überflutet,
überflutete,
überflutet,
überflutete,
überflute,
überflutet,
überlasten,
überlaste,
überlastest,
überlastet,
überlastete,
überlastet,
überlastete,
überlast,
überlaste,
überlastet,
haben,
interviewen,
interviewe,
interviewst,
interviewt,
interviewte,
interviewt,
interviewte,
interview,
interviewe,
interviewt,
haben,
schnauben,
schnaube,
schnaubst,
schnaubt,
schnaubte,
geschnaubt,
schnaubte,
schnaub,
schnaube,
schnaubt,
haben,
durchtrennen,
durchtrenne,
durchtrennst,
durchtrennt,
durchtrennte,
durchtrennt,
durchtrennte,
durchtrenne,
durchtrennt,
haben,
abrechnen,
rechne ab,
rechnest ab,
rechnet ab,
rechnete ab,
abgerechnet,
rechnete ab,
rechne ab,
rechnet ab,
haben,
aufheitern,
heitere auf,
heiterst auf,
heitert auf,
heiterte auf,
aufgeheitert,
heiterte auf,
heiter auf,
heitere auf,
heitert auf,
haben,
zerstreuen,
zerstreue,
zerstreust,
zerstreut,
zerstreute,
zerstreut,
zerstreute,
zerstreue,
zerstreut,
haben,
hochheben,
hebe hoch,
hebst hoch,
hebt hoch,
hob hoch,
hochgehoben,
höbe hoch,
heb hoch,
hebe hoch,
hebt hoch,
haben,
nachvollziehen,
vollziehe nach,
vollziehst nach,
vollzieht nach,
vollzog nach,
nachvollzogen,
vollzöge nach,
vollziehe nach,
vollzieht nach,
vollziehet nach,
haben,
zutrauen,
traue zu,
traust zu,
traut zu,
traute zu,
zugetraut,
traute zu,
trau zu,
traut zu,
haben,
zuweisen,
weise zu,
weist zu,
weist zu,
wies zu,
zugewiesen,
wiese zu,
weis zu,
weist zu,
haben,
abfallen,
falle ab,
fällst ab,
fällt ab,
fiel ab,
abgefallen,
fiele ab,
fall ab,
falle ab,
fallt ab,
sein,
vermöbeln,
vermöble,
vermöbele,
vermöbelst,
vermöbelt,
vermöbelte,
vermöbelt,
vermöbelte,
vermöble,
vermöbele,
vermöbelt,
haben,
kapitulieren,
kapituliere,
kapitulierst,
kapituliert,
kapitulierte,
kapituliert,
kapitulierte,
kapitulier,
kapituliere,
kapituliert,
haben,
entbinden,
entbinde,
entbindest,
entbindet,
entband,
entbunden,
entbände,
entbind,
entbinde,
entbindet,
haben,
fortführen,
führe fort,
führst fort,
führt fort,
führte fort,
fortgeführt,
führte fort,
führ fort,
führe fort,
führt fort,
haben,
kommandieren,
kommandiere,
kommandierst,
kommandiert,
kommandierte,
kommandiert,
kommandierte,
kommandiere,
kommandier,
kommandiert,
haben,
wackeln,
wackle,
wackele,
wackelst,
wackelt,
wackelte,
gewackelt,
wackelte,
wackele,
wackle,
wackelt,
haben,
interpretieren,
interpretiere,
interpretierst,
interpretiert,
interpretierte,
interpretiert,
interpretierte,
interpretiere,
interpretier,
interpretiert,
haben,
verfaulen,
verfaule,
verfaulst,
verfault,
verfaulte,
verfault,
verfaulte,
verfaul,
verfaule,
verfault,
sein,
durchleben,
durchlebe,
durchlebst,
durchlebt,
durchlebte,
durchlebt,
durchlebte,
durchleb,
durchlebe,
durchlebt,
haben,
exekutieren,
exekutiere,
exekutierst,
exekutiert,
exekutierte,
exekutiert,
exekutierte,
exekutiere,
exekutier,
exekutiert,
haben,
vertagen,
vertage,
vertagst,
vertagt,
vertagte,
vertagt,
vertagte,
vertag,
vertage,
vertagt,
haben,
ticken,
ticke,
tickst,
tickt,
tickte,
getickt,
tickte,
tick,
ticke,
tickt,
haben,
infiltrieren,
infiltriere,
infiltrierst,
infiltriert,
infiltrierte,
infiltriert,
infiltrierte,
infiltriere,
infiltrier,
infiltriert,
haben,
brüsten,
brüste,
brüstest,
brüstet,
brüstete,
gebrüstet,
brüstete,
brüst,
brüste,
brüstet,
haben,
wegschmeißen,
schmeiße weg,
schmeißt weg,
schmeißt weg,
schmiss weg,
weggeschmissen,
schmisse weg,
schmeiß weg,
schmeißt weg,
haben,
einklemmen,
klemme ein,
klemmst ein,
klemmt ein,
klemmte ein,
eingeklemmt,
klemmte ein,
klemm ein,
klemme ein,
klemmt ein,
haben,
röntgen,
röntge,
röntgst,
röntgt,
röntgte,
geröntgt,
röntgte,
röntge,
röntgt,
haben,
zusammenziehen,
ziehe zusammen,
ziehst zusammen,
zieht zusammen,
zog zusammen,
zusammengezogen,
zöge zusammen,
ziehe zusammen,
zieht zusammen,
haben,
sein,
vortragen,
trage vor,
trägst vor,
trägt vor,
trug vor,
vorgetragen,
trüge vor,
trage vor,
tragt vor,
haben,
bewohnen,
bewohne,
bewohnst,
bewohnt,
bewohnte,
bewohnt,
bewohnte,
bewohne,
bewohnt,
haben,
bürgen,
bürge,
bürgst,
bürgt,
bürgte,
gebürgt,
bürgte,
bürge,
bürgt,
haben,
bahnen,
bahne,
bahnst,
bahnt,
bahnte,
gebahnt,
bahnte,
bahne,
bahnt,
haben,
rascheln,
raschele,
raschelst,
raschelt,
raschelte,
geraschelt,
raschelte,
raschel,
raschele,
raschelt,
haben,
untergraben,
untergrabe,
untergräbst,
untergräbt,
untergrub,
untergraben,
untergrübe,
untergrab,
untergrabe,
untergrabt,
haben,
anzapfen,
zapfe an,
zapfst an,
zapft an,
zapfte an,
angezapft,
zapfte an,
zapf an,
zapfe an,
zapft an,
haben,
schwinden,
schwinde,
schwindest,
schwindet,
schwand,
geschwunden,
schwände,
schwinde,
schwindet,
sein,
hinterfragen,
hinterfrage,
hinterfragst,
hinterfragt,
hinterfragte,
hinterfragt,
hinterfragte,
hinterfrag,
hinterfrage,
hinterfragt,
haben,
streuen,
streue,
streust,
streut,
streute,
gestreut,
streute,
streue,
streut,
haben,
duzen,
duze,
duzt,
duzt,
duzte,
geduzt,
duzte,
duze,
duz,
duzt,
haben,
schmollen,
schmolle,
schmollst,
schmollt,
schmollte,
geschmollt,
schmollte,
schmolle,
schmollt,
haben,
mutieren,
mutiere,
mutierst,
mutiert,
mutierte,
mutiert,
mutierte,
mutier,
mutiere,
mutiert,
haben,
hypnotisieren,
hypnotisiere,
hypnotisierst,
hypnotisiert,
hypnotisierte,
hypnotisiert,
hypnotisierte,
hypnotisiere,
hypnotisier,
hypnotisiert,
haben,
voraussagen,
sage voraus,
sagst voraus,
sagt voraus,
sagte voraus,
vorausgesagt,
sagte voraus,
sag voraus,
sage voraus,
sagt voraus,
haben,
stimulieren,
stimuliere,
stimulierst,
stimuliert,
stimulierte,
stimuliert,
stimulierte,
stimulier,
stimuliere,
stimuliert,
haben,
verstellen,
verstelle,
verstellst,
verstellt,
verstellte,
verstellt,
verstellte,
verstell,
verstelle,
verstellt,
haben,
verschleppen,
verschleppe,
verschleppst,
verschleppt,
verschleppte,
verschleppt,
verschleppte,
verschleppe,
verschleppt,
haben,
belauschen,
belausche,
belauschst,
belauscht,
belauscht,
belauschte,
belauscht,
belauschte,
belausche,
belauscht,
haben,
nachmachen,
mache nach,
machst nach,
macht nach,
machte nach,
nachgemacht,
machte nach,
mach nach,
mache nach,
macht nach,
haben,
spulen,
spule,
spulst,
spult,
spulte,
gespult,
spulte,
spul,
spule,
spult,
haben,
erläutern,
erläutere,
erläuterst,
erläutert,
erläuterte,
erläutert,
erläuterte,
erläutere,
erläuter,
erläutert,
haben,
abführen,
führe ab,
führst ab,
führt ab,
führte ab,
abgeführt,
führte ab,
führ ab,
führe ab,
führt ab,
haben,
anprobieren,
probiere an,
probierst an,
probiert an,
probierte an,
anprobiert,
probierte an,
probier an,
probiere an,
probiert an,
haben,
inspizieren,
inspiziere,
inspizierst,
inspiziert,
inspizierte,
inspiziert,
inspizierte,
inspizier,
inspiziere,
inspiziert,
haben,
werten,
werte,
wertest,
wertet,
wertete,
gewertet,
wertete,
werte,
wertet,
haben,
erkranken,
erkranke,
erkrankst,
erkrankt,
erkrankte,
erkrankt,
erkrankte,
erkrank,
erkranke,
erkrankt,
sein,
ducken,
ducke,
duckst,
duckt,
duckte,
geduckt,
duckte,
duck,
ducke,
duckt,
haben,
bewilligen,
bewillige,
bewilligst,
bewilligt,
bewilligte,
bewilligt,
bewilligte,
bewillige,
bewilligt,
haben,
verkrampfen,
verkrampfe,
verkrampfst,
verkrampft,
verkrampfte,
verkrampft,
verkrampfte,
verkrampf,
verkrampfe,
verkrampft,
haben,
knistern,
knistere,
knisterst,
knistert,
knisterte,
geknistert,
knisterte,
knistere,
knister,
knistert,
haben,
erfrieren,
erfriere,
erfrierst,
erfriert,
erfror,
erfroren,
erfröre,
erfrier,
erfriere,
erfriert,
sein,
campen,
campe,
campst,
campt,
campte,
gecampt,
campte,
camp,
campt,
haben,
hochkommen,
komme hoch,
kommst hoch,
kommt hoch,
kam hoch,
hochgekommen,
käme hoch,
komm hoch,
komme hoch,
kommt hoch,
sein,
anbeten,
bete an,
betest an,
betet an,
betete an,
angebetet,
betete an,
bete an,
betet an,
haben,
abtreiben,
treibe ab,
treibst ab,
treibt ab,
trieb ab,
abgetrieben,
triebe ab,
treibe ab,
treibt ab,
haben,
sein,
verschmelzen,
verschmelze,
verschmilzt,
verschmilzt,
verschmolz,
verschmolzen,
verschmölze,
verschmilz,
verschmelzt,
sein,
haben,
masturbieren,
masturbiere,
masturbierst,
masturbiert,
masturbierte,
masturbiert,
masturbierte,
masturbiere,
masturbier,
masturbiert,
haben,
verspeisen,
verspeise,
verspeist,
verspeist,
verspeiste,
verspeist,
verspeiste,
verspeis,
verspeise,
verspeist,
haben,
diagnostizieren,
diagnostiziere,
diagnostizierst,
diagnostiziert,
diagnostizierte,
diagnostiziert,
diagnostizierte,
diagnostiziere,
diagnostizier,
diagnostiziert,
haben,
rekonstruieren,
rekonstruiere,
rekonstruierst,
rekonstruiert,
rekonstruierte,
rekonstruiert,
rekonstruierte,
rekonstruiere,
rekonstruier,
rekonstruiert,
haben,
durchkämmen,
kämme durch,
kämmst durch,
kämmt durch,
kämmte durch,
durchgekämmt,
kämmte durch,
kämm durch,
kämme durch,
kämmt durch,
haben,
gedeihen,
gedeihe,
gedeihst,
gedeiht,
gedieh,
gediehen,
gediehe,
gedeihe,
gedeih,
gedeiht,
sein,
zähmen,
zähme,
zähmst,
zähmt,
zähmte,
gezähmt,
zähmte,
zähme,
zähmt,
haben,
ausrüsten,
rüste aus,
rüstest aus,
rüstet aus,
rüstete aus,
ausgerüstet,
rüstete aus,
rüste aus,
rüstet aus,
haben,
vermachen,
vermache,
vermachst,
vermacht,
vermachte,
vermacht,
vermachte,
vermach,
vermache,
vermacht,
haben,
mixen,
mixe,
mixt,
mixt,
mixte,
gemixt,
mixte,
mix,
mixe,
mixt,
haben,
belangen,
belange,
belangst,
belangt,
belangte,
belangt,
belangte,
belange,
belangt,
haben,
heizen,
heize,
heizt,
heizt,
heizte,
geheizt,
heizte,
heiz,
heize,
heizt,
haben,
sein,
babysitten,
babysitte,
babysittest,
babysittet,
babysittete,
gebabysittet,
babygesittet,
babysittete,
babysitte,
babysittet,
haben,
quetschen,
quetsche,
quetschst,
quetscht,
quetscht,
quetschte,
gequetscht,
quetschte,
quetsch,
quetsche,
quetscht,
haben,
verunsichern,
verunsichere,
verunsicherst,
verunsichert,
verunsicherte,
verunsichert,
verunsicherte,
verunsichere,
verunsichert,
haben,
rütteln,
rüttle,
rüttele,
rüttelst,
rüttelt,
rüttelte,
gerüttelt,
rüttelte,
rüttle,
rüttele,
rüttelt,
haben,
verrichten,
verrichte,
verrichtest,
verrichtet,
verrichtete,
verrichtet,
verrichtete,
verrichte,
verrichtet,
haben,
einschleusen,
schleuse ein,
schleust ein,
schleust ein,
schleuste ein,
eingeschleust,
schleuste ein,
schleus ein,
schleuse ein,
schleust ein,
haben,
kultivieren,
kultiviere,
kultivierst,
kultiviert,
kultivierte,
kultiviert,
kultivierte,
kultivier,
kultiviere,
kultiviert,
haben,
bestürzen,
bestürze,
bestürzt,
bestürzt,
bestürzte,
bestürzt,
bestürzte,
bestürz,
bestürze,
bestürzt,
haben,
zerstückeln,
zerstückele,
zerstückle,
zerstückelst,
zerstückelt,
zerstückelte,
zerstückelt,
zerstückelte,
zerstückele,
zerstückle,
zerstückelt,
haben,
verdrücken,
verdrücke,
verdrückst,
verdrückt,
verdrückte,
verdrückt,
verdrückte,
verdrück,
verdrücke,
verdrückt,
haben,
dokumentieren,
dokumentiere,
dokumentierst,
dokumentiert,
dokumentierte,
dokumentiert,
dokumentierte,
dokumentier,
dokumentiere,
dokumentiert,
haben,
reinwaschen,
wasche rein,
wäschst rein,
wäscht rein,
wäscht rein,
wusch rein,
reingewaschen,
wüsche rein,
wasch rein,
wasche rein,
wascht rein,
haben,
verhängen,
verhänge,
verhängst,
verhängt,
verhängte,
verhängt,
verhängte,
verhäng,
verhänge,
verhängt,
haben,
weglassen,
lasse weg,
lässt weg,
lässt weg,
ließ weg,
weggelassen,
ließe weg,
lass weg,
lasse weg,
lasst weg,
haben,
umkippen,
kippe um,
kippst um,
kippt um,
kippte um,
umgekippt,
kippte um,
kipp um,
kippe um,
kippt um,
sein,
haben,
beschneiden,
beschneide,
beschneidest,
beschneidet,
beschnitt,
beschnitten,
beschnitte,
beschneide,
beschneidet,
haben,
anschalten,
schalte an,
schaltest an,
schaltet an,
schaltete an,
angeschaltet,
schaltete an,
schalt an,
schalte an,
schaltet an,
haben,
tappen,
tappe,
tappst,
tappt,
tappte,
getappt,
tappte,
tappe,
tappt,
haben,
sein,
kreuzigen,
kreuzige,
kreuzigst,
kreuzigt,
kreuzigte,
gekreuzigt,
kreuzigte,
kreuzig,
kreuzige,
kreuzigt,
haben,
verschrecken,
verschrecke,
verschreckst,
verschreckt,
verschreckte,
verschreckt,
verschreckte,
verschreck,
verschrecke,
verschreckt,
haben,
funkeln,
funkle,
funkele,
funkelst,
funkelt,
funkelte,
gefunkelt,
funkelte,
funkle,
funkele,
funkelt,
assistieren,
assistiere,
assistierst,
assistiert,
assistierte,
assistiert,
assistierte,
assistier,
assistiere,
assistiert,
haben,
gewährleisten,
gewährleiste,
gewährleistest,
gewährleistet,
gewährleistete,
gewährleistet,
gewährleistete,
gewährleist,
gewährleiste,
gewährleistet,
haben,
komponieren,
komponiere,
komponierst,
komponiert,
komponierte,
komponiert,
komponierte,
komponiere,
komponier,
komponiert,
haben,
entehren,
entehre,
entehrst,
entehrt,
entehrte,
entehrt,
entehrte,
entehr,
entehre,
entehrtet,
haben,
umwandeln,
wandle um,
wandelst um,
wandelt um,
wandelte um,
umgewandelt,
wandelte um,
wandle um,
wandelt um,
haben,
nachsitzen,
sitze nach,
sitzt nach,
sitzt nach,
saß nach,
nachgesessen,
säße nach,
sitz nach,
sitze nach,
sitzt nach,
haben,
erträumen,
erträume,
erträumst,
erträumt,
erträumte,
erträumt,
erträumte,
erträum,
erträume,
erträumt,
haben,
diktieren,
diktiere,
diktierst,
diktiert,
diktierte,
diktiert,
diktierte,
diktiere,
diktier,
diktiert,
haben,
zerschneiden,
zerschneide,
zerschneidest,
zerschneidet,
zerschnitt,
zerschnitten,
zerschnitte,
zerschneide,
zerschneidet,
haben,
abbeißen,
beiße ab,
beißt ab,
beißt ab,
biss ab,
abgebissen,
bisse ab,
beiß ab,
beißt ab,
haben,
hervorbringen,
bringe hervor,
bringst hervor,
bringt hervor,
brachte hervor,
hervorgebracht,
brächte hervor,
bring hervor,
bringe hervor,
bringt hervor,
haben,
vorladen,
lade vor,
lädst vor,
lädt vor,
lud vor,
vorgeladen,
lüde vor,
lade vor,
ladet vor,
haben,
impfen,
impfe,
impfst,
impft,
impfte,
geimpft,
impfte,
impfe,
impft,
haben,
verduften,
verdufte,
verduftest,
verduftet,
verduftete,
verduftet,
verduftete,
verduft,
verdufte,
verduftet,
sein,
dekorieren,
dekoriere,
dekorierst,
dekoriert,
dekorierte,
dekoriert,
dekorierte,
dekorier,
dekoriere,
dekoriert,
haben,
herausholen,
hole heraus,
holst heraus,
holt heraus,
holte heraus,
herausgeholt,
holte heraus,
hol heraus,
hole heraus,
holt heraus,
haben,
abschieben,
schiebe ab,
schiebst ab,
schiebt ab,
schob ab,
abgeschoben,
schöbe ab,
schiebe ab,
schiebt ab,
haben,
patschen,
patsche,
patschst,
patscht,
patschte,
gepatscht,
patschte,
patsch,
patsche,
patscht,
haben,
sein,
verkörpern,
verkörpere,
verkörperst,
verkörpert,
verkörperte,
verkörpert,
verkörperte,
verkörper,
verkörpere,
verkörpert,
haben,
ankämpfen,
kämpfe an,
kämpfst an,
kämpft an,
kämpfte an,
angekämpft,
kämpfte an,
kämpf an,
kämpfe an,
kämpft an,
haben,
schildern,
schildere,
schilderst,
schildert,
schilderte,
geschildert,
schilderte,
schildere,
schildert,
haben,
würfeln,
würfle,
würfele,
würfelst,
würfelt,
würfelte,
gewürfelt,
würfelte,
würfle,
würfele,
würfelt,
haben,
enttarnen,
enttarne,
enttarnst,
enttarnt,
enttarnte,
enttarnt,
enttarnte,
enttarne,
enttarnt,
haben,
postieren,
postiere,
postierst,
postiert,
postierte,
postiert,
postierte,
postier,
postiere,
postiert,
haben,
anschaffen,
schaffe an,
schaffst an,
schafft an,
schaffte an,
angeschafft,
schaffte an,
schaff an,
schaffe an,
schafft an,
haben,
einteilen,
teile ein,
teilst ein,
teilt ein,
teilte ein,
eingeteilt,
teilte ein,
teil ein,
teile ein,
teilt ein,
haben,
austreten,
trete aus,
trittst aus,
tritt aus,
trat aus,
ausgetreten,
träte aus,
tritt aus,
tretet aus,
sein,
haben,
teilhaben,
habe teil,
hast teil,
hat teil,
hatte teil,
teilgehabt,
hätte teil,
hab teil,
habe teil,
habt teil,
haben,
blitzen,
blitze,
blitzt,
blitzt,
blitzte,
geblitzt,
blitzte,
blitze,
blitzt,
haben,
entreißen,
entreiße,
entreißt,
entreißt,
entriss,
entrissen,
entrisse,
entreiß,
entreiße,
entreißt,
haben,
verschwitzen,
verschwitze,
verschwitzt,
verschwitzt,
verschwitzte,
verschwitzt,
verschwitzte,
verschwitze,
verschwitzt,
haben,
sein,
revanchieren,
revanchiere,
revanchierst,
revanchiert,
revanchierte,
revanchiert,
revanchierte,
revanchiere,
revanchier,
revanchiert,
haben,
trüben,
trübe,
trübst,
trübt,
trübte,
getrübt,
trübte,
trübe,
trübt,
haben,
beiwohnen,
wohne bei,
wohnst bei,
wohnt bei,
wohnte bei,
beigewohnt,
wohnte bei,
wohn bei,
wohne bei,
wohnt bei,
haben,
verzeichnen,
verzeichne,
verzeichnest,
verzeichnet,
verzeichnete,
verzeichnet,
verzeichnete,
verzeichne,
verzeichnet,
haben,
verscheuchen,
verscheuche,
verscheuchst,
verscheucht,
verscheuchte,
verscheucht,
verscheuchte,
verscheuch,
verscheuche,
verscheucht,
haben,
ängstigen,
ängstige,
ängstigst,
ängstigt,
ängstigte,
geängstigt,
ängstigte,
ängstige,
ängstigt,
haben,
betrüben,
betrübe,
betrübst,
betrübt,
betrübte,
betrübt,
betrübte,
betrübe,
betrübt,
haben,
gähnen,
gähne,
gähnst,
gähnt,
gähnte,
gegähnt,
gähnte,
gähne,
gähnt,
haben,
miterleben,
erlebe mit,
erlebst mit,
erlebt mit,
erlebte mit,
miterlebt,
erlebte mit,
erleb mit,
erlebe mit,
erlebt mit,
haben,
wittern,
wittere,
witterst,
wittert,
witterte,
gewittert,
witterte,
wittere,
wittert,
haben,
brocken,
brocke,
brockst,
brockt,
brockte,
gebrockt,
brockte,
brocke,
brock,
brockt,
haben,
drängeln,
drängle,
drängele,
drängelst,
drängelt,
drängelte,
gedrängelt,
drängelte,
drängle,
drängel,
drängelt,
haben,
rädern,
rädere,
räderst,
rädert,
räderte,
gerädert,
räderte,
räder,
rädre,
rädert,
haben,
dehnen,
dehne,
dehnst,
dehnt,
dehnte,
gedehnt,
dehnte,
dehn,
dehnt,
haben,
krönen,
kröne,
krönst,
krönt,
krönte,
gekrönt,
krönte,
kröne,
krön,
krönt,
haben,
sprühen,
sprühe,
sprühst,
sprüht,
sprühte,
gesprüht,
sprühte,
sprüh,
sprüht,
haben,
sonnen,
sonne,
sonnst,
sonnt,
sonnte,
gesonnt,
sonnte,
sonn,
sonnt,
haben,
rauen,
raue,
raust,
raut,
raute,
geraut,
raute,
raue,
raut,
haben,
fokussieren,
fokussiere,
fokussierst,
fokussiert,
fokussierte,
fokussiert,
fokussierte,
fokussiere,
fokussier,
fokussiert,
haben,
einfügen,
füge ein,
fügst ein,
fügt ein,
fügte ein,
eingefügt,
fügte ein,
füg ein,
füge ein,
fügt ein,
haben,
anmerken,
merke an,
merkst an,
merkt an,
merkte an,
angemerkt,
merkte an,
merk an,
merke an,
merkt an,
haben,
voraussehen,
sehe voraus,
siehst voraus,
sieht voraus,
sah voraus,
vorausgesehen,
sähe voraus,
sieh voraus,
siehe voraus,
seht voraus,
haben,
enthaupten,
enthaupte,
enthauptest,
enthauptet,
enthauptete,
enthauptet,
enthauptete,
enthaupte,
enthauptet,
haben,
dämpfen,
dämpfe,
dämpfst,
dämpft,
dämpfte,
gedämpft,
dämpfte,
dämpf,
dämpfe,
dämpft,
haben,
betätigen,
betätige,
betätigst,
betätigt,
betätigte,
betätigt,
betätigte,
betätig,
betätige,
betätigt,
haben,
großziehen,
ziehe groß,
ziehst groß,
zieht groß,
zog groß,
großgezogen,
zöge groß,
zieh groß,
ziehe groß,
zieht groß,
haben,
beleben,
belebe,
belebst,
belebt,
belebte,
belebt,
belebte,
belebe,
belebt,
haben,
bannen,
banne,
bannst,
bannt,
bannte,
gebannt,
bannte,
banne,
bann,
bannt,
haben,
schwenken,
schwenke,
schwenkst,
schwenkt,
schwenkte,
geschwenkt,
schwenkte,
schwenk,
schwenke,
schwenkt,
haben,
sein,
auspeitschen,
peitsche aus,
peitschst aus,
peitscht aus,
peitschte aus,
ausgepeitscht,
peitschte aus,
peitsch aus,
peitscht aus,
haben,
verklemmen,
verklemme,
verklemmst,
verklemmt,
verklemmte,
verklemmt,
verklemmte,
verklemm,
verklemme,
verklemmt,
haben,
simulieren,
simuliere,
simulierst,
simuliert,
simulierte,
simuliert,
simulierte,
simuliere,
simulier,
simuliert,
haben,
zurückweisen,
weise zurück,
weist zurück,
weist zurück,
wies zurück,
zurückgewiesen,
wiese zurück,
weise zurück,
weist zurück,
haben,
ergehen,
ergehe,
ergehst,
ergeht,
erging,
ergangen,
erginge,
ergeh,
ergehe,
ergeht,
haben,
sein,
ausspucken,
spucke aus,
spuckst aus,
spuckt aus,
spuckte aus,
ausgespuckt,
spuckte aus,
spucke aus,
spuck aus,
spuckt aus,
haben,
anketten,
kette an,
kettest an,
kettet an,
kettete an,
angekettet,
kettete an,
kett an,
kette an,
kettet an,
haben,
entbehren,
entbehre,
entbehrst,
entbiehrst,
entbehrt,
entbehrte,
entbahr,
entbehrt,
entbohren,
entbehrte,
entbähre,
entbehre,
entbiehr,
entbehrt,
haben,
eskortieren,
eskortiere,
eskortierst,
eskortiert,
eskortierte,
eskortiert,
eskortierte,
eskortiere,
eskortier,
eskortiert,
haben,
weiterarbeiten,
arbeite weiter,
arbeitest weiter,
arbeitet weiter,
arbeitete weiter,
weitergearbeitet,
arbeitete weiter,
arbeite weiter,
arbeitet weiter,
haben,
entspringen,
entspringe,
entspringst,
entspringt,
entsprang,
entsprungen,
entspränge,
entspringe,
entspring,
entspringt,
sein,
schnaufen,
schnaufe,
schnaufst,
schnauft,
schnaufte,
geschnauft,
schnaufte,
schnaufe,
schnauft,
haben,
aufschieben,
schiebe auf,
schiebst auf,
schiebt auf,
schob auf,
aufgeschoben,
schöbe auf,
schieb auf,
schiebe auf,
schiebt auf,
haben,
beehren,
beehre,
beehrst,
beehrt,
beehrte,
beehrt,
beehrte,
beehr,
beehre,
beehrt,
haben,
verhauen,
verhaue,
verhaust,
verhaut,
verhaute,
verhauen,
verhaut,
verhaute,
verhau,
verhaue,
verhaut,
haben,
durchwühlen,
durchwühle,
durchwühlst,
durchwühlt,
durchwühlte,
durchwühlt,
durchwühlte,
durchwühle,
durchwühlt,
haben,
vorrücken,
rücke vor,
rückst vor,
rückest vor,
rückt vor,
rückte vor,
vorgerückt,
rückte vor,
rück vor,
rücke vor,
rückt vor,
rücket vor,
sein,
verschulden,
verschulde,
verschuldest,
verschuldet,
verschuldete,
verschuldet,
verschuldete,
verschuld,
verschulde,
verschuldet,
haben,
runterholen,
hole runter,
holst runter,
holt runter,
holte runter,
runtergeholt,
holte runter,
hol runter,
holt runter,
haben,
terrorisieren,
terrorisiere,
terrorisierst,
terrorisiert,
terrorisierte,
terrorisiert,
terrorisierte,
terrorisier,
terrorisiere,
terrorisiert,
haben,
rattern,
rattere,
ratterst,
rattert,
ratterte,
gerattert,
ratterte,
rattere,
ratter,
rattert,
haben,
entmutigen,
entmutige,
entmutigst,
entmutigt,
entmutigte,
entmutigt,
entmutigte,
entmutig,
entmutige,
entmutigt,
haben,
transferieren,
transferiere,
transferierst,
transferiert,
transferierte,
transferiert,
transferierte,
transferiere,
transferier,
transferiert,
haben,
inhaftieren,
inhaftiere,
inhaftierst,
inhaftiert,
inhaftierte,
inhaftiert,
inhaftierte,
inhaftiere,
inhaftier,
inhaftiert,
haben,
ekeln,
ekle,
ekele,
ekelst,
ekelt,
ekelte,
geekelt,
ekelte,
ekle,
ekele,
ekelt,
haben,
entgegenkommen,
komme entgegen,
kommst entgegen,
kommt entgegen,
kam entgegen,
entgegengekommen,
käme entgegen,
komm entgegen,
komme entgegen,
kommt entgegen,
sein,
bezwingen,
bezwinge,
bezwingst,
bezwingt,
bezwang,
bezwungen,
bezwänge,
bezwinge,
bezwingt,
haben,
flicken,
flicke,
flickst,
flickt,
flickte,
geflickt,
flickte,
flicke,
flickt,
haben,
hineingehen,
gehe hinein,
gehst hinein,
geht hinein,
ging hinein,
hineingegangen,
ginge hinein,
geh hinein,
gehe hinein,
geht hinein,
sein,
abkratzen,
kratze ab,
kratzt ab,
kratzt ab,
kratzte ab,
abgekratzt,
kratzte ab,
kratz ab,
kratzt ab,
haben,
sein,
schädigen,
schädige,
schädigst,
schädigt,
schädigte,
geschädigt,
schädigte,
schädige,
schädigt,
haben,
befürworten,
befürworte,
befürwortest,
befürwortet,
befürwortete,
befürwortet,
befürwortete,
befürwort,
befürworte,
befürwortet,
haben,
herausgeben,
gebe heraus,
gibst heraus,
gibt heraus,
gab heraus,
herausgegeben,
gäbe heraus,
gib heraus,
gebt heraus,
haben,
bluffen,
bluffe,
bluffst,
blufft,
bluffte,
geblufft,
bluffte,
bluff,
bluffe,
blufft,
haben,
überrumpeln,
überrumple,
überrumpele,
überrumpelst,
überrumpelt,
überrumpelte,
überrumpelt,
überrumpelte,
überrumple,
überrumpele,
überrumpelt,
haben,
untersagen,
untersage,
untersagst,
untersagt,
untersagte,
untersagt,
untersagte,
untersag,
untersage,
untersagt,
haben,
missbrauchen,
missbrauche,
missbrauchst,
missbraucht,
missbrauchte,
missbraucht,
missbrauchte,
missbrauch,
missbrauche,
missbraucht,
haben,
erkaufen,
erkaufe,
erkaufst,
erkauft,
erkaufte,
erkauft,
erkaufte,
erkaufe,
erkauft,
haben,
vererben,
vererbe,
vererbst,
vererbt,
vererbte,
vererbt,
vererbte,
vererb,
vererbe,
vererbt,
haben,
abspringen,
springe ab,
springst ab,
springt ab,
sprang ab,
abgesprungen,
spränge ab,
spring ab,
springe ab,
springt ab,
sein,
verstauen,
verstaue,
verstaust,
verstaut,
verstaute,
verstaut,
verstaute,
verstau,
verstaue,
verstaut,
haben,
abschaffen,
schaffe ab,
schaffst ab,
schafft ab,
schaffte ab,
abgeschafft,
schaffte ab,
schaffe ab,
schafft ab,
haben,
vermählen,
vermähle,
vermählst,
vermählt,
vermählte,
vermählt,
vermählte,
vermähl,
vermähle,
vermählt,
haben,
entschädigen,
entschädige,
entschädigst,
entschädigt,
entschädigte,
entschädigt,
entschädigte,
entschädig,
entschädige,
entschädigt,
haben,
rumpeln,
rumpele,
rumpelst,
rumpelt,
rumpelte,
gerumpelt,
rumpelte,
rumpel,
rumpele,
rumpelt,
haben,
sein,
assimilieren,
assimiliere,
assimilierst,
assimiliert,
assimilierte,
assimiliert,
assimilierte,
assimiliere,
assimilier,
assimiliert,
haben,
zusammenhängen,
hänge zusammen,
hängst zusammen,
hängt zusammen,
hing zusammen,
zusammengehangen,
hinge zusammen,
häng zusammen,
hänge zusammen,
hängt zusammen,
haben,
einwilligen,
willige ein,
willigst ein,
willigt ein,
willigte ein,
eingewilligt,
willigte ein,
willige ein,
willigt ein,
haben,
krabben,
krabbe,
krabbst,
krabbt,
krabbte,
gekrabbt,
krabbte,
krabb,
krabbe,
krabbt,
haben,
walten,
walte,
waltest,
waltet,
waltete,
gewaltet,
waltete,
walte,
waltet,
haben,
ritzen,
ritze,
ritzt,
ritzt,
ritzte,
geritzt,
ritzte,
ritze,
ritz,
ritzt,
haben,
verkürzen,
verkürze,
verkürzt,
verkürzt,
verkürzte,
verkürzt,
verkürzte,
verkürz,
verkürze,
verkürzt,
haben,
hasten,
haste,
hastest,
hastet,
hastete,
gehastet,
hastete,
haste,
hastet,
sein,
erschweren,
erschwere,
erschwerst,
erschwert,
erschwerte,
erschwert,
erschwerte,
erschwer,
erschwere,
erschwert,
haben,
stapeln,
staple,
stapele,
stapelst,
stapelt,
stapelte,
gestapelt,
stapelte,
staple,
stapele,
stapelt,
haben,
anzweifeln,
zweifle an,
zweifele an,
zweifelst an,
zweifelt an,
zweifelte an,
angezweifelt,
zweifelte an,
zweifle an,
zweifele an,
zweifelt an,
haben,
einstufen,
stufe ein,
stufst ein,
stuft ein,
stufte ein,
eingestuft,
stufte ein,
stufe ein,
stuft ein,
haben,
beherbergen,
beherberge,
beherbergst,
beherbergt,
beherbergte,
beherbergt,
beherbergte,
beherberg,
beherbergt,
haben,
überführen,
überführe,
überführst,
überführt,
überführte,
überführt,
überführte,
überführ,
überführe,
überführt,
haben,
fackeln,
fackele,
fackelst,
fackelt,
fackelte,
gefackelt,
fackelte,
fackel,
fackele,
fackelt,
haben,
vertiefen,
vertiefe,
vertiefst,
vertieft,
vertiefte,
vertieft,
vertiefte,
vertief,
vertiefe,
vertieft,
haben,
zuwenden,
wende zu,
wendest zu,
wendet zu,
wendete zu,
wandte zu,
zugewendet,
zugewandt,
wendete zu,
wend zu,
wende zu,
wendet zu,
haben,
wegräumen,
räume weg,
räumst weg,
räumt weg,
räumte weg,
weggeräumt,
räumte weg,
räum weg,
räumt weg,
haben,
wühlen,
wühle,
wühlst,
wühlt,
wühlte,
gewühlt,
wühlte,
wühle,
wühlt,
haben,
argumentieren,
argumentiere,
argumentierst,
argumentiert,
argumentierte,
argumentiert,
argumentierte,
argumentiere,
argumentier,
argumentiert,
haben,
flachlegen,
lege flach,
legst flach,
legt flach,
legte flach,
flachgelegt,
legte flach,
leg flach,
legt flach,
haben,
überschreiben,
überschreibe,
überschreibst,
überschreibt,
überschrieb,
überschrieben,
überschriebe,
überschreib,
überschreibe,
überschreibt,
haben,
fahnden,
fahnde,
fahndest,
fahndet,
fahndete,
gefahndet,
fahndete,
fahnd,
fahnde,
fahndet,
haben,
rülpsen,
rülpse,
rülpst,
rülpst,
rülpste,
gerülpst,
rülpste,
rülpse,
rülpst,
haben,
entsichern,
entsichere,
entsicherst,
entsichert,
entsicherte,
entsichert,
entsicherte,
entsichere,
entsichert,
haben,
pokern,
pokere,
pokerst,
pokert,
pokerte,
gepokert,
pokerte,
pokere,
pokert,
haben,
hinterlegen,
hinterlege,
hinterlegst,
hinterlegt,
hinterlegte,
hinterlegt,
hinterlegte,
hinterlege,
hinterlegt,
haben,
verbeugen,
verbeuge,
verbeugst,
verbeugt,
verbeugte,
verbeugt,
verbeugte,
verbeug,
verbeuge,
verbeugt,
haben,
auswirken,
wirke aus,
wirkst aus,
wirkt aus,
wirkte aus,
ausgewirkt,
wirkte aus,
wirk aus,
wirke aus,
wirkt aus,
haben,
guttun,
tue gut,
tust gut,
tut gut,
tat gut,
gutgetan,
täte gut,
tu gut,
tue gut,
tut gut,
haben,
entsenden,
entsende,
entsendest,
entsendet,
entsendete,
entsandte,
entsendet,
entsandt,
entsendete,
entsende,
entsend,
entsendet,
haben,
aussperren,
sperre aus,
sperrst aus,
sperrt aus,
sperrte aus,
ausgesperrt,
sperrte aus,
sperr aus,
sperre aus,
sperrt aus,
haben,
verleiten,
verleite,
verleitest,
verleitet,
verleitete,
verleitet,
verleitete,
verleit,
verleite,
verleitet,
haben,
erwählen,
erwähle,
erwählst,
erwählt,
erwählte,
erwählt,
erwählte,
erwähl,
erwähle,
erwählt,
haben,
mobilisieren,
mobilisiere,
mobilisierst,
mobilisiert,
mobilisierte,
mobilisiert,
mobilisierte,
mobilisiere,
mobilisier,
mobilisiert,
haben,
missachten,
missachte,
missachtest,
missachtet,
missachtete,
missachtet,
missachtete,
missachte,
missachtet,
haben,
widerlegen,
widerlege,
widerlegst,
widerlegt,
widerlegte,
widerlegt,
widerlegte,
widerlege,
widerlegt,
haben,
lallen,
lalle,
lallst,
lallt,
lallte,
gelallt,
lallte,
lall,
lalle,
lallt,
haben,
röcheln,
röchle,
röchelst,
röchelt,
röchelte,
geröchelt,
röchelte,
röchle,
röchelt,
haben,
kohlen,
kohle,
kohlst,
kohlt,
kohlte,
gekohlt,
kohlte,
kohl,
kohle,
kohlt,
haben,
rüsten,
rüste,
rüstest,
rüstet,
rüstete,
gerüstet,
rüstete,
rüste,
rüstet,
haben,
erstechen,
ersteche,
erstichst,
ersticht,
erstach,
erstochen,
erstäche,
erstich,
erstecht,
haben,
vorführen,
führe vor,
führst vor,
führt vor,
führte vor,
vorgeführt,
führte vor,
führ vor,
führe vor,
führt vor,
haben,
aufgreifen,
greife auf,
greifst auf,
greift auf,
griff auf,
aufgegriffen,
griffe auf,
greife auf,
greif auf,
greift auf,
haben,
vermerken,
vermerke,
vermerkst,
vermerkt,
vermerkte,
vermerkt,
vermerkte,
vermerk,
vermerke,
vermerkt,
haben,
entladen,
entlade,
entlädst,
entlädt,
entlud,
entladen,
entlüde,
entlad,
entlade,
entladet,
haben,
vergöttern,
vergöttere,
vergötterst,
vergöttert,
vergötterte,
vergöttert,
vergötterte,
vergötter,
vergöttere,
vergöttert,
haben,
fluten,
–,
–,
flutet,
–,
geflutet,
–,
–,
–,
sein,
tasten,
taste,
tastest,
tastet,
tastete,
getastet,
tastete,
tast,
taste,
tastet,
haben,
abhaken,
hake ab,
hakst ab,
hakt ab,
hakte ab,
abgehakt,
hakte ab,
hak ab,
hake ab,
hakt ab,
haben,
stiefeln,
stiefle,
stiefele,
stiefelst,
stiefelt,
stiefelte,
gestiefelt,
stiefelte,
stiefle,
stiefele,
stiefelt,
sein,
haben,
einwerfen,
werfe ein,
wirfst ein,
wirft ein,
warf ein,
eingeworfen,
würfe ein,
wirf ein,
werft ein,
haben,
erringen,
erringe,
erringst,
erringt,
errang,
errungen,
erränge,
erring,
erringe,
erringt,
haben,
widerrufen,
widerrufe,
widerrufst,
widerruft,
widerrief,
widerrufen,
widerriefe,
widerrufe,
widerruft,
haben,
abräumen,
räume ab,
räumst ab,
räumt ab,
räumte ab,
abgeräumt,
räumte ab,
räume ab,
räum ab,
räumt ab,
haben,
austrocknen,
trockne aus,
trocknest aus,
trocknet aus,
trocknete aus,
ausgetrocknet,
trocknete aus,
trockne aus,
trocknet aus,
haben,
sein,
zuordnen,
ordne zu,
ordnest zu,
ordnet zu,
ordnete zu,
zugeordnet,
ordnete zu,
ordne zu,
ordnet zu,
haben,
frisieren,
frisiere,
frisierst,
frisiert,
frisierte,
frisiert,
frisierte,
frisiere,
frisier,
frisiert,
haben,
faxen,
faxe,
faxt,
faxt,
faxte,
gefaxt,
faxte,
fax,
faxe,
faxt,
haben,
klumpen,
klumpt,
klumpte,
geklumpt,
klumpte,
haben,
erdrosseln,
erdrossele,
erdrosselst,
erdrosselt,
erdrosselte,
erdrosselt,
erdrosselte,
erdrossle,
erdrossele,
erdrosselt,
haben,
zuschreiben,
schreibe zu,
schreibst zu,
schreibt zu,
schrieb zu,
zugeschrieben,
schriebe zu,
schreibe zu,
schreib zu,
schreibt zu,
haben,
schwanken,
schwanke,
schwankst,
schwankt,
schwankte,
geschwankt,
schwankte,
schwank,
schwanke,
schwankt,
sein,
haben,
vergreifen,
vergreife,
vergreifst,
vergreift,
vergriff,
vergriffen,
vergriffe,
vergreif,
vergreift,
haben,
nachstellen,
stelle nach,
stellst nach,
stellt nach,
stellte nach,
nachgestellt,
stellte nach,
stell nach,
stelle nach,
stellt nach,
haben,
umkreisen,
umkreise,
umkreist,
umkreist,
umkreiste,
umkreist,
umkreiste,
umkreis,
umkreise,
umkreist,
haben,
besänftigen,
besänftige,
besänftigst,
besänftigt,
besänftigte,
besänftigt,
besänftigte,
besänftige,
besänftigt,
haben,
freihalten,
halte frei,
hältst frei,
hält frei,
hielt frei,
freigehalten,
hielte frei,
halt frei,
halte frei,
haltet frei,
haben,
anwerben,
werbe an,
wirbst an,
wirbt an,
warb an,
angeworben,
würbe an,
wirb an,
werbt an,
haben,
antreffen,
treffe an,
triffst an,
trifft an,
traf an,
angetroffen,
träfe an,
triff an,
trefft an,
haben,
auswechseln,
wechsle aus,
wechsele aus,
wechselst aus,
wechselt aus,
wechselte aus,
ausgewechselt,
wechselte aus,
wechsel aus,
wechsle aus,
wechselt aus,
haben,
anpacken,
packe an,
packst an,
packt an,
packte an,
angepackt,
packte an,
pack an,
packe an,
packt an,
haben,
versteigern,
versteigere,
versteigerst,
versteigert,
versteigerte,
versteigert,
versteigerte,
versteigere,
versteigert,
haben,
türmen,
türme,
türmst,
türmt,
türmte,
getürmt,
türmte,
türm,
türme,
türmt,
sein,
verschwören,
verschwöre,
verschwörst,
verschwört,
verschwor,
verschwur,
verschworen,
verschwor,
verschwör,
verschwöre,
verschwört,
haben,
importieren,
importiere,
importierst,
importiert,
importierte,
importiert,
importierte,
importiere,
importier,
importiert,
haben,
abschrecken,
schrecke ab,
schreckst ab,
schreckt ab,
schreckte ab,
abgeschreckt,
schreckte ab,
schreck ab,
schreckt ab,
haben,
häuten,
häute,
häutest,
häutet,
häutete,
gehäutet,
häutete,
häut,
häute,
häutet,
haben,
schnupfen,
schnupfe,
schnupfst,
schnupft,
schnupfte,
geschnupft,
schnupfte,
schnupf,
schnupft,
haben,
begünstigen,
begünstige,
begünstigst,
begünstigt,
begünstigte,
begünstigt,
begünstigte,
begünstige,
begünstigt,
haben,
schlitzen,
schlitze,
schlitzt,
schlitzt,
schlitzte,
geschlitzt,
schlitzte,
schlitz,
schlitze,
schlitzt,
haben,
aufsammeln,
sammle auf,
sammele auf,
sammelst auf,
sammelt auf,
sammelte auf,
aufgesammelt,
sammelte auf,
sammle auf,
sammelt auf,
haben,
gackern,
gackere,
gackerst,
gackert,
gackerte,
gegackert,
gackerte,
gackere,
gackert,
haben,
meditieren,
meditiere,
meditierst,
meditiert,
meditierte,
meditiert,
meditierte,
meditier,
meditiere,
meditiert,
haben,
kaputtmachen,
mache kaputt,
machst kaputt,
macht kaputt,
machte kaputt,
kaputtgemacht,
machte kaputt,
mach kaputt,
mache kaputt,
macht kaputt,
haben,
beleuchten,
beleuchte,
beleuchtest,
beleuchtet,
beleuchtete,
beleuchtet,
beleuchtete,
beleuchte,
beleuchtet,
haben,
gurken,
gurke,
gurkst,
gurkt,
gurkte,
gegurkt,
gurkte,
gurk,
gurke,
gurkt,
sein,
zuziehen,
ziehe zu,
ziehst zu,
zieht zu,
zog zu,
zugezogen,
zöge zu,
zieh zu,
ziehe zu,
zieht zu,
haben,
sein,
abtauchen,
tauche ab,
tauchst ab,
taucht ab,
tauchte ab,
abgetaucht,
tauchte  ab,
tauch ab,
tauche ab,
taucht ab,
sein,
schachteln,
schachtle,
schachtele,
schachtelst,
schachtelt,
schachtelte,
geschachtelt,
schachtelte,
schachtle,
schachtele,
schachtelt,
haben,
integrieren,
integriere,
integrierst,
integriert,
integrierte,
integriert,
integrierte,
integriere,
integrier,
integriert,
haben,
entwenden,
entwende,
entwendest,
entwendet,
entwendete,
entwendet,
entwendete,
entwende,
entwendet,
haben,
schänden,
schände,
schändest,
schändet,
schändete,
geschändet,
schändete,
schände,
schändet,
haben,
wegblasen,
blase weg,
bläst weg,
bläst weg,
blies weg,
weggeblasen,
bliese weg,
blas weg,
blase weg,
blast weg,
haben,
entfalten,
entfalte,
entfaltest,
entfaltet,
entfaltete,
entfaltet,
entfaltete,
entfalt,
entfalte,
entfaltet,
haben,
kreieren,
kreiere,
kreierst,
kreiert,
kreierte,
kreiert,
kreierte,
kreiere,
kreier,
kreiert,
haben,
zollen,
zolle,
zollst,
zollt,
zollte,
gezollt,
zollte,
zolle,
zollt,
haben,
geleiten,
geleite,
geleitest,
geleitet,
geleitete,
geleitet,
geleitete,
geleite,
geleit,
geleitet,
haben,
unterkommen,
komme unter,
kommst unter,
kommt unter,
kam unter,
untergekommen,
käme unter,
komm unter,
komme unter,
kommt unter,
sein,
dichtmachen,
mache dicht,
machst dicht,
macht dicht,
machte dicht,
dichtgemacht,
machte dicht,
mach dicht,
mache dicht,
macht dicht,
haben,
kribbeln,
kribble,
kribbelst,
kribbelt,
kribbelte,
gekribbelt,
kribbelte,
kribble,
kribbelt,
haben,
sein,
umschreiben,
umschreibe,
umschreibst,
umschreibt,
umschrieb,
umschrieben,
umschriebe,
umschreibe,
umschreibt,
haben,
ausfragen,
frage aus,
fragst aus,
fragt aus,
fragte aus,
ausgefragt,
fragte aus,
frag aus,
frage aus,
fragt aus,
haben,
ochsen,
ochse,
ochst,
ochst,
ochste,
geochst,
ochste,
ochs,
ochse,
ochst,
haben,
schlürfen,
schlürfe,
schlürfst,
schlürft,
schlürfte,
geschlürft,
schlürfte,
schlürfe,
schlürf,
schlürft,
haben,
amputieren,
amputiere,
amputierst,
amputiert,
amputierte,
amputiert,
amputierte,
amputiere,
amputier,
amputiert,
haben,
abwechseln,
wechsel ab,
wechsle ab,
wechselst ab,
wechselt ab,
wechselte ab,
abgewechselt,
wechselte ab,
wechsel ab,
wechselt ab,
haben,
anbinden,
binde an,
bindest an,
bindet an,
band an,
angebunden,
bände an,
bind an,
binde an,
bindet an,
haben,
eindämmen,
dämme ein,
dämmst ein,
dämmt ein,
dämmte ein,
eingedämmt,
dämmte ein,
dämm ein,
dämme ein,
dämmt ein,
haben,
tönen,
töne,
tönst,
tönt,
tönte,
getönt,
tönte,
tön,
töne,
tönt,
tönet,
haben,
löchern,
löchere,
löcherst,
löchert,
löcherte,
gelöchert,
löcherte,
löcher,
löchere,
löchert,
haben,
würzen,
würze,
würzt,
würzt,
würzte,
gewürzt,
würzte,
würze,
würzt,
haben,
ausschlagen,
schlage aus,
schlägst aus,
schlägt aus,
schlug aus,
ausgeschlagen,
schlüge aus,
schlag aus,
schlagt aus,
haben,
sein,
versüßen,
versüße,
versüßt,
versüßt,
versüßte,
versüßt,
versüßte,
versüß,
versüße,
versüßt,
haben,
weitersuchen,
suche weiter,
suchst weiter,
sucht weiter,
suchte weiter,
weitergesucht,
suchte weiter,
such weiter,
suche weiter,
sucht weiter,
haben,
unterlassen,
unterlasse,
unterlässt,
unterlässt,
unterließ,
unterlassen,
unterließe,
unterlass,
unterlasst,
haben,
aufbrauchen,
brauche auf,
brauchst auf,
braucht auf,
brauchte auf,
aufgebraucht,
brauchte auf,
brauche auf,
braucht auf,
haben,
reflektieren,
reflektiere,
reflektierst,
reflektiert,
reflektierte,
reflektiert,
reflektierte,
reflektiere,
reflektier,
reflektiert,
haben,
grollen,
grolle,
grollst,
grollt,
grollte,
gegrollt,
grollte,
groll,
grolle,
grollt,
haben,
jucken,
jucke,
juckst,
juckt,
juckte,
gejuckt,
juckte,
juck,
jucke,
juckt,
haben,
kurven,
kurve,
kurvst,
kurvt,
kurvte,
gekurvt,
kurvte,
kurv,
kurve,
kurvt,
sein,
haben,
zerfleischen,
zerfleische,
zerfleischst,
zerfleischt,
zerfleischt,
zerfleischte,
zerfleischt,
zerfleischte,
zerfleisch,
zerfleische,
zerfleischt,
haben,
booten,
boote,
bootest,
bootet,
bootete,
gebootet,
bootete,
boot,
boote,
bootet,
haben,
mitgeben,
gebe mit,
gibst mit,
gibt mit,
gab mit,
mitgegeben,
gäbe mit,
gib mit,
gebt mit,
haben,
einfädeln,
fädele ein,
fädle ein,
fädelst ein,
fädelt ein,
fädelte ein,
eingefädelt,
fädelte ein,
fädele ein,
fädle ein,
fädelt ein,
haben,
ausbluten,
blute aus,
blutest aus,
blutet aus,
blutete aus,
ausgeblutet,
blutete aus,
blute aus,
blutet aus,
haben,
sein,
erhitzen,
erhitze,
erhitzt,
erhitzt,
erhitzte,
erhitzt,
erhitzte,
erhitz,
erhitze,
erhitzt,
haben,
etablieren,
etabliere,
etablierst,
etabliert,
etablierte,
etabliert,
etablierte,
etablier,
etabliere,
etabliert,
haben,
touren,
toure,
tourst,
tourt,
tourte,
getourt,
tourte,
toure,
tourt,
haben,
sein,
einstehen,
stehe ein,
stehst ein,
steht ein,
stand ein,
eingestanden,
stünde ein,
stehe ein,
steht ein,
haben,
sein,
symbolisieren,
symbolisiere,
symbolisierst,
symbolisiert,
symbolisierte,
symbolisiert,
symbolisierte,
symbolisier,
symbolisiere,
symbolisiert,
haben,
befehligen,
befehlige,
befehligst,
befehligt,
befehligte,
befehligt,
befehligte,
befehlig,
befehlige,
befehligt,
haben,
deponieren,
deponiere,
deponierst,
deponiert,
deponierte,
deponiert,
deponierte,
deponiere,
deponier,
deponiert,
haben,
fohlen,
fohlt,
fohlte,
gefohlt,
fohlte,
haben,
eskalieren,
eskaliere,
eskalierst,
eskaliert,
eskalierte,
eskaliert,
eskalierte,
eskaliere,
eskalier,
eskaliert,
haben,
sein,
belagern,
belagere,
belagerst,
belagert,
belagerte,
belagert,
belagerte,
belager,
belagere,
belagert,
haben,
expandieren,
expandiere,
expandierst,
expandiert,
expandierte,
expandiert,
expandierte,
expandier,
expandiere,
expandiert,
haben,
sein,
regenerieren,
regeneriere,
regenerierst,
regeneriert,
regenerierte,
regeneriert,
regenerierte,
regeneriere,
regenerier,
regeneriert,
haben,
rocken,
rocke,
rockst,
rockt,
rockte,
gerockt,
rockte,
rocke,
rockt,
haben,
verfüttern,
verfüttere,
verfütterst,
verfüttert,
verfütterte,
verfüttert,
verfütterte,
verfütter,
verfüttere,
verfüttert,
haben,
recherchieren,
recherchiere,
recherchierst,
recherchiert,
recherchierte,
recherchiert,
recherchierte,
recherchiere,
recherchier,
recherchiert,
haben,
begutachten,
begutachte,
begutachtest,
begutachtet,
begutachtete,
begutachtet,
begutachtete,
begutachte,
begutacht,
begutachtet,
haben,
vernaschen,
vernasche,
vernaschst,
vernascht,
vernaschte,
vernascht,
vernaschte,
vernasche,
vernasch,
vernascht,
haben,
hinken,
hinke,
hinkst,
hinkt,
hinkte,
gehinkt,
hinkte,
hink,
hinke,
hinkt,
haben,
stranden,
strande,
strandest,
strandet,
strandete,
gestrandet,
strandete,
strande,
strandet,
sein,
bemalen,
bemale,
bemalst,
bemalt,
bemalte,
bemalt,
bemalte,
bemal,
bemale,
bemalt,
haben,
verbiegen,
verbiege,
verbiegst,
verbiegt,
verbog,
verbogen,
verböge,
verbieg,
verbiege,
verbiegt,
haben,
vereinfachen,
vereinfache,
vereinfachst,
vereinfacht,
vereinfachte,
vereinfacht,
vereinfachte,
vereinfach,
vereinfache,
vereinfacht,
haben,
knüpfen,
knüpfe,
knüpfst,
knüpft,
knüpfte,
geknüpft,
knüpfte,
knüpfe,
knüpft,
haben,
klimpern,
klimpere,
klimperst,
klimpert,
klimperte,
geklimpert,
klimperte,
klimpere,
klimpert,
haben,
futtern,
futtere,
futterst,
futtert,
futterte,
gefuttert,
futterte,
futtere,
futtert,
haben,
mithelfen,
helfe mit,
hilfst mit,
hilft mit,
half mit,
mitgeholfen,
hülfe mit,
hilf mit,
helft mit,
haben,
bereichern,
bereichere,
bereicherst,
bereichert,
bereicherte,
bereichert,
bereicherte,
bereichere,
bereichert,
haben,
delegieren,
delegiere,
delegierst,
delegiert,
delegierte,
delegiert,
delegierte,
delegiere,
delegier,
delegiert,
haben,
verhöhnen,
verhöhne,
verhöhnst,
verhöhnt,
verhöhnte,
verhöhnt,
verhöhnte,
verhöhne,
verhöhnt,
haben,
aufdrängen,
dränge auf,
drängst auf,
drängt auf,
drängte auf,
aufgedrängt,
drängte auf,
dränge auf,
drängt auf,
haben,
bowlen,
bowle,
bowlst,
bowlt,
bowlte,
gebowlt,
bowlte,
bowl,
bowlt,
haben,
prallen,
pralle,
prallst,
prallt,
prallte,
geprallt,
prallte,
prall,
prallt,
sein,
haben,
bewerfen,
bewerfe,
bewirfst,
bewirft,
bewarf,
beworfen,
bewürfe,
bewirf,
bewerft,
haben,
kennzeichnen,
kennzeichne,
kennzeichnest,
kennzeichnet,
kennzeichnete,
gekennzeichnet,
kennzeichnete,
kennzeichne,
kennzeichnet,
haben,
kränken,
kränke,
kränkst,
kränkt,
kränkte,
gekränkt,
kränkte,
kränk,
kränke,
kränkt,
haben,
festmachen,
mache fest,
machst fest,
macht fest,
machte fest,
festgemacht,
machte fest,
mach fest,
mache fest,
macht fest,
haben,
heuern,
heuere,
heuerst,
heuert,
heuerte,
geheuert,
heuerte,
heuer,
heuere,
heuert,
haben,
weiterreden,
rede weiter,
redest weiter,
redet weiter,
redete weiter,
weitergeredet,
redete weiter,
red weiter,
rede weiter,
redet weiter,
haben,
umbauen,
baue um,
baust um,
baut um,
baute um,
umgebaut,
baute um,
baue um,
baut um,
haben,
wichsen,
wichse,
wichst,
wichst,
wichste,
gewichst,
wichste,
wichse,
wichst,
haben,
dichten,
dichte,
dichtest,
dichtet,
dichtete,
gedichtet,
dichtete,
dichte,
dichtet,
haben,
knirschen,
knirsche,
knirschst,
knirscht,
knirschte,
geknirscht,
knirschte,
knirsche,
knirscht,
haben,
gabeln,
gable,
gabele,
gabelst,
gabelt,
gabelte,
gegabelt,
gabelte,
gable,
gabele,
gabelt,
haben,
verladen,
verlade,
verlädst,
verlädt,
verlud,
verladen,
verlüde,
verlad,
verlade,
verladet,
haben,
mindern,
mindere,
minderst,
mindert,
minderte,
gemindert,
minderte,
mindere,
mindert,
haben,
mähen,
mähe,
mähst,
mäht,
mähte,
gemäht,
mähte,
mähe,
mäh,
mäht,
haben,
pochen,
poche,
pochst,
pocht,
pochte,
gepocht,
pochte,
poche,
poch,
pocht,
haben,
rebellieren,
rebelliere,
rebellierst,
rebelliert,
rebellierte,
rebelliert,
rebellierte,
rebelliere,
rebellier,
rebelliert,
haben,
verbarrikadieren,
verbarrikadiere,
verbarrikadierst,
verbarrikadiert,
verbarrikadierte,
verbarrikadiert,
verbarrikadierte,
verbarrikadier,
verbarrikadiere,
verbarrikadiert,
haben,
abfüllen,
fülle ab,
füll ab,
füllst ab,
füllt ab,
füllte ab,
abgefüllt,
füllte ab,
füll ab,
fülle ab,
füllt ab,
haben,
verstauchen,
verstauche,
verstauchst,
verstaucht,
verstauchte,
verstaucht,
verstauchte,
verstauch,
verstauche,
verstaucht,
haben,
triumphieren,
triumphiere,
triumphierst,
triumphiert,
triumphierte,
triumphiert,
triumphierte,
triumphier,
triumphiere,
triumphiert,
haben,
trügen,
trüge,
trügst,
trügt,
trog,
getrogen,
tröge,
trüg,
trüge,
trügt,
haben,
totlachen,
lache tot,
lachst tot,
lacht tot,
lachte tot,
totgelacht,
lachte tot,
lach tot,
lache tot,
lacht tot,
haben,
festsetzen,
setze fest,
setzt fest,
setzt fest,
setzte fest,
festgesetzt,
setzte fest,
setz fest,
setze fest,
setzt fest,
haben,
einschläfern,
schläfere ein,
schläferst ein,
schläfert ein,
schläferte ein,
eingeschläfert,
schläferte ein,
schläfer ein,
schläfere ein,
schläfert ein,
haben,
einfordern,
fordere ein,
forderst ein,
fordert ein,
forderte ein,
eingefordert,
forderte ein,
forder ein,
fordere ein,
fordert ein,
haben,
verlagern,
verlagere,
verlagerst,
verlagert,
verlagerte,
verlagert,
verlagerte,
verlagere,
verlagert,
haben,
veralten,
veralte,
veraltest,
veraltet,
veraltete,
veraltet,
veraltete,
veralte,
veraltet,
sein,
fortschreiten,
schreite fort,
schreitest fort,
schreitet fort,
schritt fort,
fortgeschritten,
schritte fort,
schreite fort,
schreitet fort,
sein,
dealen,
deale,
dealst,
dealt,
dealte,
gedealt,
dealte,
deale,
deal,
dealt,
haben,
tendieren,
tendiere,
tendierst,
tendiert,
tendierte,
tendiert,
tendierte,
tendiere,
tendier,
tendiert,
haben,
versklaven,
versklave,
versklavst,
versklavt,
versklavte,
versklavt,
versklavte,
versklave,
versklavt,
haben,
beaufsichtigen,
beaufsichtige,
beaufsichtigst,
beaufsichtigt,
beaufsichtigte,
beaufsichtigt,
beaufsichtigte,
beaufsichtig,
beaufsichtige,
beaufsichtigt,
haben,
überschwemmen,
überschwemme,
überschwemmst,
überschwemmt,
überschwemmte,
überschwemmt,
überschwemmte,
überschwemme,
überschwemmt,
haben,
quaken,
quake,
quakst,
quakt,
quakte,
gequakt,
quakte,
quake,
quak,
quakt,
haben,
fechten,
fechte,
fichtst,
ficht,
focht,
gefochten,
föchte,
ficht,
fechtet,
haben,
zappeln,
zappele,
zappelst,
zappelt,
zappelte,
gezappelt,
zappelte,
zappele,
zappel,
zappelt,
haben,
schärfen,
schärfe,
schärfst,
schärft,
schärfte,
geschärft,
schärfte,
schärfe,
schärf,
schärft,
haben,
genesen,
genese,
genest,
genest,
genas,
genesen,
genäse,
genese,
genest,
sein,
statuieren,
statuiere,
statuierst,
statuiert,
statuierte,
statuiert,
statuierte,
statuiere,
statuier,
statuiert,
haben,
schwirren,
schwirre,
schwirrst,
schwirrt,
schwirrte,
geschwirrt,
schwirrte,
schwirr,
schwirre,
schwirrt,
sein,
verneigen,
verneige,
verneigst,
verneigt,
verneigte,
verneigt,
verneigte,
verneig,
verneige,
verneigt,
haben,
fehlschlagen,
schlägt fehl,
schlug fehl,
fehlgeschlagen,
schlüge fehl,
sein,
frittieren,
frittiere,
frittierst,
frittiert,
frittierte,
frittiert,
frittierte,
frittiere,
frittier,
frittiert,
haben,
umsteigen,
steige um,
steigst um,
steigt um,
stieg um,
umgestiegen,
stiege um,
steig um,
steigt um,
sein,
entwaffnen,
entwaffne,
entwaffnest,
entwaffnet,
entwaffnete,
entwaffnet,
entwaffnete,
entwaffne,
entwaffnet,
haben,
faseln,
fasele,
fasle,
faselst,
faselt,
faselte,
gefaselt,
faselte,
fasel,
faselt,
haben,
positionieren,
positioniere,
positionierst,
positioniert,
positionierte,
positioniert,
positionierte,
positionier,
positioniere,
positioniert,
haben,
nachladen,
lade nach,
lädst nach,
lädt nach,
lud nach,
nachgeladen,
lüde nach,
lad nach,
lade nach,
ladet nach,
haben,
verklingen,
verklinge,
verklingst,
verklingt,
verklang,
verklungen,
verklänge,
verklinge,
verkling,
verklingt,
sein,
erblühen,
erblühe,
erblühst,
erblüht,
erblühte,
erblüht,
erblühte,
erblüh,
erblühe,
erblüht,
sein,
salutieren,
salutiere,
salutierst,
salutiert,
salutierte,
salutiert,
salutierte,
salutier,
salutiere,
salutiert,
haben,
wiedererlangen,
erlange wieder,
erlangst wieder,
erlangt wieder,
erlangte wieder,
wiedererlangt,
erlangte wieder,
erlang wieder,
erlange wieder,
erlangt wieder,
haben,
detonieren,
detoniere,
detonierst,
detoniert,
detonierte,
detoniert,
detonierte,
detoniere,
detonier,
detoniert,
sein,
leidtun,
tu leid,
tue leid,
tust leid,
tut leid,
tat leid,
leidgetan,
täte leid,
tu leid,
tue leid,
tut leid,
haben,
anbrennen,
brenne an,
brennst an,
brennt an,
brannte an,
angebrannt,
brennte an,
brenn an,
brenne an,
brennt an,
haben,
sein,
bleichen,
bleiche,
bleichst,
bleicht,
bleichte,
gebleicht,
bleichte,
bleich,
bleiche,
bleicht,
haben,
beglücken,
beglücke,
beglückst,
beglückt,
beglückte,
beglückt,
beglückte,
beglück,
beglücke,
beglückt,
haben,
überbieten,
überbiete,
überbietest,
überbietet,
überbot,
überboten,
überböte,
überbiet,
überbiete,
überbietet,
haben,
sterilisieren,
sterilisiere,
sterilisierst,
sterilisiert,
sterilisierte,
sterilisiert,
sterilisierte,
sterilisier,
sterilisiere,
sterilisiert,
haben,
zwinkern,
zwinkere,
zwinkerst,
zwinkert,
zwinkerte,
gezwinkert,
zwinkerte,
zwinkere,
zwinkert,
haben,
ködern,
ködere,
köderst,
ködert,
köderte,
geködert,
köderte,
ködere,
ködert,
haben,
knöpfen,
knöpfe,
knöpfst,
knöpft,
knöpfte,
geknöpft,
knöpfte,
knöpf,
knöpfe,
knöpft,
haben,
ausdrucken,
drucke aus,
druckst aus,
druckt aus,
druckte aus,
ausgedruckt,
druckte aus,
druck aus,
drucke aus,
druckt aus,
haben,
imponieren,
imponiere,
imponierst,
imponiert,
imponierte,
imponiert,
imponierte,
imponiere,
imponier,
imponiert,
haben,
baumeln,
baumle,
baumelst,
baumelt,
baumelte,
gebaumelt,
baumelte,
baumle,
baumelt,
haben,
sein,
zügeln,
zügle,
zügelst,
zügelt,
zügelte,
gezügelt,
zügelte,
zügle,
zügelt,
haben,
sein,
wohlfühlen,
fühle wohl,
fühlst wohl,
fühlt wohl,
fühlte wohl,
wohlgefühlt,
fühlte wohl,
fühl wohl,
fühle wohl,
fühlt wohl,
haben,
aufsitzen,
sitze auf,
sitzt auf,
sitzt auf,
saß auf,
aufgesessen,
säße auf,
sitz auf,
sitzt auf,
haben,
sein,
letzen,
letze,
letzt,
letzt,
letzte,
geletzt,
letzte,
letz,
letze,
letzt,
haben,
bekehren,
bekehre,
bekehrst,
bekehrt,
bekehrte,
bekehrt,
bekehrte,
bekehre,
bekehrt,
haben,
ausmalen,
male aus,
malst aus,
malt aus,
malte aus,
ausgemalt,
malte aus,
mal aus,
male aus,
malt aus,
haben,
anbaggern,
bagger an,
baggere an,
baggerst an,
baggert an,
baggerte an,
angebaggert,
baggerte an,
bagger an,
baggere an,
baggert an,
haben,
verunglücken,
verunglücke,
verunglückst,
verunglückt,
verunglückte,
verunglückt,
verunglückte,
verunglück,
verunglücke,
verunglückt,
sein,
annullieren,
annulliere,
annullierst,
annulliert,
annullierte,
annulliert,
annullierte,
annulliere,
annullier,
annulliert,
haben,
überkommen,
überkomme,
überkommst,
überkommt,
überkam,
überkommen,
überkäme,
überkomme,
überkommt,
überkommet,
haben,
aktualisieren,
aktualisiere,
aktualisierst,
aktualisiert,
aktualisierte,
aktualisiert,
aktualisierte,
aktualisiere,
aktualisier,
aktualisiert,
haben,
lichten,
lichte,
lichtest,
lichtet,
lichtete,
gelichtet,
lichtete,
licht,
lichte,
lichtet,
haben,
grübeln,
grübele,
grüble,
grübelst,
grübelt,
grübelte,
gegrübelt,
grübelte,
grübele,
grüble,
grübelt,
haben,
nachtragen,
trage nach,
trägst nach,
trägt nach,
trug nach,
nachgetragen,
trüge nach,
trag nach,
trage nach,
tragt nach,
haben,
abbezahlen,
bezahle ab,
bezahlst ab,
bezahlt ab,
bezahlte ab,
abbezahlt,
bezahlte ab,
bezahl ab,
bezahle ab,
bezahlt ab,
haben,
verbleiben,
verbleibe,
verbleibst,
verbleibt,
verblieb,
verblieben,
verbliebe,
verbleibe,
verbleibt,
sein,
rupfen,
rupfe,
rupfst,
rupft,
rupfte,
gerupft,
rupfte,
rupf,
rupfe,
rupft,
haben,
kommentieren,
kommentiere,
kommentierst,
kommentiert,
kommentierte,
kommentiert,
kommentierte,
kommentiere,
kommentier,
kommentiert,
haben,
ergänzen,
ergänze,
ergänzt,
ergänzt,
ergänzte,
ergänzt,
ergänzte,
ergänze,
ergänzt,
haben,
bolzen,
bolze,
bolzt,
bolzt,
bolzte,
gebolzt,
bolzte,
bolz,
bolze,
bolzt,
haben,
beflecken,
beflecke,
befleckst,
befleckt,
befleckte,
befleckt,
befleckte,
befleck,
beflecke,
befleckt,
haben,
zermalmen,
zermalme,
zermalmst,
zermalmt,
zermalmte,
zermalmt,
zermalmte,
zermalme,
zermalmt,
haben,
vollstopfen,
stopfe voll,
stopfst voll,
stopft voll,
stopfte voll,
vollgestopft,
stopfte voll,
stopf voll,
stopfe voll,
stopft voll,
haben,
vorweisen,
weise vor,
weist vor,
weist vor,
wies vor,
vorgewiesen,
wiese vor,
weis vor,
weise vor,
weist vor,
haben,
verschanzen,
verschanze,
verschanzt,
verschanzt,
verschanzte,
verschanzt,
verschanzte,
verschanz,
verschanzt,
haben,
haften,
hafte,
haftest,
haftet,
haftete,
gehaftet,
haftete,
haft,
hafte,
haftet,
haben,
verfliegen,
verfliege,
verfliegst,
verfliegt,
verflog,
verflogen,
verflöge,
verflieg,
verfliege,
verfliegt,
haben,
sein,
runterlassen,
lasse runter,
lässt runter,
lässt runter,
ließ runter,
runtergelassen,
ließe runter,
lass runter,
lasse runter,
lasst runter,
lasset runter,
haben,
ausstrahlen,
strahle aus,
strahlst aus,
strahlt aus,
strahlte aus,
ausgestrahlt,
strahlte aus,
strahl aus,
strahle aus,
strahlt aus,
haben,
managen,
manage,
managst,
managt,
managte,
gemanagt,
managte,
manage,
managt,
haben,
konvertieren,
konvertiere,
konvertierst,
konvertiert,
konvertierte,
konvertiert,
konvertierte,
konvertiere,
konvertier,
konvertiert,
haben,
sein,
einzahlen,
zahle ein,
zahlst ein,
zahlt ein,
zahlte ein,
eingezahlt,
zahlte ein,
zahl ein,
zahle ein,
zahlt ein,
haben,
blinken,
blinke,
blinkst,
blinkt,
blinkte,
geblinkt,
blinkte,
blink,
blinke,
blinkt,
haben,
kapern,
kapere,
kaperst,
kapert,
kaperte,
gekapert,
kaperte,
kapere,
kapert,
haben,
aufblasen,
blase auf,
bläst auf,
bläst auf,
blies auf,
aufgeblasen,
bliese auf,
blase auf,
blas auf,
blast auf,
haben,
verwerfen,
verwerfe,
verwirfst,
verwirft,
verwarf,
verworfen,
verwürfe,
verwirf,
verwerft,
haben,
lahmlegen,
lege lahm,
legst lahm,
legt lahm,
legte lahm,
lahmgelegt,
legte lahm,
leg lahm,
lege lahm,
legt lahm,
haben,
fertigstellen,
stelle fertig,
stellst fertig,
stellt fertig,
stellte fertig,
fertiggestellt,
stellte fertig,
stell fertig,
stelle fertig,
stellt fertig,
haben,
zerdrücken,
zerdrücke,
zerdrückst,
zerdrückt,
zerdrückte,
zerdrückt,
zerdrückte,
zerdrück,
zerdrücke,
zerdrückt,
haben,
ausstoßen,
stoße aus,
stößt aus,
stößt aus,
stieß aus,
ausgestoßen,
stieße aus,
stoße aus,
stoßt aus,
haben,
bereitstellen,
stelle bereit,
stellst bereit,
stellt bereit,
stellte bereit,
bereitgestellt,
stellte bereit,
stelle bereit,
stellt bereit,
haben,
stampfen,
stampfe,
stampfst,
stampft,
stampfte,
gestampft,
stampfte,
stampf,
stampft,
haben,
konsultieren,
konsultiere,
konsultierst,
konsultiert,
konsultierte,
konsultiert,
konsultierte,
konsultiere,
konsultier,
konsultiert,
haben,
messern,
messere,
messerst,
messert,
messerte,
gemessert,
messerte,
messer,
messert,
haben,
krabbeln,
krabble,
krabbele,
krabbelst,
krabbelt,
krabbelte,
gekrabbelt,
krabbelte,
krabble,
krabbele,
krabbelt,
sein,
haben,
demolieren,
demoliere,
demolierst,
demoliert,
demolierte,
demoliert,
demolierte,
demolier,
demoliere,
demoliert,
haben,
entblößen,
entblöße,
entblößt,
entblößt,
entblößte,
entblößt,
entblößte,
entblöße,
entblößt,
haben,
ausspannen,
spanne aus,
spannst aus,
spannt aus,
spannte aus,
ausgespannt,
spannte aus,
spannt aus,
spanne aus,
spannt aus,
haben,
erhellen,
erhelle,
erhellst,
erhellt,
erhellte,
erhellt,
erhellte,
erhell,
erhelle,
erhellt,
haben,
erlegen,
erlege,
erlegst,
erlegt,
erlegte,
erlegt,
erlegte,
erleg,
erlege,
erlegt,
haben,
signieren,
signiere,
signierst,
signiert,
signierte,
signiert,
signierte,
signiere,
signier,
signiert,
haben,
absolvieren,
absolviere,
absolvierst,
absolviert,
absolvierte,
absolviert,
absolvierte,
absolviere,
absolvier,
absolviert,
haben,
herunterkommen,
komme herunter,
kommst herunter,
kommt herunter,
kam herunter,
heruntergekommen,
käme herunter,
komm herunter,
kommt herunter,
sein,
auflesen,
lese auf,
liest auf,
liest auf,
las auf,
aufgelesen,
läse auf,
lies auf,
lest auf,
haben,
nagen,
nage,
nagst,
nagt,
nagte,
genagt,
nagte,
nag,
nage,
nagt,
haben,
orientieren,
orientiere,
orientierst,
orientiert,
orientierte,
orientiert,
orientierte,
orientiere,
orientier,
orientiert,
haben,
schnuppern,
schnuppere,
schnupperst,
schnuppert,
schnupperte,
geschnuppert,
schnupperte,
schnupper,
schnuppere,
schnuppert,
haben,
kämmen,
kämme,
kämmst,
kämmt,
kämmte,
gekämmt,
kämmte,
kämme,
kämm,
kämmt,
haben,
signalisieren,
signalisiere,
signalisierst,
signalisiert,
signalisierte,
signalisiert,
signalisierte,
signalisiere,
signalisier,
signalisiert,
haben,
johlen,
johle,
johlst,
johlt,
johlte,
gejohlt,
johlte,
johl,
johle,
johlt,
haben,
bändigen,
bändige,
bändigst,
bändigt,
bändigte,
gebändigt,
bändigte,
bändige,
bändigt,
haben,
umschauen,
schaue um,
schaust um,
schaut um,
schaute um,
umgeschaut,
schaute um,
schau um,
schaue um,
schaut um,
haben,
verdunkeln,
verdunkle,
verdunkelst,
verdunkelt,
verdunkelte,
verdunkelt,
verdunkelte,
verdunkle,
verdunkelt,
haben,
pensionieren,
pensioniere,
pensionierst,
pensioniert,
pensionierte,
pensioniert,
pensionierte,
pensionier,
pensioniere,
pensioniert,
haben,
besinnen,
besinne,
besinnst,
besinnt,
besann,
besonnen,
besänne,
besönne,
besinn,
besinnt,
haben,
nachschlagen,
schlage nach,
schlägst nach,
schlägt nach,
schlug nach,
nachgeschlagen,
schlüge nach,
schlag nach,
schlagt nach,
haben,
rösten,
röste,
röstest,
röstet,
röstete,
geröstet,
röstete,
röst,
röste,
röstet,
haben,
weglegen,
lege weg,
legst weg,
legt weg,
legte weg,
weggelegt,
legte weg,
leg weg,
lege weg,
legt weg,
haben,
fremdgehen,
gehe fremd,
gehst fremd,
geht fremd,
ging fremd,
fremdgegangen,
ginge fremd,
gehe fremd,
geht fremd,
sein,
linsen,
linse,
linst,
linst,
linste,
gelinst,
linste,
lins,
linse,
linst,
haben,
missverstehen,
missverstehe,
missverstehst,
missversteht,
missverstand,
missverstanden,
missverstände,
missverstünde,
missversteh,
missverstehe,
missversteht,
haben,
entfesseln,
entfessele,
entfessle,
entfesselst,
entfesselt,
entfesselte,
entfesselt,
entfesselte,
entfessele,
entfesselt,
haben,
auftanken,
tanke auf,
tankst auf,
tankt auf,
tankte auf,
aufgetankt,
tankte auf,
tank auf,
tanke auf,
tankt auf,
haben,
entflohen,
entflohe,
entflohst,
entfloht,
entflohte,
entfloht,
entflohte,
entfloh,
entflohe,
entfloht,
haben,
verweilen,
verweile,
verweilst,
verweilt,
verweilte,
verweilt,
verweilte,
verweile,
verweil,
verweilt,
haben,
vereiteln,
vereitle,
vereitelst,
vereitelt,
vereitelte,
vereitelt,
vereitelte,
vereitle,
vereitelt,
haben,
erarbeiten,
erarbeite,
erarbeitest,
erarbeitet,
erarbeitete,
erarbeitet,
erarbeitete,
erarbeit,
erarbeite,
erarbeitet,
haben,
blättern,
blättere,
blätterst,
blättert,
blätterte,
geblättert,
blätterte,
blättere,
blätter,
blättert,
haben,
tilgen,
tilge,
tilgst,
tilgt,
tilgte,
getilgt,
tilgte,
tilg,
tilge,
tilgt,
haben,
feststecken,
stecke fest,
steckst fest,
steckt fest,
steckte fest,
festgesteckt,
steckte fest,
steck fest,
stecke fest,
steckt fest,
haben,
auflisten,
liste auf,
listest auf,
listet auf,
listete auf,
aufgelistet,
listete auf,
list auf,
liste auf,
listet auf,
haben,
konkurrieren,
konkurriere,
konkurrierst,
konkurriert,
konkurrierte,
konkurriert,
konkurrierte,
konkurriere,
konkurrier,
konkurriert,
haben,
nachhelfen,
helfe nach,
hilfst nach,
hilft nach,
half nach,
nachgeholfen,
hülfe nach,
hilf nach,
helft nach,
haben,
rehabilitieren,
rehabilitiere,
rehabilitierst,
rehabilitiert,
rehabilitierte,
rehabilitiert,
rehabilitierte,
rehabilitiere,
rehabilitier,
rehabilitiert,
haben,
überlaufen,
laufe über,
läufst über,
läuft über,
lief über,
übergelaufen,
liefe über,
lauf über,
laufe über,
lauft über,
sein,
aufzwingen,
zwinge auf,
zwingst auf,
zwingt auf,
zwang auf,
aufgezwungen,
zwänge auf,
zwinge auf,
zwingt auf,
haben,
desinfizieren,
desinfiziere,
desinfizierst,
desinfiziert,
desinfizierte,
desinfiziert,
desinfizierte,
desinfizier,
desinfiziere,
desinfiziert,
haben,
verkrüppeln,
verkrüppele,
verkrüppelst,
verkrüppelt,
verkrüppelte,
verkrüppelt,
verkrüppelte,
verkrüppel,
verkrüppele,
verkrüppelt,
haben,
sein,
zerkratzen,
zerkratze,
zerkratzt,
zerkratzt,
zerkratzte,
zerkratzt,
zerkratzte,
zerkratz,
zerkratze,
zerkratzt,
haben,
poppen,
poppe,
poppst,
poppt,
poppte,
gepoppt,
poppte,
poppe,
poppt,
haben,
verknüpfen,
verknüpfe,
verknüpfst,
verknüpft,
verknüpfte,
verknüpft,
verknüpfte,
verknüpfe,
verknüpf,
verknüpft,
haben,
schnattern,
schnattere,
schnatterst,
schnattert,
schnatterte,
geschnattert,
schnatterte,
schnatter,
schnattere,
schnattert,
haben,
verwahren,
verwahre,
verwahrst,
verwahrt,
verwahrte,
verwahrt,
verwahrte,
verwahr,
verwahre,
verwahrt,
haben,
rinnen,
rinne,
rinnst,
rinnt,
rann,
geronnen,
ränne,
rönne,
rinn,
rinne,
rinnt,
sein,
ausstrecken,
strecke aus,
streckst aus,
streckt aus,
streckte aus,
ausgestreckt,
streckte aus,
streck aus,
strecke aus,
streckt aus,
haben,
wegmachen,
mache weg,
machst weg,
macht weg,
machte weg,
weggemacht,
machte weg,
mach weg,
mache weg,
macht weg,
haben,
ergründen,
ergründe,
ergründest,
ergründet,
ergründete,
ergründet,
ergründete,
ergründe,
ergründet,
haben,
unterstreichen,
unterstreiche,
unterstreichst,
unterstreicht,
unterstrich,
unterstrichen,
unterstriche,
unterstreich,
unterstreiche,
unterstreicht,
haben,
vergelten,
vergelte,
vergiltst,
vergilt,
vergalt,
vergolten,
vergälte,
vergölte,
vergilt,
vergeltet,
haben,
erörtern,
erörtere,
erörterst,
erörtert,
erörterte,
erörtert,
erörterte,
erörtere,
erörtert,
haben,
ausladen,
lade aus,
lädst aus,
lädt aus,
lud aus,
ausgeladen,
lüde aus,
lad aus,
lade aus,
ladet aus,
haben,
mogeln,
mogle,
mogele,
mogelst,
mogelt,
mogelte,
gemogelt,
mogelte,
mogle,
mogele,
mogelt,
haben,
abwickeln,
wickele ab,
wickelst ab,
wickelt ab,
wickelte ab,
abgewickelt,
wickelte ab,
wickle ab,
wickele ab,
wickelt ab,
haben,
erbringen,
erbringe,
erbringst,
erbringt,
erbrachte,
erbracht,
erbrächte,
erbring,
erbringe,
erbringt,
haben,
reinschauen,
schaue rein,
schaust rein,
schaut rein,
schaute rein,
reingeschaut,
schaute rein,
schau rein,
schaue rein,
schaut rein,
haben,
verdursten,
verdurste,
verdurstest,
verdurstet,
verdurstete,
verdurstet,
verdurstete,
verdurst,
verdurste,
verdurstet,
sein,
erwärmen,
erwärme,
erwärmst,
erwärmt,
erwärmte,
erwärmt,
erwärmte,
erwärm,
erwärme,
erwärmt,
haben,
durchlesen,
lese durch,
liest durch,
liest durch,
las durch,
durchgelesen,
läse durch,
lies durch,
lest durch,
haben,
schrammen,
schramme,
schrammst,
schrammt,
schrammte,
geschrammt,
schrammte,
schramm,
schramme,
schrammt,
haben,
sein,
tuten,
tute,
tutest,
tutet,
tutete,
getutet,
tutete,
tut,
tute,
tutet,
haben,
flaggen,
flagge,
flaggst,
flaggt,
flaggte,
geflaggt,
flaggte,
flagg,
flagge,
flaggt,
haben,
verfrachten,
verfrachte,
verfrachtest,
verfrachtet,
verfrachtete,
verfrachtet,
verfrachtete,
verfracht,
verfrachte,
verfrachtet,
haben,
verblassen,
verblasse,
verblasst,
verblasst,
verblasste,
verblasst,
verblasste,
verblass,
verblasse,
verblasst,
sein,
verspannen,
verspanne,
verspannst,
verspannt,
verspannte,
verspannt,
verspannte,
verspann,
verspanne,
verspannt,
haben,
spotten,
spotte,
spottest,
spottet,
spottete,
gespottet,
spottete,
spotte,
spottet,
haben,
verschmutzen,
verschmutze,
verschmutzt,
verschmutzt,
verschmutzte,
verschmutzt,
verschmutzte,
verschmutze,
verschmutz,
verschmutzt,
haben,
kontakten,
kontakte,
kontaktest,
kontaktet,
kontaktete,
kontaktet,
kontaktete,
kontakte,
kontaktet,
haben,
bereisen,
bereise,
bereist,
bereist,
bereiste,
bereist,
bereiste,
bereis,
bereise,
bereist,
haben,
überrollen,
überrolle,
überrollst,
überrollt,
überrollte,
überrollt,
überrollte,
überroll,
überrolle,
überrollt,
haben,
hintreten,
trete hin,
trittst hin,
tritt hin,
trat hin,
hingetreten,
träte hin,
tritt hin,
tretet hin,
haben,
sein,
projizieren,
projiziere,
projizierst,
projiziert,
projizierte,
projiziert,
projizierte,
projiziere,
projizier,
projiziert,
haben,
durchlassen,
lasse durch,
lässt durch,
lässt durch,
ließ durch,
durchgelassen,
ließe durch,
lasse durch,
lasst durch,
haben,
hochfahren,
fahre hoch,
fährst hoch,
fährt hoch,
fuhr hoch,
hochgefahren,
führe hoch,
fahr hoch,
fahre hoch,
fahrt hoch,
haben,
sein,
überwiegen,
überwiege,
überwiegst,
überwiegt,
überwog,
überwogen,
überwöge,
überwieg,
überwiege,
überwiegt,
haben,
spaßen,
spaße,
spaßt,
spaßt,
spaßte,
gespaßt,
spaßte,
spaße,
spaßet,
spaßt,
haben,
seilen,
seile,
seilst,
seilt,
seilte,
geseilt,
seilte,
seil,
seile,
seilt,
haben,
zusetzen,
setze zu,
setzt zu,
setzt zu,
setzte zu,
zugesetzt,
setzte zu,
setz zu,
setze zu,
setzt zu,
haben,
kompensieren,
kompensiere,
kompensierst,
kompensiert,
kompensierte,
kompensiert,
kompensierte,
kompensiere,
kompensier,
kompensiert,
haben,
beliefern,
beliefere,
belieferst,
beliefert,
belieferte,
beliefert,
belieferte,
beliefere,
beliefert,
haben,
herankommen,
komme heran,
kommst heran,
kommt heran,
kam heran,
herangekommen,
käme heran,
komm heran,
kommt heran,
sein,
ragen,
rage,
ragst,
ragt,
ragte,
geragt,
ragte,
rag,
rage,
ragt,
haben,
anbrüllen,
brülle an,
brüllst an,
brüllt an,
brüllte an,
angebrüllt,
brüllte an,
brüll an,
brülle an,
brüllt an,
haben,
korken,
korke,
korkst,
korkt,
korkte,
gekorkt,
korkte,
kork,
korke,
korkt,
haben,
entheben,
enthebe,
enthebst,
enthebt,
enthob,
enthoben,
enthöbe,
enthübe,
entheb,
enthebe,
enthebt,
haben,
fotzen,
fotze,
fotzt,
fotzt,
fotzte,
gefotzt,
fotzte,
fotz,
fotze,
fotzt,
haben,
perfektionieren,
perfektioniere,
perfektionierst,
perfektioniert,
perfektionierte,
perfektioniert,
perfektionierte,
perfektioniere,
perfektionier,
perfektioniert,
haben,
anmalen,
male an,
malst an,
malt an,
malte an,
angemalt,
malte an,
mal an,
male an,
malt an,
haben,
sohlen,
sohle,
sohlst,
sohlt,
sohlte,
gesohlt,
sohlte,
sohl,
sohle,
sohlt,
haben,
beurlauben,
beurlaube,
beurlaubst,
beurlaubt,
beurlaubte,
beurlaubt,
beurlaubte,
beurlaub,
beurlaube,
beurlaubt,
haben,
erwirken,
erwirke,
erwirkst,
erwirkt,
erwirkte,
erwirkt,
erwirkte,
erwirk,
erwirke,
erwirkt,
haben,
ausstechen,
steche aus,
stichst aus,
sticht aus,
stach aus,
ausgestochen,
stäche aus,
stich aus,
stecht aus,
haben,
zusammenfügen,
füge zusammen,
fügst zusammen,
fügt zusammen,
fügte zusammen,
zusammengefügt,
fügte zusammen,
füg zusammen,
füge zusammen,
fügt zusammen,
haben,
zurückführen,
führe zurück,
führst zurück,
führt zurück,
führte zurück,
zurückgeführt,
führte zurück,
führ zurück,
führe zurück,
führt zurück,
haben,
vergeigen,
vergeige,
vergeigst,
vergeigt,
vergeigte,
vergeigt,
vergeigte,
vergeig,
vergeige,
vergeigt,
haben,
mitreißen,
reiße mit,
reißt mit,
reißt mit,
riss mit,
mitgerissen,
risse mit,
reiß mit,
reißt mit,
haben,
aufbleiben,
bleibe auf,
bleibst auf,
bleibt auf,
blieb auf,
aufgeblieben,
bliebe auf,
bleibe auf,
bleib auf,
bleibt auf,
sein,
bewähren,
bewähre,
bewährst,
bewährt,
bewährte,
bewährt,
bewährte,
bewähr,
bewähre,
bewährt,
haben,
auftauen,
taue auf,
taust auf,
taut auf,
taute auf,
aufgetaut,
taute auf,
tau auf,
taue auf,
taut auf,
haben,
sein,
auseinandernehmen,
nehme auseinander,
nimmst auseinander,
nimmt auseinander,
nahm auseinander,
auseinandergenommen,
nähme auseinander,
nimm auseinander,
nehmt auseinander,
haben,
vernarren,
vernarre,
vernarrst,
vernarrt,
vernarrte,
vernarrt,
vernarrte,
vernarr,
vernarre,
vernarrt,
haben,
verleumden,
verleumde,
verleumdest,
verleumdet,
verleumdete,
verleumdet,
verleumdete,
verleumde,
verleumdet,
haben,
anmaßen,
maße an,
maßt an,
maßt an,
maßte an,
angemaßt,
maßte an,
maß an,
maße an,
maßt an,
haben,
zirpen,
zirpe,
zirpst,
zirpt,
zirpte,
gezirpt,
zirpte,
zirp,
zirpe,
zirpt,
haben,
zieren,
ziere,
zierst,
ziert,
zierte,
geziert,
zierte,
zier,
ziere,
ziert,
haben,
dominieren,
dominiere,
dominierst,
dominiert,
dominierte,
dominiert,
dominierte,
dominier,
dominiere,
dominiert,
haben,
wälzen,
wälze,
wälzt,
wälzt,
wälzte,
gewälzt,
wälzte,
wälze,
wälzt,
haben,
verstreichen,
verstreiche,
verstreichst,
verstreicht,
verstrich,
verstrichen,
verstriche,
verstreiche,
verstreicht,
haben,
abraten,
rate ab,
rätst ab,
rät ab,
riet ab,
abgeraten,
riete ab,
rat ab,
rate ab,
ratet ab,
haben,
schinden,
schinde,
schindest,
schindet,
schindete,
schund,
geschunden,
schindete,
schünde,
schinde,
schind,
schindet,
haben,
abfackeln,
fackele ab,
fackle ab,
fackelst ab,
fackelt ab,
fackelte ab,
abgefackelt,
fackelte ab,
fackele ab,
fackle ab,
fackelt ab,
haben,
texten,
texte,
textest,
textet,
textete,
getextet,
textete,
text,
texte,
textet,
haben,
stricken,
stricke,
strickst,
strickt,
strickte,
gestrickt,
strickte,
stricke,
strick,
strickt,
haben,
beglückwünschen,
beglückwünsche,
beglückwünschst,
beglückwünscht,
beglückwünscht,
beglückwünschte,
beglückwünscht,
beglückwünschte,
beglückwünsche,
beglückwünscht,
haben,
entledigen,
entledige,
entledigst,
entledigt,
entledigte,
entledigt,
entledigte,
entledig,
entledige,
entledigt,
haben,
zerhacken,
zerhacke,
zerhackst,
zerhackt,
zerhackte,
zerhackt,
zerhackte,
zerhack,
zerhacke,
zerhackt,
haben,
zufriedenstellen,
stelle zufrieden,
stellst zufrieden,
stellt zufrieden,
stellte zufrieden,
zufriedengestellt,
stellte zufrieden,
stelle zufrieden,
stellt zufrieden,
haben,
verwesen,
verwese,
verwest,
verwest,
verweste,
verwest,
verweste,
verwes,
verwese,
verwest,
sein,
ausleben,
lebe aus,
lebst aus,
lebt aus,
lebte aus,
ausgelebt,
lebte aus,
leb aus,
lebe aus,
lebt aus,
haben,
durchsickern,
sickere durch,
sickerst durch,
sickert durch,
sickerte durch,
durchgesickert,
sickerte durch,
sickere durch,
sickert durch,
sein,
hinausgehen,
gehe hinaus,
gehst hinaus,
geht hinaus,
ging hinaus,
hinausgegangen,
ginge hinaus,
geh hinaus,
gehe hinaus,
geht hinaus,
sein,
zutun,
tue zu,
tust zu,
tut zu,
tat zu,
zugetan,
täte zu,
tu zu,
tue zu,
tut zu,
haben,
ausscheiden,
scheide aus,
scheidest aus,
scheidet aus,
schied aus,
ausgeschieden,
schiede aus,
scheide aus,
scheidet aus,
haben,
sein,
konsumieren,
konsumiere,
konsumierst,
konsumiert,
konsumierte,
konsumiert,
konsumierte,
konsumiere,
konsumier,
konsumiert,
haben,
verkommen,
verkomme,
verkommst,
verkommt,
verkam,
verkommen,
verkäme,
verkomme,
verkomm,
verkommt,
sein,
ballen,
balle,
ballst,
ballt,
ballte,
geballt,
ballte,
balle,
ball,
ballt,
ballet,
haben,
verfangen,
verfange,
verfängst,
verfängt,
verfing,
verfangen,
verfinge,
verfang,
verfange,
verfangt,
haben,
verdreifachen,
verdreifache,
verdreifachst,
verdreifacht,
verdreifachte,
verdreifacht,
verdreifachte,
verdreifach,
verdreifache,
verdreifacht,
haben,
reproduzieren,
reproduziere,
reproduzierst,
reproduziert,
reproduzierte,
reproduziert,
reproduzierte,
reproduzier,
reproduziere,
reproduziert,
haben,
einplanen,
plane ein,
planst ein,
plant ein,
plante ein,
eingeplant,
plante ein,
plan ein,
plane ein,
plant ein,
haben,
aussaugen,
sauge aus,
saugst aus,
saugt aus,
sog aus,
saugte aus,
ausgesogen,
ausgesaugt,
söge aus,
saugte aus,
sauge aus,
saugt aus,
sauget aus,
haben,
knabbern,
knabbere,
knabberst,
knabbert,
knabberte,
geknabbert,
knabberte,
knabber,
knabbere,
knabbert,
haben,
desertieren,
desertiere,
desertierst,
desertiert,
desertierte,
desertiert,
desertierte,
desertiere,
desertier,
desertiert,
sein,
haben,
nominieren,
nominiere,
nominierst,
nominiert,
nominierte,
nominiert,
nominierte,
nominiere,
nominier,
nominiert,
haben,
bezichtigen,
bezichtige,
bezichtigst,
bezichtigt,
bezichtigte,
bezichtigt,
bezichtigte,
bezichtige,
bezichtigt,
haben,
appellieren,
appelliere,
appellierst,
appelliert,
appellierte,
appelliert,
appellierte,
appelliere,
appellier,
appelliert,
haben,
wirbeln,
wirble,
wirbelst,
wirbelt,
wirbelte,
gewirbelt,
wirbelte,
wirble,
wirbelt,
haben,
panzern,
panzere,
panzerst,
panzert,
panzerte,
gepanzert,
panzerte,
panzere,
panzer,
panzert,
haben,
entsetzen,
entsetze,
entsetzt,
entsetzt,
entsetzte,
entsetzt,
entsetzte,
entsetz,
entsetze,
entsetzt,
haben,
kicken,
kicke,
kickst,
kickt,
kickte,
gekickt,
kickte,
kick,
kicke,
kickt,
haben,
zutragen,
trage zu,
trägst zu,
trägt zu,
trug zu,
zugetragen,
trüge zu,
trag zu,
trage zu,
tragt zu,
haben,
verstimmen,
verstimme,
verstimmst,
verstimmt,
verstimmte,
verstimmt,
verstimmte,
verstimme,
verstimmt,
haben,
einleben,
lebe ein,
lebst ein,
lebt ein,
lebte ein,
eingelebt,
lebte ein,
leb ein,
lebe dich ein,
lebt ein,
haben,
entstellen,
entstelle,
entstellst,
entstellt,
entstellte,
entstellt,
entstellte,
entstell,
entstelle,
entstellt,
haben,
zuwerfen,
werfe zu,
wirfst zu,
wirft zu,
warf zu,
zugeworfen,
würfe zu,
wirf zu,
werft zu,
haben,
adressieren,
adressiere,
adressierst,
adressiert,
adressierte,
adressiert,
adressierte,
adressiere,
adressier,
adressiert,
haben,
ärschen,
ärsche,
ärschst,
ärscht,
ärschte,
geärscht,
ärschte,
ärsche,
ärscht,
haben,
einwenden,
wende ein,
wendest ein,
wendet ein,
wandte ein,
wendete ein,
eingewandt,
eingewendet,
wandte ein,
wendete ein,
wend ein,
wende ein,
wendet ein,
haben,
verwählen,
verwähle,
verwählst,
verwählt,
verwählte,
verwählt,
verwählte,
verwähl,
verwähle,
verwählt,
haben,
volltanken,
tanke voll,
tankst voll,
tankt voll,
tankte voll,
vollgetankt,
tankte voll,
tank voll,
tanke voll,
tankt voll,
haben,
auftischen,
tische auf,
tischst auf,
tischt auf,
tischte auf,
aufgetischt,
tischte auf,
tisch auf,
tische auf,
tischt auf,
haben,
einreisen,
reise ein,
reist ein,
reist ein,
reiste ein,
eingereist,
reiste ein,
reis ein,
reise ein,
reist ein,
sein,
nachprüfen,
prüfe nach,
prüfst nach,
prüft nach,
prüfte nach,
nachgeprüft,
prüfte nach,
prüf nach,
prüfe nach,
prüft nach,
haben,
fasten,
faste,
fastest,
fastet,
fastete,
gefastet,
fastete,
fast,
faste,
fastet,
haben,
ausbauen,
baue aus,
baust aus,
baut aus,
baute aus,
ausgebaut,
baute aus,
bau aus,
baue aus,
baut aus,
haben,
verwehen,
verwehe,
verwehst,
verweht,
verwehte,
verweht,
verwehte,
verwehe,
verweht,
sein,
haben,
zustellen,
stelle zu,
stellst zu,
stellt zu,
stellte zu,
zugestellt,
stellte zu,
stell zu,
stelle zu,
stellt zu,
haben,
entziffern,
entziffere,
entzifferst,
entziffert,
entzifferte,
entziffert,
entzifferte,
entziffer,
entziffere,
entziffert,
haben,
riegeln,
riegele,
riegelst,
riegelt,
riegelte,
geriegelt,
riegelte,
riegel,
riegle,
riegelt,
haben,
dabeihaben,
habe dabei,
hast dabei,
hat dabei,
hatte dabei,
dabeigehabt,
hätte dabei,
hab dabei,
habe dabei,
habt dabei,
haben,
verschiffen,
verschiffe,
verschiffst,
verschifft,
verschiffte,
verschifft,
verschiffte,
verschiff,
verschiffe,
verschifft,
haben,
urinieren,
uriniere,
urinierst,
uriniert,
urinierte,
uriniert,
urinierte,
uriniere,
urinier,
uriniert,
haben,
raunen,
raune,
raunst,
raunt,
raunte,
geraunt,
raunte,
raun,
raune,
raunt,
haben,
schnurren,
schnurre,
schnurrst,
schnurrt,
schnurrte,
geschnurrt,
schnurrte,
schnurre,
schnurrt,
haben,
ausweiden,
weide aus,
weidest aus,
weidet aus,
weidete aus,
ausgeweidet,
weidete aus,
weid aus,
weide aus,
weidet aus,
haben,
disqualifizieren,
disqualifiziere,
disqualifizierst,
disqualifiziert,
disqualifizierte,
disqualifiziert,
disqualifizierte,
disqualifizier,
disqualifiziere,
disqualifiziert,
haben,
zudrücken,
drücke zu,
drückst zu,
drückt zu,
drückte zu,
zugedrückt,
drückte zu,
drück zu,
drücke zu,
drückt zu,
haben,
unterbinden,
unterbinde,
unterbindest,
unterbindet,
unterband,
unterbunden,
unterbände,
unterbinde,
unterbindet,
haben,
entern,
entere,
enterst,
entert,
enterte,
geentert,
enterte,
entere,
entert,
haben,
fungieren,
fungiere,
fungierst,
fungiert,
fungierte,
fungiert,
fungierte,
fungier,
fungiere,
fungiert,
haben,
nörgeln,
nörgle,
nörgelst,
nörgelt,
nörgelte,
genörgelt,
nörgelte,
nörgle,
nörgelt,
haben,
mitzählen,
zähle mit,
zählst mit,
zählt mit,
zählte mit,
mitgezählt,
zählte mit,
zähl mit,
zähle mit,
zählt mit,
haben,
beilegen,
lege bei,
legst bei,
legt bei,
legte bei,
beigelegt,
legte bei,
leg bei,
lege bei,
legt bei,
haben,
besudeln,
besudle,
besudelst,
besudelt,
besudelte,
besudelt,
besudelte,
besudle,
besudel,
besudelt,
haben,
abgewöhnen,
gewöhne ab,
gewöhnst ab,
gewöhnt ab,
gewöhnte ab,
abgewöhnt,
gewöhnte ab,
gewöhn ab,
gewöhne ab,
gewöhnt ab,
haben,
blöken,
blöke,
blökst,
blökt,
blökte,
geblökt,
blökte,
blöke,
blökt,
haben,
liquidieren,
liquidiere,
liquidierst,
liquidiert,
liquidierte,
liquidiert,
liquidierte,
liquidier,
liquidiere,
liquidiert,
haben,
besprühen,
besprühe,
besprühst,
besprüht,
besprühte,
besprüht,
besprühte,
besprüh,
besprühe,
besprüht,
haben,
erröten,
erröte,
errötest,
errötet,
errötete,
errötet,
errötete,
erröte,
errötet,
sein,
umfassen,
umfasse,
umfasst,
umfasst,
umfasste,
umfasst,
umfasste,
umfasse,
umfasst,
umfasset,
haben,
schockieren,
schockiere,
schockierst,
schockiert,
schockierte,
schockiert,
schockierte,
schockiere,
schockier,
schockiert,
haben,
verbürgen,
verbürge,
verbürgst,
verbürgt,
verbürgte,
verbürgt,
verbürgte,
verbürg,
verbürge,
verbürgt,
haben,
aufschnappen,
schnappe auf,
schnappst auf,
schnappt auf,
schnappte auf,
aufgeschnappt,
schnappte auf,
schnappe auf,
schnapp auf,
schnappt auf,
haben,
sein,
anlaufen,
laufe an,
läufst an,
läuft an,
lief an,
angelaufen,
liefe an,
lauf an,
laufe an,
lauft an,
sein,
hochklettern,
kletter hoch,
klettere hoch,
kletterst hoch,
klettert hoch,
kletterte hoch,
hochgeklettert,
kletterte hoch,
kletter hoch,
klettere hoch,
klettert hoch,
sein,
ausdehnen,
dehne aus,
dehnst aus,
dehnt aus,
dehnte aus,
ausgedehnt,
dehnte aus,
dehn aus,
dehne aus,
dehnt aus,
haben,
spreizen,
spreize,
spreizt,
spreizt,
spreizte,
gespreizt,
spreizte,
spreize,
spreizt,
haben,
zunähen,
nähe zu,
nähst zu,
näht zu,
nähte zu,
zugenäht,
nähte zu,
nähe zu,
näht zu,
haben,
freimachen,
mache frei,
machst frei,
macht frei,
machte frei,
freigemacht,
machte frei,
mach frei,
mache frei,
macht frei,
haben,
mitarbeiten,
arbeite mit,
arbeitest mit,
arbeitet mit,
arbeitete mit,
mitgearbeitet,
arbeitete mit,
arbeite mit,
arbeit mit,
arbeitet mit,
haben,
verlernen,
verlerne,
verlernst,
verlernt,
verlernte,
verlernt,
verlernte,
verlern,
verlerne,
verlernt,
haben,
schlummern,
schlummere,
schlummerst,
schlummert,
schlummerte,
geschlummert,
schlummerte,
schlummere,
schlummert,
haben,
festigen,
festige,
festigst,
festigt,
festigte,
gefestigt,
festigte,
festige,
festigt,
haben,
mäßigen,
mäßige,
mäßigst,
mäßigt,
mäßigte,
gemäßigt,
mäßigte,
mäßige,
mäßigt,
haben,
düsen,
düse,
düst,
düst,
düste,
gedüst,
düste,
düs,
düse,
düst,
sein,
verkohlen,
verkohle,
verkohlst,
verkohlt,
verkohlte,
verkohlt,
verkohlte,
verkohl,
verkohle,
verkohlt,
sein,
verkleinern,
verkleinere,
verkleinerst,
verkleinert,
verkleinerte,
verkleinert,
verkleinerte,
verkleinere,
verkleinert,
haben,
ermessen,
ermesse,
ermisst,
ermisst,
ermaß,
ermessen,
ermäße,
ermiss,
ermesst,
haben,
umfahren,
umfahre,
umfährst,
umfährt,
umfuhr,
umfahren,
umführe,
umfahre,
umfahr,
umfahrt,
haben,
aufrichten,
richte auf,
richtest auf,
richtet auf,
richtete auf,
aufgerichtet,
richtete auf,
richte auf,
richtet auf,
haben,
turnen,
turne,
turnst,
turnt,
turnte,
geturnt,
turnte,
turne,
turnt,
sein,
haben,
bücken,
bücke,
bückst,
bückt,
bückte,
gebückt,
bückte,
bücke,
bückt,
haben,
erachten,
erachte,
erachtest,
erachtet,
erachtete,
erachtet,
erachtete,
eracht,
erachte,
erachtet,
haben,
anschreiben,
schreibe an,
schreibst an,
schreibt an,
schrieb an,
angeschrieben,
schriebe an,
schreib an,
schreibe an,
schreibt an,
haben,
zersetzen,
zersetze,
zersetzt,
zersetzt,
zersetzte,
zersetzt,
zersetzte,
zersetz,
zersetze,
zersetzt,
haben,
halbieren,
halbiere,
halbierst,
halbiert,
halbierte,
halbiert,
halbierte,
halbier,
halbiere,
halbiert,
haben,
dampfen,
dampfe,
dampfst,
dampft,
dampfte,
gedampft,
dampfte,
dampfe,
dampf,
dampft,
haben,
munkeln,
munkle,
munkelst,
munkelt,
munkelte,
gemunkelt,
munkelte,
munkle,
munkelt,
haben,
posieren,
posiere,
posierst,
posiert,
posierte,
posiert,
posierte,
posiere,
posier,
posiert,
haben,
anlächeln,
lächle an,
lächelst an,
lächelt an,
lächelte an,
angelächelt,
lächelte an,
lächle an,
lächel an,
lächelt an,
haben,
darlegen,
lege dar,
legst dar,
legt dar,
legte dar,
dargelegt,
legte dar,
leg dar,
lege dar,
legt dar,
haben,
vermessen,
vermesse,
vermisst,
vermisst,
vermaß,
vermessen,
vermäße,
vermiss,
vermesst,
haben,
abmurksen,
murkse ab,
murkst ab,
murkst ab,
murkste ab,
abgemurkst,
murkste ab,
murkse ab,
murkst ab,
haben,
eingraben,
grabe ein,
gräbst ein,
gräbt ein,
grub ein,
eingegraben,
grübe ein,
grab ein,
grabe ein,
grabt ein,
haben,
stocken,
stocke,
stockst,
stockt,
stockte,
gestockt,
stockte,
stock,
stocke,
stockt,
haben,
einräumen,
räume ein,
räumst ein,
räumt ein,
räumte ein,
eingeräumt,
räumte ein,
räum ein,
räume ein,
räumt ein,
räumet ein,
haben,
regulieren,
reguliere,
regulierst,
reguliert,
regulierte,
reguliert,
regulierte,
reguliere,
regulier,
reguliert,
haben,
absägen,
säge ab,
sägst ab,
sägt ab,
sägte ab,
abgesägt,
sägte ab,
säg ab,
säge ab,
sägt ab,
haben,
zubringen,
bringe zu,
bringst zu,
bringt zu,
brachte zu,
zugebracht,
brächte zu,
bring zu,
bringt zu,
haben,
degradieren,
degradiere,
degradierst,
degradiert,
degradierte,
degradiert,
degradierte,
degradier,
degradiere,
degradiert,
haben,
erstrecken,
erstrecke,
erstreckst,
erstreckt,
erstreckte,
erstreckt,
erstreckte,
erstreck,
erstrecke,
erstreckt,
haben,
kidnappen,
kidnappe,
kidnappst,
kidnappt,
kidnappte,
gekidnappt,
kidnappte,
kidnapp,
kidnappe,
kidnappt,
haben,
ertönen,
ertöne,
ertönst,
ertönt,
ertönte,
ertönt,
ertönte,
ertöne,
ertönt,
sein,
verpfänden,
verpfände,
verpfändest,
verpfändet,
verpfändete,
verpfändet,
verpfändete,
verpfänd,
verpfände,
verpfändet,
haben,
absaugen,
sauge ab,
saugst ab,
saugt ab,
sog ab,
saugte ab,
abgesogen,
abgesaugt,
söge ab,
saugte ab,
saug ab,
sauge ab,
saugt ab,
sauget ab,
haben,
verarzten,
verarzte,
verarztest,
verarztet,
verarztete,
verarztet,
verarztete,
verarzt,
verarzte,
verarztet,
haben,
anbrechen,
breche an,
brichst an,
bricht an,
brach an,
angebrochen,
bräche an,
brich an,
brecht an,
haben,
sein,
initiieren,
initiiere,
initiierst,
initiiert,
initiierte,
initiiert,
initiierte,
initiiere,
initiier,
initiiert,
haben,
bestatten,
bestatte,
bestattest,
bestattet,
bestattete,
bestattet,
bestattete,
bestatt,
bestatte,
bestattet,
haben,
montieren,
montiere,
montierst,
montiert,
montierte,
montiert,
montierte,
montiere,
montier,
montiert,
montieret,
haben,
anlocken,
locke an,
lockst an,
lockt an,
lockte an,
angelockt,
lockte an,
lock an,
locke an,
lockt an,
haben,
absegnen,
segne ab,
segnest ab,
segnet ab,
segnete ab,
abgesegnet,
segnete ab,
segne ab,
segnet ab,
haben,
abscheiden,
scheide ab,
scheidest ab,
scheidet ab,
schied ab,
abgeschieden,
schiede ab,
scheid ab,
scheide ab,
scheidet ab,
haben,
sein,
mildern,
mildere,
milderst,
mildert,
milderte,
gemildert,
milderte,
mildere,
mildert,
haben,
überbrücken,
überbrücke,
überbrückst,
überbrückt,
überbrückte,
überbrückt,
überbrückte,
überbrück,
überbrücke,
überbrückt,
haben,
rätseln,
rätsel,
rätselst,
rätselt,
rätselte,
gerätselt,
rätselte,
rätsel,
rätsle,
rätselt,
haben,
abarbeiten,
arbeite ab,
arbeitest ab,
arbeitet ab,
arbeitete ab,
abgearbeitet,
arbeitete ab,
arbeite ab,
arbeitet ab,
haben,
lackieren,
lackiere,
lackierst,
lackiert,
lackierte,
lackiert,
lackierte,
lackiere,
lackier,
lackiert,
haben,
andrehen,
drehe an,
drehst an,
dreht an,
drehte an,
angedreht,
drehte an,
dreh an,
drehe an,
dreht an,
haben,
auswandern,
wandere aus,
wanderst aus,
wandert aus,
wanderte aus,
ausgewandert,
wanderte aus,
wander aus,
wandere aus,
wandert aus,
sein,
brandmarken,
brandmarke,
brandmarkst,
brandmarkt,
brandmarkte,
gebrandmarkt,
brandmarkte,
brandmarke,
brandmarkt,
haben,
niederknien,
knie nieder,
kniest nieder,
kniet nieder,
kniete nieder,
niedergekniet,
kniete nieder,
knie nieder,
kniet nieder,
haben,
sein,
bekleiden,
bekleide,
bekleidest,
bekleidet,
bekleidete,
bekleidet,
bekleidete,
bekleid,
bekleide,
bekleidet,
haben,
muhen,
muhe,
muhst,
muht,
muhte,
gemuht,
muhte,
muh,
muhe,
muht,
haben,
vorhersehen,
sehe vorher,
siehst vorher,
sieht vorher,
sah vorher,
vorhergesehen,
sähe vorher,
sieh vorher,
siehe vorher,
seht vorher,
haben,
heranwachsen,
wachse heran,
wächst heran,
wächst heran,
wuchs heran,
herangewachsen,
wüchse heran,
wachse heran,
wachst heran,
sein,
quittieren,
quittiere,
quittierst,
quittiert,
quittierte,
quittiert,
quittierte,
quittiere,
quittier,
quittiert,
haben,
auflauern,
lauere auf,
lauerst auf,
lauert auf,
lauerte auf,
aufgelauert,
lauerte auf,
lauere auf,
lauert auf,
haben,
angehören,
gehöre an,
gehörst an,
gehört an,
gehörte an,
angehört,
gehörte an,
gehör an,
gehöre an,
gehört an,
haben,
plappern,
plappere,
plapperst,
plappert,
plapperte,
geplappert,
plapperte,
plapper,
plappere,
plappert,
haben,
verträumen,
verträume,
verträumst,
verträumt,
verträumte,
verträumt,
verträumte,
verträum,
verträume,
verträumt,
haben,
sabbern,
sabbere,
sabberst,
sabbert,
sabberte,
gesabbert,
sabberte,
sabber,
sabbere,
sabbert,
haben,
dämmern,
dämmere,
dämmerst,
dämmert,
dämmerte,
gedämmert,
dämmerte,
dämmere,
dämmert,
haben,
stilllegen,
lege still,
legst still,
legt still,
legte still,
stillgelegt,
legte still,
leg still,
lege still,
legt still,
haben,
überdauern,
überdauere,
überdauerst,
überdauert,
überdauerte,
überdauert,
überdauerte,
überdauer,
überdauere,
überdauert,
haben,
zusammenbauen,
baue zusammen,
baust zusammen,
baut zusammen,
baute zusammen,
zusammengebaut,
baute zusammen,
bau zusammen,
baue zusammen,
baut zusammen,
haben,
übertönen,
übertöne,
übertönst,
übertönt,
übertönte,
übertönt,
übertönte,
übertön,
übertöne,
übertönt,
haben,
einkreisen,
kreise ein,
kreist ein,
kreist ein,
kreiste ein,
eingekreist,
kreiste ein,
kreis ein,
kreise ein,
kreist ein,
haben,
gegenüberstehen,
stehe gegenüber,
stehst gegenüber,
steht gegenüber,
stand gegenüber,
gegenübergestanden,
stünde gegenüber,
steh gegenüber,
stehe gegenüber,
steht gegenüber,
haben,
trödeln,
trödle,
trödele,
trödelst,
trödelt,
trödelte,
getrödelt,
trödelte,
trödle,
trödele,
trödelt,
haben,
verpetzen,
verpetze,
verpetzt,
verpetzt,
verpetzte,
verpetzt,
verpetzte,
verpetze,
verpetzt,
haben,
ausheben,
hebe aus,
hebst aus,
hebt aus,
hob aus,
ausgehoben,
höbe aus,
heb aus,
hebe aus,
hebt aus,
haben,
zurücklegen,
lege zurück,
legst zurück,
legt zurück,
legte zurück,
zurückgelegt,
legte zurück,
leg zurück,
lege zurück,
legt zurück,
haben,
kontaminieren,
kontaminiere,
kontaminierst,
kontaminiert,
kontaminierte,
kontaminiert,
kontaminierte,
kontaminiere,
kontaminier,
kontaminiert,
haben,
quieken,
quieke,
quiekst,
quiekt,
quiekte,
gequiekt,
quiekte,
quiek,
quieke,
quiekt,
haben,
verwundern,
verwundere,
verwunderst,
verwundert,
verwunderte,
verwundert,
verwunderte,
verwundere,
verwundert,
haben,
freinehmen,
nehme frei,
nimmst frei,
nimmt frei,
nahm frei,
freigenommen,
nähme frei,
nimm frei,
nehmt frei,
haben,
einäschern,
äschere ein,
äscherst ein,
äschert ein,
äscherte ein,
eingeäschert,
äscherte ein,
äschere ein,
äschert ein,
haben,
löhnen,
löhne,
löhnst,
löhnt,
löhnte,
gelöhnt,
löhnte,
löhne,
löhnt,
haben,
beschämen,
beschäme,
beschämst,
beschämt,
beschämte,
beschämt,
beschämte,
beschäme,
beschämt,
haben,
blubbern,
blubbere,
blubberst,
blubbert,
blubberte,
geblubbert,
blubberte,
blubbere,
blubbert,
haben,
vorankommen,
komme voran,
kommst voran,
kommt voran,
kam voran,
vorangekommen,
käme voran,
komm voran,
komme voran,
kommt voran,
sein,
zerfressen,
zerfresse,
zerfrisst,
zerfrisst,
zerfraß,
zerfressen,
zerfräße,
zerfriss,
zerfresse,
zerfresst,
haben,
entleeren,
entleere,
entleerst,
entleert,
entleerte,
entleert,
entleerte,
entleere,
entleert,
haben,
prophezeien,
prophezeie,
prophezeist,
prophezeit,
prophezeite,
prophezeit,
prophezeite,
prophezeie,
prophezei,
prophezeit,
haben,
vorbeugen,
beuge vor,
beugst vor,
beugt vor,
beugte vor,
vorgebeugt,
beugte vor,
beug vor,
beuge vor,
beugt vor,
haben,
verdreschen,
verdresche,
verdrischst,
verdrischt,
verdrischt,
verdrosch,
verdroschen,
verdrösche,
verdrisch,
verdrescht,
haben,
gaumen,
gaume,
gaumst,
gaumt,
gaumte,
gegaumt,
gaumte,
gaume,
gaumt,
haben,
erklimmen,
erklimme,
erklimmst,
erklimmt,
erklomm,
erklommen,
erklömme,
erklimme,
erklimmt,
haben,
ausstopfen,
stopfe aus,
stopfst aus,
stopft aus,
stopfte aus,
ausgestopft,
stopfte aus,
stopf aus,
stopfe aus,
stopft aus,
haben,
strippen,
strippe,
strippst,
strippt,
strippte,
gestrippt,
strippte,
strippe,
strippt,
haben,
verdampfen,
verdampfe,
verdampfst,
verdampft,
verdampfte,
verdampft,
verdampfte,
verdampf,
verdampft,
sein,
haben,
werken,
werke,
werkst,
werkt,
werkte,
gewerkt,
werkte,
werk,
werke,
werkt,
haben,
auswerten,
werte aus,
wertest aus,
wertet aus,
wertete aus,
ausgewertet,
wertete aus,
werte aus,
wertet aus,
haben,
rosten,
roste,
rostest,
rostet,
rostete,
gerostet,
rostete,
rost,
roste,
rostet,
haben,
sein,
entfallen,
entfalle,
entfällst,
entfällt,
entfiel,
entfallen,
entfiele,
entfalle,
entfallt,
sein,
tratschen,
tratsche,
tratschst,
tratscht,
tratscht,
tratschte,
getratscht,
tratschte,
tratsche,
tratscht,
haben,
erdulden,
erdulde,
erduldest,
erduldet,
erduldete,
erduldet,
erduldete,
erduld,
erdulde,
erduldet,
haben,
drosseln,
drossle,
drossele,
drosselst,
drosselt,
drosselte,
gedrosselt,
drosselte,
drossle,
drossele,
drosselt,
haben,
schälen,
schäle,
schälst,
schält,
schälte,
geschält,
schälte,
schäl,
schält,
haben,
auseinandersetzen,
setze auseinander,
setzt auseinander,
setzt auseinander,
setzte auseinander,
auseinandergesetzt,
setzte auseinander,
setz auseinander,
setzt auseinander,
haben,
filzen,
filze,
filzt,
filzt,
filzte,
gefilzt,
filzte,
filze,
filz,
filzt,
haben,
benützen,
benütze,
benützt,
benützt,
benützte,
benützt,
benützte,
benütze,
benützt,
haben,
entflammen,
entflamme,
entflammst,
entflammt,
entflammte,
entflammt,
entflammte,
entflamm,
entflamme,
entflammt,
haben,
sein,
anwidern,
widere an,
wider an,
widerst an,
widert an,
widerte an,
angewidert,
widerte an,
widere an,
wider an,
widert an,
haben,
ausschütten,
schütte aus,
schüttest aus,
schüttet aus,
schüttete aus,
ausgeschüttet,
schüttete aus,
schütt aus,
schütte aus,
schüttet aus,
haben,
befummeln,
befummele,
befummelst,
befummelt,
befummelte,
befummelt,
befummelte,
befummel,
befummle,
befummelt,
haben,
entsinnen,
entsinne,
entsinnst,
entsinnt,
entsann,
entsonnen,
entsänne,
entsönne,
entsinn,
entsinne,
entsinnt,
haben,
kurzschließen,
schließe kurz,
schließt kurz,
schließt kurz,
schloss kurz,
kurzgeschlossen,
schlösse kurz,
schließ kurz,
schließe kurz,
schließt kurz,
haben,
fortpflanzen,
pflanze fort,
pflanzt fort,
pflanzt fort,
pflanzte fort,
fortgepflanzt,
pflanzte fort,
pflanz fort,
pflanze fort,
pflanzt fort,
haben,
stornieren,
storniere,
stornierst,
storniert,
stornierte,
storniert,
stornierte,
storniere,
stornier,
storniert,
haben,
flechten,
flechte,
flichtst,
flicht,
flocht,
geflochten,
flöchte,
flicht,
flechtet,
haben,
hecheln,
hechle,
hechelst,
hechelt,
hechelte,
gehechelt,
hechelte,
hechele,
hechle,
hechelt,
haben,
übertrumpfen,
übertrumpfe,
übertrumpfst,
übertrumpft,
übertrumpfte,
übertrumpft,
übertrumpfte,
übertrumpfe,
übertrumpft,
haben,
tunneln,
tunnele,
tunnelst,
tunnelt,
tunnelte,
getunnelt,
tunnelte,
tunnele,
tunnelt,
haben,
abrasieren,
rasiere ab,
rasierst ab,
rasiert ab,
rasierte ab,
abrasiert,
rasierte ab,
rasier ab,
rasiere ab,
rasiert ab,
haben,
abmelden,
melde ab,
meldest ab,
meldet ab,
meldete ab,
abgemeldet,
meldete ab,
meld ab,
melde ab,
meldet ab,
haben,
krausen,
krause,
kraust,
kraust,
krauste,
gekraust,
krauste,
kraus,
krause,
kraust,
haben,
verfassen,
verfasse,
verfasst,
verfasst,
verfasste,
verfasst,
verfasste,
verfass,
verfasse,
verfasst,
haben,
durcharbeiten,
arbeite durch,
arbeitest durch,
arbeitet durch,
arbeitete durch,
durchgearbeitet,
arbeitete durch,
arbeite durch,
arbeit durch,
arbeitet durch,
haben,
weiterkämpfen,
kämpfe weiter,
kämpfst weiter,
kämpft weiter,
kämpfte weiter,
weitergekämpft,
kämpfte weiter,
kämpf weiter,
kämpfe weiter,
kämpft weiter,
haben,
schüren,
schüre,
schürst,
schürt,
schürte,
geschürt,
schürte,
schüre,
schür,
schürt,
haben,
knattern,
knattere,
knatterst,
knattert,
knatterte,
geknattert,
knatterte,
knattere,
knatter,
knattert,
haben,
feilen,
feile,
feilst,
feilt,
feilte,
gefeilt,
feilte,
feile,
feil,
feilt,
haben,
patrouillieren,
patrouilliere,
patrouillierst,
patrouilliert,
patrouillierte,
patrouilliert,
patrouillierte,
patrouilliere,
patrouillier,
patrouilliert,
haben,
sein,
pauken,
pauke,
paukst,
paukt,
paukte,
gepaukt,
paukte,
pauk,
pauke,
paukt,
haben,
benebeln,
benebel,
benebelst,
benebelt,
benebelte,
benebelt,
benebelte,
benebel,
beneble,
benebelt,
haben,
ausweiten,
weite aus,
weitest aus,
weitet aus,
weitete aus,
ausgeweitet,
weitete aus,
weit aus,
weite aus,
weitet aus,
haben,
trachten,
trachte,
trachtest,
trachtet,
trachtete,
getrachtet,
trachtete,
tracht,
trachte,
trachtet,
haben,
fliesen,
fliese,
fliest,
fliest,
flieste,
gefliest,
flieste,
flies,
fliese,
fliest,
haben,
gutheißen,
heiße gut,
heißt gut,
heißt gut,
hieß gut,
gutgeheißen,
hieße gut,
heiß gut,
heiße gut,
heißt gut,
haben,
vermiesen,
vermiese,
vermiest,
vermiest,
vermieste,
vermiest,
vermieste,
vermies,
vermiese,
vermiest,
haben,
abblitzen,
blitze ab,
blitzt ab,
blitzt ab,
blitzte ab,
abgeblitzt,
blitzte ab,
blitze ab,
blitz ab,
blitzt ab,
haben,
sein,
latschen,
latsche,
latschst,
latscht,
latschte,
gelatscht,
latschte,
latsche,
latscht,
sein,
gurren,
gurre,
gurrst,
gurrt,
gurrte,
gegurrt,
gurrte,
gurre,
gurrt,
haben,
aufsagen,
sage auf,
sagst auf,
sagt auf,
sagte auf,
aufgesagt,
sagte auf,
sag auf,
sagt auf,
haben,
bekanntgeben,
gebe bekannt,
gibst bekannt,
gibt bekannt,
gab bekannt,
bekanntgegeben,
gäbe bekannt,
gib bekannt,
gebt bekannt,
haben,
abenteuern,
abenteuere,
abenteure,
abenteuerst,
abenteuert,
abenteuerte,
geabenteuert,
abenteuerte,
abenteuere,
abenteure,
abenteuert,
sein,
feilschen,
feilsche,
feilschst,
feilscht,
feilscht,
feilschte,
gefeilscht,
feilschte,
feilsche,
feilschet,
haben,
wedeln,
wedele,
wedle,
wedelst,
wedelt,
wedelte,
gewedelt,
wedelte,
wedele,
wedle,
wedelt,
haben,
sein,
chillen,
chille,
chillst,
chillt,
chillte,
gechillt,
chillte,
chill,
chillt,
haben,
generieren,
generiere,
generierst,
generiert,
generierte,
generiert,
generierte,
generier,
generiere,
generiert,
haben,
hemmen,
hemme,
hemmst,
hemmt,
hemmte,
gehemmt,
hemmte,
hemm,
hemme,
hemmt,
haben,
runterfallen,
falle runter,
fällst runter,
fällt runter,
fiel runter,
runtergefallen,
fiele runter,
fall runter,
falle runter,
fallt runter,
sein,
wohlwollen,
will wohl,
willst wohl,
will wohl,
wollte wohl,
wohlgewollt,
wollte wohl,
haben,
einschreiten,
schreite ein,
schreitest ein,
schreitet ein,
schritt ein,
eingeschritten,
schritte ein,
schreit ein,
schreite ein,
schreitet ein,
sein,
verrechnen,
verrechne,
verrechnest,
verrechnet,
verrechnete,
verrechnet,
verrechnete,
verrechne,
verrechnet,
haben,
lotsen,
lotse,
lotst,
lotst,
lotste,
gelotst,
lotste,
lots,
lotse,
lotst,
haben,
aufhetzen,
hetze auf,
hetzt auf,
hetzt auf,
hetzte auf,
aufgehetzt,
hetzte auf,
hetz auf,
hetze auf,
hetzt auf,
haben,
ölen,
öle,
ölst,
ölt,
ölte,
geölt,
ölte,
öle,
ölt,
haben,
schwindeln,
schwindele,
schwindelst,
schwindelt,
schwindelte,
geschwindelt,
schwindelte,
schwindele,
schwindelt,
haben,
sägen,
säge,
sägst,
sägt,
sägte,
gesägt,
sägte,
säge,
sägt,
haben,
entweichen,
entweiche,
entweichst,
entweicht,
entwich,
entwichen,
entwiche,
entweiche,
entweicht,
sein,
abklären,
kläre ab,
klärst ab,
klärt ab,
klärte ab,
abgeklärt,
klärte ab,
klär ab,
kläre ab,
klärt ab,
haben,
knebeln,
knebele,
knebelst,
knebelt,
knebelte,
geknebelt,
knebelte,
knebele,
knebelt,
haben,
entrinnen,
entrinne,
entrinnst,
entrinnt,
entrann,
entronnen,
entränne,
entrönne,
entrinn,
entrinne,
entrinnt,
sein,
eintauchen,
tauche ein,
tauchst ein,
taucht ein,
tauchte ein,
eingetaucht,
tauchte ein,
tauch ein,
tauche ein,
taucht ein,
haben,
sein,
erleuchten,
erleuchte,
erleuchtest,
erleuchtet,
erleuchtete,
erleuchtet,
erleuchtete,
erleuchte,
erleuchtet,
haben,
aufrechterhalten,
erhalte aufrecht,
erhältst aufrecht,
erhält aufrecht,
erhielt aufrecht,
aufrechterhalten,
erhielte aufrecht,
erhalte aufrecht,
erhaltet aufrecht,
haben,
bevölkern,
bevölkere,
bevölkerst,
bevölkert,
bevölkerte,
bevölkert,
bevölkerte,
bevölkere,
bevölkert,
haben,
reinplatzen,
platze rein,
platzt rein,
platzt rein,
platzte rein,
reingeplatzt,
platzte rein,
platz rein,
platze rein,
platzt rein,
sein